"variable","block","days_since_first_emission","days_since_identity_change","days_since_owner_change","days_since_registration","project_age_days","team_n_subnets","doc_contributing","doc_incentive_desc","doc_license","doc_miner_guide","doc_readme","doc_requirements","doc_score","doc_site","doc_validator_guide","gh_active_days_30d_org","gh_authors_30d_org","gh_authors_90d_org","gh_commits_30d_org","gh_commits_30d_repo","gh_contributors_alltime_repo","gh_days_since_push","gh_prs_merged_30d_org","gh_releases_repo","gh_repo_age_days","gh_forks_repo","gh_stars_org","gh_stars_repo","api_public","mcp_server","product_live","team_named","website_live","whitepaper_available","wp_formal_mechanism","wp_named_authors","wp_pages","wp_references","exploit26_mentions_n","exploit26_presented","exploit26_sessions_n","kol_accounts_90d","kol_neg_posts_30d","kol_neg_posts_90d","kol_pos_posts_30d","kol_pos_posts_90d","kol_posts_30d","kol_posts_90d","podcast_bittensor_guru_12m","podcast_days_since_last","podcast_episodes_12m","podcast_hash_rate_12m","podcast_novelty_search_12m","podcast_revenue_search_12m","podcast_shows_12m","podcast_ventura_labs_12m","x_account_age_days","x_followers","x_posts_30d","x_posts_original_30d","miner_paid_days_30d","miners_active_now","miners_distinct_ips_30d","miners_lineage_clusters_best_30d","miners_lineage_clusters_ub_30d","miners_paid_coldkeys_30d","miners_paid_hotkeys_30d","uids_immune_share_now","uids_registered_now","miner_hhi_coldkey_30d","miner_hhi_lineage_best_30d","miner_top1_share_30d","owner_linked_incentive_share_30d","burn_mean_30d","burn_now","burn_time_share_ge50_30d","owner_validator_div_share","stake_share_owner_validator","validator_stake_hhi","validators_n","alpha_burned_share","owner_alpha_share_issued","owner_cut_autolock","owner_lock_perpetual","owner_lock_share_owner_alpha","ownerhk_lock_share_issued","owner_bought_any_90d","owner_buy_tao_30d","owner_cut_sold_ratio_30d","owner_net_buy_tao_30d","owner_net_buy_tao_90d","owner_sell_tao_30d","basket_alpha_share_issued","basket_net_buy_tao_30d","baskets_net_buyers_n_30d","emission_flag_on_share_30d","tao_emission_on_share_30d","reg_cost_tao_mean_30d","reg_cost_tao_now","reg_recycled_tao_30d","registrations_30d","commit_reveal_on","liquid_alpha_on","max_neurons","mech_count","yuma3_on","holders_hhi","holders_positions_n","holders_top10_share","gh_active_days_lag30_org","gh_authors_lag30_org","gh_commits_lag30_org","gh_commits_lag30_repo","gh_prs_merged_lag30_org","kol_neg_posts_lag30","kol_pos_posts_lag30","kol_posts_lag30","podcast_episodes_12m_lag30","x_posts_lag30","x_posts_original_lag30","miner_paid_days_lag30","miners_paid_coldkeys_lag30","miners_paid_hotkeys_lag30","miner_hhi_coldkey_lag30","miner_top1_share_lag30","burn_mean_lag30","burn_time_share_ge50_lag30","owner_validator_div_share_lag30","stake_share_owner_validator_lag30","validator_stake_hhi_lag30","validators_n_lag30","alpha_burned_share_lag30","owner_alpha_share_issued_lag30","owner_lock_share_owner_alpha_lag30","ownerhk_lock_share_issued_lag30","owner_cut_sold_ratio_lag30","owner_net_buy_tao_lag30","emission_flag_on_share_lag30","tao_emission_on_share_lag30","reg_cost_tao_mean_lag30","registrations_lag30"
"days_since_first_emission","age",1,0.54,0.4875,0.9301,0.6065,0.2624,0.1891,0.0215,0.0528,0.1965,,0.2341,0.2677,0.1626,0.1744,-0.0231,0.0196,0.0424,-0.0625,-0.191,0.4344,0.0112,0.0757,0.0554,0.4806,0.3681,0.4593,0.3785,0.1623,0.1225,0.1774,0.0292,0.1984,0.034,-0.1416,0.0813,-0.1119,-0.059,0.1606,0.1089,0.1462,0.2048,-0.045,-0.1201,0.1819,0.1527,0.1692,0.184,0.1185,0.2926,0.3671,0.1754,0.1692,0.2605,0.3603,0.1176,0.4179,0.456,0.1032,0.0703,0.275,0.2686,0.144,0.1365,0.1581,0.1707,0.1935,0.1394,0.4333,-0.1924,-0.2084,-0.21,-0.0518,-0.0949,-0.0374,-0.0532,-0.3423,-0.3172,0.0027,0.3666,-0.1578,-0.139,-0.0499,0.0454,0.001,0.2394,-0.1811,-0.1382,-0.205,0.0682,0.0431,-0.1872,-0.8458,0.4614,0.3241,0.3248,0.3129,-0.2587,-0.1852,-0.0266,0.098,-0.1852,-0.0191,0.076,-0.0079,-0.5205,-0.2425,0.7,-0.293,0.0209,0.1403,0.0449,-0.0116,0.241,0.04,0.0767,0.1056,0.4066,0.0687,0.0401,0.1676,0.1873,0.1784,-0.027,-0.022,-0.0412,-0.0363,-0.3366,-0.35,0.015,0.2983,-0.2175,-0.1903,0.0178,0.2612,0.0201,-0.0511,0.2797,0.2516,-0.2442,0.0503
"days_since_identity_change","age",0.54,1,0.5349,0.481,0.8532,0.1267,0.1648,0.1944,0.0417,0.2612,,0.3509,0.3731,0.3011,0.2174,-0.0764,0.0138,0.0977,-0.1479,-0.2838,0.3943,0.3313,-0.027,0.0527,0.7975,0.6344,0.4945,0.5662,0.2733,0.1205,0.2112,0.0715,0.3027,0.0456,-0.1734,0.1902,-0.1213,-0.183,0.1684,0.187,0.2097,0.3692,0.0389,0.1129,0.191,0.3241,0.2411,0.3653,0.1979,0.2978,0.4658,0.1735,0.2013,0.3696,0.4532,0.212,0.3574,0.5586,0.0706,0.0394,0.4202,0.3179,0.2244,0.1179,0.1281,0.2423,0.2703,0.0974,0.1996,-0.1503,-0.2053,-0.1788,0.033,-0.3244,-0.2321,-0.3142,-0.0013,-0.1576,0.1817,0.1554,-0.3952,0.0791,0.0559,0.0552,-0.0155,0.249,-0.0996,0.0498,-0.1545,0.1485,0.2171,-0.1379,-0.4541,0.1901,0.2213,0.3555,0.3944,-0.187,-0.1583,0.062,0.1011,-0.1994,0.0105,-0.0459,0.0456,-0.2889,-1e-04,0.5596,-0.0458,0.066,0.226,0.0585,0.0058,0.1221,0.053,0.1995,0.2511,0.5676,0.2281,0.1917,0.3284,0.3025,0.3042,-0.1872,-0.199,-0.3072,-0.2855,-0.0032,-0.1141,0.1383,0.057,-0.4065,0.0012,0.0739,0.2942,-0.1896,0.1441,0.389,0.3898,-0.1462,0.1084
"days_since_owner_change","age",0.4875,0.5349,1,0.4964,0.6791,0.1923,0.1156,0.0825,0.0538,0.08,,0.3571,0.2636,0.1255,0.1563,-0.1771,0.0176,0.0667,-0.1662,-0.367,0.2511,0.2893,-0.0531,-0.0811,0.4895,0.3061,0.3252,0.2751,0.1863,0.1952,0.1829,-0.0427,0.2923,-0.1225,-0.077,-0.2789,0.0055,0,0.0117,0.1141,0.201,0.0891,0.0068,-0.1267,-0.0149,0.026,-0.015,0.0136,0.2518,0.2924,0.5433,0.3463,0.1576,0.3568,0.5437,0.168,0.3239,0.3305,0.1514,0.1256,0.3858,0.3911,-0.2419,0.0607,0.1293,0.2375,0.2798,0.1502,0.3688,-0.2352,-0.0448,-0.2711,-0.1459,-0.1901,-0.1627,-0.1256,-0.2579,-0.3122,0.049,0.1319,-0.1172,0.0082,-0.0202,-0.0286,-0.1563,0.1307,-0.1512,0.0739,-0.0259,0.0212,0.0192,-0.0186,-0.3796,0.205,0.0879,0.3104,0.352,-0.3065,-0.2848,0.021,0.1604,-0.0164,-0.0814,0.1817,0.0812,-0.1047,0.0945,0.454,0.1276,-0.0617,0.086,-0.0304,-0.1463,0.0972,-0.1845,0.0056,0.0415,0.566,0.1799,0.1598,0.2697,0.3357,0.3376,-0.1176,-0.1215,-0.1285,-0.0429,-0.2247,-0.2311,0.0805,0.1126,-0.1261,-0.0318,-0.0966,0.1593,0.0106,-0.117,0.3569,0.3674,-0.2457,0.1166
"days_since_registration","age",0.9301,0.481,0.4964,1,0.6158,0.2928,0.1291,-0.0301,0.0457,0.1466,,0.1619,0.1993,0.1554,0.1651,-0.0726,-0.0274,0.0272,-0.0925,-0.2303,0.4173,0.0574,0.0446,0.0949,0.443,0.3705,0.4605,0.3908,0.2448,0.1681,0.1802,0.0839,0.2059,0.0221,-0.2653,0.1468,-0.0645,-0.0273,0.1457,0.1415,0.1802,0.2387,-0.0583,-0.0974,0.1453,0.1517,0.1575,0.2136,0.1858,0.3177,0.3606,0.1916,0.1636,0.1959,0.3565,0.1314,0.3471,0.3788,0.0806,0.0674,0.3017,0.2585,-0.0178,0.0897,0.1202,0.1834,0.2173,0.1477,0.4953,-0.1542,-0.1173,-0.1804,-0.0714,-0.0468,0.0015,-0.0065,-0.3775,-0.2821,-0.0622,0.4072,-0.0146,-0.0094,-0.057,0.0698,-0.0292,0.2404,-0.1397,-0.1459,-0.1851,0.0351,0.0055,-0.1402,-0.6735,0.3225,0.3022,0.3216,0.3038,-0.2633,-0.1994,-0.0174,0.1169,-0.1836,-9e-04,0.1524,-0.017,-0.5327,-0.2478,0.7063,-0.287,-0.0091,0.1241,0.0187,-0.079,0.208,0.0538,0.0529,0.1318,0.3951,0.1012,0.0709,0.1892,0.1916,0.1927,-0.0065,-0.0103,0.0037,0.0089,-0.3656,-0.3514,-0.0199,0.3426,-0.1157,-0.1022,-0.0167,0.2192,0.0215,-0.0644,0.2756,0.2386,-0.2258,0.0454
"project_age_days","age",0.6065,0.8532,0.6791,0.6158,1,0.1906,0.2237,0.1072,0.0942,0.232,,0.3685,0.3822,0.2713,0.226,-0.0807,-0.015,0.0867,-0.1504,-0.3349,0.5417,0.2044,0.0367,0.1992,0.802,0.6515,0.6349,0.6135,0.2615,0.1674,0.2509,0.0783,0.3215,-0.0074,-0.1206,0.1769,-0.0595,-0.0546,0.2579,0.2122,0.2477,0.3495,-0.017,-0.0115,0.1977,0.2762,0.2236,0.3194,0.1995,0.2475,0.5124,0.337,0.3086,0.2582,0.5049,0.1043,0.4028,0.6004,0.1248,0.1142,0.5345,0.4858,0.1027,0.1315,0.1773,0.3766,0.4215,0.1371,0.3885,-0.2622,-0.2151,-0.2797,-0.0246,-0.2741,-0.1817,-0.2221,-0.1301,-0.0785,0.104,0.2242,-0.1826,0.2365,0.0063,0.0811,-0.0353,0.2784,-0.1071,-0.037,-0.2593,0.1606,0.1841,-0.2187,-0.3915,0.1464,0.3243,0.3954,0.4711,-0.1994,-0.1512,0.0736,0.1131,-0.1487,-0.0074,0.0831,0.012,-0.4048,0.0206,0.6767,-0.0526,0.0181,0.2149,0.0281,-0.0612,0.1935,-0.0175,0.1527,0.2029,0.5555,0.26,0.2396,0.4465,0.3958,0.4152,-0.1894,-0.211,-0.291,-0.24,-0.1221,-0.1036,0.1404,0.1618,-0.2654,0.1787,0.0194,0.2824,-0.1531,0.1362,0.3799,0.445,-0.0933,0.142
"team_n_subnets","age",0.2624,0.1267,0.1923,0.2928,0.1906,1,0.0476,0.0639,-0.0358,0.1273,,-0.0051,0.0547,0.126,-0.176,0.0261,0.036,0.0567,0.007,-0.1386,0.0964,0.0646,0.1021,-0.001,0.0224,0.0608,0.2316,0.0615,-0.0286,-0.0307,-0.0399,0.1068,0.0759,-0.0867,0.266,0.0373,0.3028,0.0675,0.123,0.1514,0.2121,0.125,-0.0702,-0.0053,-0.0705,-0.0277,0.0066,0.0952,0.1564,0.0617,0.1059,-0.0086,0.1147,-0.0868,0.1151,0.0069,-0.0236,0.0863,0.0664,0.0989,0.1677,0.0914,-0.2508,-0.056,-0.0549,-0.0205,-0.0133,-0.1593,0.1575,0.0362,0.0202,0.0481,-0.0372,-0.0585,-0.0269,-0.0456,-0.1788,-0.2802,0.1579,0.0708,-0.0571,-9e-04,-0.1314,-0.0588,-0.1543,-0.0538,-0.1477,-0.1136,-0.0709,0.0021,-0.0833,-0.061,-0.2245,0.0803,0.1562,0.0665,0.1371,-0.0883,-0.0865,-0.0221,-0.0174,0.0112,0.0846,0.0788,-0.0867,-0.1738,-0.0589,0.1912,-0.0305,0.0335,0.1177,0.0577,-0.0474,0.0987,0.0878,-0.0041,0.0286,0.1474,0.058,-0.0233,0.0816,-0.0143,-0.0195,0.0366,0.0483,0.0061,7e-04,-0.1438,-0.2748,0.078,0.0725,-0.0748,-0.0426,-0.1427,-0.0759,0.0772,-0.1208,0.119,0.1031,-0.0791,0.0079
"doc_contributing","development",0.1891,0.1648,0.1156,0.1291,0.2237,0.0476,1,0.1664,0.3636,0.0225,,0.3084,0.7268,0.392,0.2253,0.1244,0.1086,0.0198,0.1136,0.1289,0.2432,-0.0481,0.1125,0.2489,0.2533,0.1494,0.2589,0.1633,0.1401,0.1931,0.174,0.0773,0.0695,0.2701,-0.0796,0.0055,0.0639,0.0099,-0.0224,0.0219,0.028,-0.0647,-0.0664,-0.0253,-0.0967,0.0604,-0.0814,-0.0408,0.0246,0.0473,0.0668,-0.0087,0.1945,-0.0874,0.061,0.0693,0.0356,0.0567,0.1008,0.1431,0.0964,0.091,0.2629,0.0631,0.0969,0.123,0.1207,-0.1873,-0.0938,-0.0864,0.0056,-0.0741,0.0103,0.0398,0.1676,0.0515,-0.0573,-0.108,0.1193,-0.0307,-0.1987,-0.1802,0.0888,-0.0454,-0.0886,0.0767,0.1557,0.1211,-0.1876,0.2449,0.2635,-0.1932,-0.1642,0.0189,-0.0808,-0.0498,0.0209,0.0784,0.1047,-0.0554,-0.1668,0.1575,0.124,0.0269,-0.1679,-0.0133,-0.0276,-0.0907,0.0502,0.0772,0.0344,0.0791,0.1424,0.0724,-0.1447,-0.0266,-0.0727,0.0718,0.1285,0.1771,0.1161,0.0993,0.1193,0.0186,-0.0144,0.0664,0.0334,-0.0815,-0.0131,0.1104,-0.0491,-0.1684,-0.1307,-0.033,0.1681,-0.1934,0.3002,0.0249,0.0065,0.1335,-0.0886
"doc_incentive_desc","development",0.0215,0.1944,0.0825,-0.0301,0.1072,0.0639,0.1664,1,0.1755,0.1491,,0.2773,0.5339,0.0271,0.1211,0.0603,0.0633,0.139,0.0364,0.0163,0.1794,0.0705,-0.0399,0.0708,0.2309,0.1676,0.1471,0.1894,0.0813,0.1916,0.1226,0.1729,-0.054,0.0813,0.127,-0.2015,0.358,-0.3622,-0.0961,0.0053,-0.0119,-0.1597,0.0516,-0.0029,-0.0539,-0.0726,-0.1137,-0.1229,-0.0362,0.0664,0.0859,-0.0679,0.1045,0.055,0.0948,0.1891,0.0041,-0.0887,-0.0739,-0.0455,0.1693,0.1779,0.0463,0.0719,0.1001,0.1718,0.1983,-0.043,0.0459,-0.1134,-0.0862,-0.0902,-0.0087,-0.0776,-0.0421,-0.0384,0.1904,0.2366,0.1677,-0.1883,-0.0903,0.1886,-0.1148,0.0667,0.0768,0.0847,0.1372,0.1482,0.0545,0.0288,0.0226,0.0511,-0.0999,0.0642,-0.1471,0.0422,0.0984,0.1383,0.1357,0.1829,-0.0106,-0.0224,-0.1491,-0.0137,-0.1549,-0.126,0.1225,-0.0883,0.1171,0.1421,0.1661,0.1377,0.1813,0.1387,-0.1038,-0.0524,-0.0829,0.1156,0.0198,0.0816,0.1075,0.1338,0.2068,-0.1083,-0.128,-0.0713,-0.0593,0.1375,0.2888,0.1006,-0.0415,-0.093,0.1646,0.0315,0.0331,-0.0388,0.0823,-0.0126,0.0616,0.2043,0.1774
"doc_license","development",0.0528,0.0417,0.0538,0.0457,0.0942,-0.0358,0.3636,0.1755,1,-0.0063,,0.2154,0.5757,0.0982,0.3669,0.2118,0.2476,0.2041,0.1814,0.1074,0.2651,-0.0387,0.2047,0.1129,0.1764,0.1582,0.2492,0.1937,0.2998,0.1978,0.1587,0.0755,0.0129,0.2032,-0.133,0.0231,0.0565,0.2427,-0.0206,0.1897,0.1544,0.091,0.0044,0.0854,0.0804,0.1211,0.1444,0.1256,-0.0768,-0.0969,0.1631,0.0784,0.2009,0.0701,0.176,0.0408,-0.0109,-0.0724,-0.0371,0.0463,-0.0197,0.0414,0.2383,0.0428,0.0468,0.1067,0.0958,-0.1402,-0.1286,-4e-04,0.1074,0.027,0.0659,0.0332,0.072,0.0933,-0.1014,-0.0631,-0.0325,0.0253,0.0106,-0.133,0.1043,-0.0849,-0.1034,-0.0325,0.2037,0.1708,-0.1649,0.2287,0.2129,-0.1658,-0.0099,0.0183,-0.0421,-0.0129,-0.0672,-0.0829,-0.1194,-0.0906,-0.0862,0.135,0.1709,0.0302,-0.1097,0.0107,-0.1054,-0.0223,-0.0624,0.1301,0.1207,0.1256,0.0509,0.1513,-0.029,0.055,0.1039,0.1265,-0.0611,0.0033,0.0506,0.0291,0.0548,-0.0192,-0.0427,0.0558,0.0733,-0.1002,-0.0882,-0.023,0.0042,0.017,-0.1302,-0.1069,-0.0377,-0.1838,0.2252,0.0898,0.0611,-0.0242,-0.0536
"doc_miner_guide","development",0.1965,0.2612,0.08,0.1466,0.232,0.1273,0.0225,0.1491,-0.0063,1,,0.124,0.2253,-0.0485,0.2527,-0.0566,-0.0569,0.0341,-0.0361,-0.0916,0.121,0.0385,-0.0904,0.0371,0.1412,0.1486,0.1372,0.1147,0.1135,-0.0264,0.2424,0.1258,0.2093,0.0342,0.0476,0.168,0.3711,0.3019,0.0786,0.0529,0.0705,0.0875,0.0577,0.0833,-0.0264,0.0216,0.0187,0.0895,0.0404,0.2176,0.1937,0.0823,0.0627,0.1231,0.1911,0.1139,0.0105,0.1064,-0.0201,-0.0192,0.291,0.076,,-0.1036,-0.0867,0.0541,0.1203,0.047,0.1261,-0.0682,0.0154,-0.0938,0.0037,-0.2076,-0.0408,-0.1871,0.0068,-0.0695,0.0793,-0.0078,-0.3354,0.1815,-0.1678,0.0745,-0.026,0.024,-0.1354,-0.0598,-0.1839,0.1088,0.0989,-0.1713,-0.2007,0.0433,0.0346,0.1942,0.2258,0.0793,0.1329,0.0991,-0.0198,-0.0939,0.0833,-0.0497,0.0577,-0.1338,0.0927,0.0649,0.0098,0.0375,0.0806,0.0453,0.0176,0.0229,0.0498,0.071,0.137,0.1678,0.0297,-0.014,0.2954,0.142,0.1748,-0.0781,-0.0707,-0.1528,-0.1162,0.092,0.005,0.0805,0.005,-0.3294,0.0743,-0.0054,0.0173,-0.2264,0.1472,0.2491,0.2131,0.0223,0.096
"doc_readme","development",,,,,,,,,,,,,,,,,,,,,,,,,,,,,,,,,,,,,,,,,,,,,,,,,,,,,,,,,,,,,,,,,,,,,,,,,,,,,,,,,,,,,,,,,,,,,,,,,,,,,,,,,,,,,,,,,,,,,,,,,,,,,,,,,,,,,,,,,,,,,
"doc_requirements","development",0.2341,0.3509,0.3571,0.1619,0.3685,-0.0051,0.3084,0.2773,0.2154,0.124,,1,0.6255,0.0349,0.2826,-0.101,-0.1284,-0.0915,-0.138,-0.2424,0.105,0.1798,-0.1407,8e-04,0.3184,0.1631,0.0935,0.1401,0.0331,0.1419,0.1058,0.0322,0.0881,0.1631,0.1931,-0.253,-0.0587,-0.3049,-0.0439,0.0195,0.0195,-0.0297,0.0664,-0.062,-0.0282,0.1229,-0.0737,-0.005,0.1176,0.0945,0.2124,0.0087,0.1899,0.0874,0.2241,0.0451,0.0783,0.0671,0.1127,0.2046,0.2213,0.1854,0.0218,-0.0438,-0.0185,0.0755,0.095,-0.0742,-0.0433,-0.0425,-4e-04,-0.065,-0.0288,-0.0854,0.0171,-0.0797,0.0306,-0.0748,0.1415,0.0721,-0.0784,-0.0423,0.189,0.126,0.1233,0.1167,-0.0287,0.0211,-0.0746,0.0473,0.02,-0.0715,-0.2517,0.2276,-0.0907,-0.0328,0.0679,0.0192,0.0575,-0.0507,-0.2023,0.1067,0.0958,-0.1447,-0.1367,0.0133,0.0755,0.0657,0.1397,-0.1253,-0.0545,-0.1243,-0.1204,-0.0921,-0.2053,0.1241,0.0352,0.2502,0.0798,0.2341,0.1485,0.1578,0.1768,-0.0069,-0.0077,-0.0422,-0.028,0.0232,0.0021,0.134,0.0737,-0.0511,0.0311,0.1156,0.1482,-0.0182,0.0548,0.0021,0.086,0.0849,-0.0717
"doc_score","development",0.2677,0.3731,0.2636,0.1993,0.3822,0.0547,0.7268,0.5339,0.5757,0.2253,,0.6255,1,0.461,0.4755,0.1398,0.1733,0.1738,0.1014,-0.0031,0.3839,0.0482,0.0982,0.2497,0.4178,0.3099,0.3906,0.3247,0.1988,0.2623,0.1756,0.1579,0.0699,0.2523,-0.0302,0.0048,0.1326,-0.111,-0.032,0.1333,0.1302,0.0387,0.0442,0.0709,0.0227,0.1507,0.0353,0.0825,0.0846,0.0197,0.2493,0.0729,0.2717,0.0222,0.2556,0.1337,0.1069,0.1147,0.1001,0.1894,0.2514,0.1934,0.309,0.0529,0.081,0.1866,0.2147,-0.1409,0.0131,-0.088,-0.0114,-0.075,0.027,-0.0515,0.0586,0.0077,-0.04,-0.0508,0.1366,0.0272,-0.1436,-0.0343,0.1018,0.0554,0.0216,0.1826,0.1037,0.1089,-0.1871,0.2109,0.1961,-0.1878,-0.2596,0.1103,-0.0555,0.0198,0.0975,0.0223,0.0644,-0.0177,-0.166,0.1269,0.1756,-0.0132,-0.2076,-0.0614,-0.0037,0.0026,0.0557,0.1409,0.2016,0.1584,0.1297,0.1876,-0.129,0.095,0.0747,0.2469,0.1674,0.26,0.2045,0.1671,0.2147,0.0043,-0.0214,-0.0146,0.0095,-0.0658,0.0244,0.1093,0.0084,-0.1313,-0.0227,0.0325,0.1993,-0.2084,0.2811,0.0921,0.1137,0.0965,0.0029
"doc_site","development",0.1626,0.3011,0.1255,0.1554,0.2713,0.126,0.392,0.0271,0.0982,-0.0485,,0.0349,0.461,1,0.0874,0.2504,0.3439,0.3052,0.2489,0.151,0.3876,-0.1008,0.2719,0.3441,0.2591,0.2885,0.4219,0.3144,-0.0195,0.0689,-0.1161,0.008,0.1794,0.0268,-0.2743,0.2015,-0.0651,-0.0755,-0.0029,0.1587,0.179,0.1995,-0.021,0.1273,0.1624,0.1685,0.2159,0.2158,0.2149,-0.09,0.1556,0.1658,0.1778,-0.1613,0.1368,-0.0107,0.1055,0.2322,0.2057,0.2025,0.2032,0.11,0.4378,0.0914,0.0644,0.0992,0.1065,-0.0518,0.1554,-0.0084,-0.0929,-0.0013,0.0591,-0.0061,-0.0215,0.0324,-0.2042,-0.0876,-0.0284,0.1975,-0.0364,0.0259,0.0985,0.0597,0.0463,0.286,0.0493,-0.0265,-0.1717,0.1378,0.1051,-0.1684,-0.1082,-0.0473,0.2035,0.1042,0.157,-0.1401,-0.1012,-0.0952,-0.0525,-0.031,0.2852,0.1123,-0.1303,-0.0513,-0.0701,0.1078,-0.0502,0.2779,0.3658,0.3228,0.2197,0.3297,0.0133,0.0741,0.0944,0.1265,0.2627,0.2086,0.0859,0.0232,0.0112,0.0045,-0.0126,0.0337,0.0623,-0.2294,-0.0795,0.004,0.0545,-0.0615,-0.0127,0.0958,0.3022,-0.0969,0.1191,0.0852,0.0636,-0.067,0.0348
"doc_validator_guide","development",0.1744,0.2174,0.1563,0.1651,0.226,-0.176,0.2253,0.1211,0.3669,0.2527,,0.2826,0.4755,0.0874,1,0.0339,0.0747,0.1107,0.0073,-0.0831,0.1333,-0.0026,0.1105,0.1089,0.2317,0.0947,0.1982,0.0983,0.161,0.1146,0.0591,0.0631,0.1557,0.0923,-0.2287,-0.1365,-0.175,0.0283,-0.0681,0.1126,0.1265,0.1409,0.0688,0.0992,0.1121,0.144,0.1041,0.136,0.0482,-0.2266,0.2117,0.1921,0.1028,0.06,0.2356,0.1356,0.1605,0.143,0.1581,0.1817,0.1257,0.1249,0.2794,-0.024,-0.0067,0.1725,0.185,-0.0171,-0.0244,0.044,0.1162,0.048,0.0478,-0.0596,-0.0376,-0.0066,-0.0494,0.0624,0.0078,-0.0267,0.0995,0.0026,0.1059,0.1372,0.1128,0.1864,-0.085,-0.0192,-0.2868,0.2176,0.239,-0.2745,-0.151,0.1291,-0.0541,0.0816,0.0457,0.0333,0.0321,-0.0386,-0.0901,0.0732,0.0993,-0.0593,0.0688,-0.0702,0.0381,0.0536,0.0264,0.0629,0.0879,0.0686,0.0011,0.2065,0.0593,0.1325,0.1998,0.1741,0.1616,0.1678,0.1329,0.148,0.1603,0.0695,0.0576,-0.0237,0.0354,-0.0485,0.0421,-0.0213,-0.0871,0.0918,0.019,0.0962,0.1713,-0.3543,0.3319,0.165,0.1245,0.0823,-0.0213
"gh_active_days_30d_org","development",-0.0231,-0.0764,-0.1771,-0.0726,-0.0807,0.0261,0.1244,0.0603,0.2118,-0.0566,,-0.101,0.1398,0.2504,0.0339,1,0.7962,0.6894,0.9591,0.7747,0.349,-0.6185,0.6867,0.1295,-0.0284,0.1841,0.2516,0.2102,0.124,0.1425,0.0114,0.1532,0.3463,0.1276,-0.109,-0.1478,0.1963,0.0664,0.2572,0.3714,0.3409,0.3155,-0.1351,-0.085,0.3672,0.2889,0.4837,0.3489,-0.0222,-0.302,0.1148,0.088,0.2079,-0.0667,0.12,0.0047,-0.0892,-0.01,0.2456,0.2563,0.1384,0.1483,0.4292,0.2484,0.1979,0.289,0.2576,0.1251,0.0304,-0.1636,-0.2064,-0.0911,0.0946,-0.1459,-0.1493,-0.1084,0.0081,-0.0122,0.014,-0.1433,-0.0192,-0.2134,0.0685,-0.0649,-0.0586,0.1506,0.1612,0.0652,0.0073,-0.0125,-0.0573,0.0168,0.2777,-0.0503,0.4536,0.2065,0.1989,0.1706,0.1469,0.3125,0.3253,0.0087,-0.0319,0.0063,0.0133,-0.1075,-0.2987,0.2149,-0.2955,0.7688,0.6389,0.783,0.6633,0.5371,-0.0575,0.1203,0.1705,0.0647,0.1985,0.1854,0.1079,0.1099,0.1223,-0.1454,-0.1298,-0.0824,-0.0618,-0.0752,-0.0543,0.0269,-0.224,-0.0187,-0.2183,-0.094,0.132,0.0855,-0.058,0.2891,0.2355,0.1541,0.2767
"gh_authors_30d_org","development",0.0196,0.0138,0.0176,-0.0274,-0.015,0.036,0.1086,0.0633,0.2476,-0.0569,,-0.1284,0.1733,0.3439,0.0747,0.7962,1,0.8707,0.7974,0.5735,0.5164,-0.5004,0.7102,0.1707,0.054,0.2719,0.3591,0.2574,0.202,0.1038,0.0888,0.0769,0.2381,0.0162,0.0043,-0.0708,-0.0571,0.0721,0.2902,0.3671,0.3681,0.3442,0.0636,0.0491,0.3769,0.2792,0.495,0.356,0.0285,-0.3714,0.1256,0.1501,0.2892,-0.1387,0.1239,-0.075,-0.0397,0.067,0.2596,0.2257,0.1221,0.089,0.2244,0.1303,0.116,0.2427,0.1849,0.0031,-0.0592,-0.0251,-0.1527,0.0424,0.2004,-0.096,-0.0791,-0.0217,-0.0498,-0.0372,-0.1466,-0.0045,-0.0141,-0.1717,0.1067,0.0135,-0.0328,0.1977,0.2682,0.1514,0.1005,-0.0534,-0.092,0.1091,0.2754,0.0376,0.4641,0.1922,0.1718,0.0331,0.0208,0.1245,0.1947,0.0562,-0.0881,-0.1032,0.0144,-0.0645,-0.2618,0.254,-0.3118,0.7116,0.7784,0.7449,0.5714,0.6529,0.0633,0.1035,0.1915,0.1042,0.2907,0.2453,0.1272,0.1282,0.0878,-0.0517,-0.0419,-0.09,-0.0462,-0.0829,-0.0294,-0.0538,-0.0857,-0.0045,-0.1631,-0.0329,0.1974,0.0917,-0.0438,0.3226,0.2602,0.0568,0.214
"gh_authors_90d_org","development",0.0424,0.0977,0.0667,0.0272,0.0867,0.0567,0.0198,0.139,0.2041,0.0341,,-0.0915,0.1738,0.3052,0.1107,0.6894,0.8707,1,0.6951,0.4363,0.5342,-0.3663,0.6694,0.1558,0.1213,0.2969,0.3933,0.2781,0.2838,0.1128,0.1718,0.1321,0.2294,-0.1213,-0.0595,0.0889,-0.1415,0.0336,0.3454,0.4152,0.4237,0.3918,0.0607,0.0229,0.3517,0.2828,0.448,0.3944,0.0779,-0.3106,0.2152,0.2487,0.305,-0.0454,0.2151,-0.0817,0.03,0.12,0.2433,0.2028,0.1711,0.0968,0.1682,0.1039,0.0805,0.2075,0.1566,0.0015,0.062,-0.008,-0.1491,0.0553,0.1489,-0.1021,-0.0781,-0.0341,-0.0483,-0.0398,-0.1271,-0.0288,-0.0393,-0.056,0.098,0.1196,0.0203,0.2129,0.1977,0.099,0.0166,-0.0255,-0.0762,0.0295,0.2337,0.0775,0.4735,0.2622,0.2045,0.0015,-0.0167,0.0732,0.1408,-0.0694,-0.0913,-0.0174,0.0346,-0.0864,-0.254,0.2911,-0.3009,0.7257,0.86,0.7639,0.5564,0.7205,0.0475,0.14,0.2577,0.1953,0.3386,0.2883,0.155,0.1128,0.0712,-0.06,-0.051,-0.0815,-0.0185,-0.0785,-0.0352,-0.0341,-0.0317,-0.037,-0.0539,0.0203,0.2179,0.0248,-0.0076,0.3454,0.2633,0.0434,0.1767
"gh_commits_30d_org","development",-0.0625,-0.1479,-0.1662,-0.0925,-0.1504,0.007,0.1136,0.0364,0.1814,-0.0361,,-0.138,0.1014,0.2489,0.0073,0.9591,0.7974,0.6951,1,0.8207,0.3353,-0.6396,0.6886,0.1763,-0.0926,0.1496,0.2175,0.1764,0.1258,0.1379,0.0201,0.1146,0.3527,0.0794,-0.1046,-0.1799,0.2831,0.0539,0.2165,0.304,0.2847,0.2627,-0.0875,-0.0444,0.3339,0.2258,0.4262,0.2982,0.0093,-0.2899,0.0646,0.0521,0.1923,-0.112,0.0659,-0.0117,-0.1412,-0.0825,0.1994,0.2006,0.075,0.0725,0.3864,0.2292,0.1764,0.2433,0.2031,0.1228,-0.0254,-0.1329,-0.1837,-0.0568,0.1075,-0.0718,-0.0763,-0.0408,0.0153,-0.0081,-0.0085,-0.1563,-0.0029,-0.2537,0.0821,-0.0785,-0.0697,0.1163,0.1496,0.0782,0.0335,-0.0138,-0.105,0.0399,0.3057,-0.052,0.3957,0.1946,0.1517,0.1863,0.1485,0.3092,0.3191,0.0188,-0.0036,0.0294,-0.0392,-0.0256,-0.3182,0.1409,-0.2879,0.7371,0.6102,0.7672,0.6456,0.5111,-0.0671,0.0952,0.1446,0.0167,0.1531,0.1285,0.0601,0.0796,0.0755,-0.1417,-0.1333,-0.0273,-0.0109,-0.0423,-0.0369,0.0347,-0.2491,0.0026,-0.2549,-0.0945,0.1082,0.1052,-0.0892,0.2628,0.1845,0.1589,0.247
"gh_commits_30d_repo","development",-0.191,-0.2838,-0.367,-0.2303,-0.3349,-0.1386,0.1289,0.0163,0.1074,-0.0916,,-0.2424,-0.0031,0.151,-0.0831,0.7747,0.5735,0.4363,0.8207,1,0.1784,-0.7825,0.5232,0.1301,-0.2653,0.0631,0.0028,0.0548,0.0697,0.0854,0.0235,0.0524,0.3033,0.105,-0.2388,-0.1616,0.17,-0.029,0.0281,0.0843,0.0449,0.1351,-0.0652,0.0111,0.25,0.1717,0.2999,0.196,-0.1275,-0.2242,-0.0498,-0.0457,0.0903,-0.1438,-0.0591,0.0264,-0.3101,-0.3153,0.0177,0.035,-0.0419,0.0251,0.221,0.2251,0.1816,0.2372,0.2126,0.1641,-0.0809,-0.1658,-0.1483,-0.1034,0.091,0.0234,-0.011,0.0371,0.0754,0.0951,0.0893,-0.216,0.0509,-0.2432,-0.0183,-0.1142,-0.0704,0.0032,0.1426,0.0465,-0.0323,0.0709,0.026,-0.0345,0.3048,-0.1572,0.1986,0.1487,0.0696,0.256,0.2079,0.3739,0.3551,0.1094,0.0886,0.0087,-0.0351,0.0779,-0.1748,-0.0412,-0.1568,0.5674,0.3632,0.5603,0.7005,0.307,-0.0202,0.0192,0.0863,-0.1039,-0.0549,-0.0195,-0.0255,0.0513,0.0695,-0.1688,-0.1693,0.0489,0.0349,-0.0045,0.0646,0.1042,-0.2978,0.0599,-0.2533,-0.1101,-0.0182,-0.0721,0.0802,0.1564,0.0834,0.2392,0.2644
"gh_contributors_alltime_repo","development",0.4344,0.3943,0.2511,0.4173,0.5417,0.0964,0.2432,0.1794,0.2651,0.121,,0.105,0.3839,0.3876,0.1333,0.349,0.5164,0.5342,0.3353,0.1784,1,-0.1965,0.4323,0.2904,0.6016,0.7085,0.6509,0.6602,0.3283,0.221,0.2617,0.1381,0.0513,-0.07,-0.1025,0.3105,0.0683,0.0507,0.2115,0.2446,0.2663,0.3346,0.0118,-0.0422,0.2864,0.2581,0.3492,0.3337,0.1605,-0.0754,0.3512,0.2487,0.3732,0.0404,0.3341,0.019,0.2936,0.403,0.1304,0.1351,0.2198,0.0946,-0.0167,0.0424,0.072,0.1497,0.1548,-0.0045,0.211,-0.0345,-0.1698,0.0041,0.0561,-0.0588,0.0084,0.0017,-0.2319,-0.181,-0.0018,0.1411,-0.1195,-0.0034,-0.0242,-0.0824,-0.1218,0.1261,0.1839,0.0727,-0.0424,0.0434,0.0716,-0.0305,-0.1916,0.1869,0.3825,0.2224,0.2047,-0.0723,-0.0145,-0.013,0.0047,-0.0238,0.028,-0.0364,-0.0228,-0.2628,-0.1734,0.4072,-0.243,0.4086,0.5254,0.434,0.3586,0.5768,-0.0291,0.0239,0.1418,0.3492,0.1431,0.1504,0.2478,0.1068,0.1105,-0.0067,-0.022,-0.1002,-0.0914,-0.267,-0.1436,0.0441,0.1045,-0.1445,-0.0228,-0.1118,0.1219,-0.0442,0.1358,0.3124,0.3209,-0.0226,0.034
"gh_days_since_push","development",0.0112,0.3313,0.2893,0.0574,0.2044,0.0646,-0.0481,0.0705,-0.0387,0.0385,,0.1798,0.0482,-0.1008,-0.0026,-0.6185,-0.5004,-0.3663,-0.6396,-0.7825,-0.1965,1,-0.4184,-0.0881,0.1239,-0.1544,-0.0089,-0.1079,-0.0163,-0.0974,-0.1022,-0.0645,-0.2713,-0.0829,0.0879,0.1845,0.0039,0.1533,0.0039,-0.0519,-0.0462,-0.0982,0.1482,0.1243,-0.1812,-0.1092,-0.196,-0.1316,0.1423,0.0782,-0.0698,-0.0521,-0.1169,0.0772,-0.0596,-0.0751,0.2328,0.1523,-0.1633,-0.1729,0.0218,-0.1341,-0.3015,-0.2226,-0.2338,-0.3126,-0.2906,-0.1944,0.0248,0.1891,0.1542,0.1367,-0.0287,-0.0489,-0.0607,-0.063,0.0347,-0.0741,-0.0318,0.1234,-0.0067,0.2477,0.0723,-7e-04,-0.0016,-0.1029,-0.0391,0.0658,0.1694,-0.1021,-0.0783,0.1686,-0.1145,0.0123,-0.1705,-0.2189,-0.1495,-0.2212,-0.1751,-0.2959,-0.3099,-0.0845,-0.1034,-0.0321,0.0583,0.0114,0.178,-0.0881,0.2163,-0.4102,-0.3174,-0.4014,-0.5328,-0.27,-0.0048,0.0559,-0.0606,-0.0273,-0.0829,-0.097,-0.0643,-0.1909,-0.1856,0.1912,0.1765,-0.0448,-0.0364,0.0852,-0.0158,-0.0645,0.2157,-0.0161,0.2307,0.0428,-0.1113,0.1014,-0.099,-0.2357,-0.1925,-0.1945,-0.2354
"gh_prs_merged_30d_org","development",0.0757,-0.027,-0.0531,0.0446,0.0367,0.1021,0.1125,-0.0399,0.2047,-0.0904,,-0.1407,0.0982,0.2719,0.1105,0.6867,0.7102,0.6694,0.6886,0.5232,0.4323,-0.4184,1,0.2346,0.0547,0.2876,0.3969,0.2791,0.1558,0.0742,0.0336,0.0527,0.2381,-0.0368,0.142,-0.0285,0.15,0.2813,0.1863,0.2782,0.2829,0.3099,-0.0232,-0.0019,0.2452,0.1302,0.3661,0.258,0.0817,-0.275,0.1919,0.1828,0.2944,-0.1298,0.2054,0.0179,-0.018,0.1063,0.2752,0.2736,0.1076,0.1322,0.0627,0.0858,0.0646,0.21,0.1782,-0.1058,0.0927,0.0209,-0.109,0.0893,0.1699,-0.12,-0.0869,-0.0343,-0.0654,-0.0505,-0.0429,-0.0123,0.0425,-0.2245,0.0141,-0.0784,-0.0812,0.0952,0.148,0.0367,-0.0414,0.0426,-0.0232,-0.0239,0.1912,-0.0017,0.4367,0.238,0.1728,0.1201,0.1289,0.1378,0.0875,-7e-04,-0.021,-0.0163,-0.0652,-0.1009,-0.2639,0.2908,-0.2242,0.4857,0.5775,0.5322,0.4086,0.7442,0.0335,-0.0401,0.0962,0.2027,0.1822,0.1691,0.1134,0.0492,0.0327,0.0355,0.0207,-0.1068,-0.0422,-0.1175,-0.0747,-0.0299,-0.0571,0.017,-0.2563,-0.0636,0.0969,-0.0013,0.0021,0.3605,0.2369,0.1195,0.0274
"gh_releases_repo","development",0.0554,0.0527,-0.0811,0.0949,0.1992,-0.001,0.2489,0.0708,0.1129,0.0371,,8e-04,0.2497,0.3441,0.1089,0.1295,0.1707,0.1558,0.1763,0.1301,0.2904,-0.0881,0.2346,1,0.2408,0.2675,0.3251,0.286,0.2544,0.2805,0.1985,0.0806,0.1035,0.2271,-0.0439,0.0677,-0.051,-0.0348,0.0412,0.0395,0.0778,0.1542,0.0455,0.1466,0.0851,0.0965,0.1049,0.1535,0.2107,-0.0123,0.0499,-0.0015,0.1309,-0.1667,0.0495,0.0619,0.1271,0.2155,0.0205,0.0645,0.0097,0.1802,0.3459,0.2393,0.218,0.2545,0.2206,0.0566,0.1273,-0.1822,-0.2228,-0.1482,0.1,0.0497,0.0765,0.0256,-0.0932,-0.0181,-0.1091,0.0695,0.0265,-0.0516,0.1679,0.0201,0.0342,0.0566,-0.0105,-0.0352,-0.1036,0.0738,0.1356,-0.0974,-0.0434,0.0014,0.0598,0.0869,-0.0039,0.0463,0.0761,0.0412,-0.0143,-0.0086,0.2372,0.0157,-0.1386,0.0497,-0.1943,0.1565,-0.1738,0.1243,0.1897,0.1617,0.1135,0.194,0.0739,0.1187,0.1859,0.031,0.0652,0.0545,0.1523,0.207,0.1928,-0.0938,-0.0945,-0.0562,-0.0589,-0.0753,0.0018,-0.0675,4e-04,0.0068,-0.0807,0.0744,0.0751,-0.1114,0.1877,0.139,0.0628,0.0551,0.04
"gh_repo_age_days","development",0.4806,0.7975,0.4895,0.443,0.802,0.0224,0.2533,0.2309,0.1764,0.1412,,0.3184,0.4178,0.2591,0.2317,-0.0284,0.054,0.1213,-0.0926,-0.2653,0.6016,0.1239,0.0547,0.2408,1,0.7959,0.7155,0.8114,0.261,0.2447,0.2452,0.119,-0.0283,0.0688,-0.1423,0.2213,0.0985,-0.1077,0.1104,0.0776,0.1174,0.1642,-0.0566,-0.0386,0.0662,0.081,0.0777,0.1195,0.1586,0.288,0.3827,0.2295,0.2449,0.2228,0.3683,0.0619,0.5141,0.5922,0.0273,0.007,0.2983,0.3273,-0.0125,0.1101,0.1619,0.23,0.2577,0.0583,0.2438,-0.1746,-0.2057,-0.1603,-0.0441,-0.1431,-0.0656,-0.134,-0.1275,-0.0756,0.0851,0.1073,-0.2069,0.1605,0.0302,0.092,0.0341,0.2851,-0.0036,-0.0094,-0.1364,0.0548,0.1439,-0.1243,-0.3993,0.1424,0.2019,0.253,0.2826,-0.1144,-0.0664,-0.0448,0.0167,-0.0339,-0.0595,-0.0165,0.0966,-0.3003,0.0326,0.4731,-0.031,0.0409,0.1967,0.0564,-0.0221,0.2457,-0.022,0.0602,0.1163,0.4535,0.1921,0.1608,0.3815,0.3043,0.3367,-0.1329,-0.1538,-0.2231,-0.2077,-0.1232,-0.0361,0.1139,0.1288,-0.2076,0.1735,0.0814,0.3464,-0.1099,0.1402,0.3038,0.3848,-0.0573,0.0677
"gh_forks_repo","dev_popularity",0.3681,0.6344,0.3061,0.3705,0.6515,0.0608,0.1494,0.1676,0.1582,0.1486,,0.1631,0.3099,0.2885,0.0947,0.1841,0.2719,0.2969,0.1496,0.0631,0.7085,-0.1544,0.2876,0.2675,0.7959,1,0.7252,0.903,0.3109,0.2317,0.2171,0.138,0.0218,0.0484,0.0419,0.3235,-0.0464,-0.0581,0.1858,0.1737,0.199,0.3097,0.0033,0.0724,0.1711,0.1856,0.228,0.2682,0.1863,0.1677,0.4333,0.2723,0.3463,0.1093,0.4246,0.1193,0.3021,0.4296,0.0442,0.0586,0.3979,0.3738,0.0998,0.1924,0.2395,0.346,0.3976,0.1554,0.2716,-0.2597,-0.2811,-0.2365,-0.0664,-0.1859,-0.0725,-0.1534,-0.0688,-0.0615,0.1278,0.0154,-0.3133,0.084,-0.0034,-0.0336,-0.0746,0.2104,-0.001,-0.0737,-0.1228,0.029,0.091,-0.1112,-0.189,0.0615,0.3567,0.4251,0.4171,-0.0508,0.0129,0.157,0.1982,0.0356,0.1051,-0.0654,0.0728,-0.272,-0.137,0.5456,-0.1822,0.2376,0.3601,0.2544,0.2548,0.4126,0.0625,0.0089,0.1243,0.4677,0.1608,0.1594,0.4893,0.4067,0.4339,-0.2288,-0.2452,-0.3036,-0.2899,-0.0714,-0.0333,0.2033,-0.013,-0.3187,0.0701,-0.037,0.2438,-0.1299,0.1442,0.4655,0.5197,0.0252,0.2423
"gh_stars_org","dev_popularity",0.4593,0.4945,0.3252,0.4605,0.6349,0.2316,0.2589,0.1471,0.2492,0.1372,,0.0935,0.3906,0.4219,0.1982,0.2516,0.3591,0.3933,0.2175,0.0028,0.6509,-0.0089,0.3969,0.3251,0.7155,0.7252,1,0.8205,0.2555,0.1783,0.1903,0.1169,-0.031,0.0362,0.0419,0.2077,0.2127,-0.0249,0.3246,0.2536,0.2914,0.3158,-0.0033,0.0518,0.1767,0.1648,0.2638,0.2831,0.2301,0.0685,0.4346,0.29,0.3797,0.0231,0.43,0.0832,0.4106,0.5741,0.1374,0.1419,0.2798,0.2208,0.1255,0.1757,0.1905,0.1991,0.1869,-0.0523,0.3132,-0.2132,-0.2615,-0.1716,0.084,-0.1402,-0.0847,-0.1031,-0.1606,-0.1631,-0.029,0.1619,-0.1626,-0.0151,0.0411,0.0868,-0.0027,0.2886,-0.0177,-0.0951,-0.1608,0.0385,0.0093,-0.1462,-0.2735,0.1344,0.4049,0.3324,0.2935,-0.0972,-0.0263,-0.014,0.0547,0.0257,0.0349,0.0178,0.0309,-0.2898,-0.1997,0.5418,-0.2612,0.3033,0.4357,0.3464,0.1848,0.5002,0.0815,0.0979,0.2066,0.4632,0.2976,0.2521,0.2584,0.1967,0.1983,-0.1084,-0.1276,-0.1528,-0.1428,-0.1701,-0.1464,0.0437,0.1089,-0.161,-0.0148,0.0684,0.3436,-0.0506,0.0717,0.3903,0.3499,-0.0268,0.1668
"gh_stars_repo","dev_popularity",0.3785,0.5662,0.2751,0.3908,0.6135,0.0615,0.1633,0.1894,0.1937,0.1147,,0.1401,0.3247,0.3144,0.0983,0.2102,0.2574,0.2781,0.1764,0.0548,0.6602,-0.1079,0.2791,0.286,0.8114,0.903,0.8205,1,0.2639,0.2153,0.2019,0.1301,-0.0033,0.0883,0.0168,0.2679,0.1688,-0.0623,0.2262,0.1603,0.1782,0.3134,0.0544,0.1142,0.1852,0.1871,0.2517,0.2803,0.2003,0.1604,0.4045,0.2627,0.3038,0.0754,0.3951,0.1315,0.3921,0.4981,0.0686,0.0625,0.3533,0.3599,0.1462,0.2583,0.2875,0.3577,0.3568,0.0826,0.2668,-0.3079,-0.3244,-0.2655,-0.0814,-0.2137,-0.1508,-0.1875,-0.0889,-0.0642,0.0591,0.0811,-0.283,0.0618,0.0709,0.0685,0.0268,0.3026,0.0152,-0.0444,-0.1095,0.0279,0.0498,-0.097,-0.2249,0.0609,0.3331,0.3994,0.3934,-0.0517,0.0098,0.1313,0.151,0.049,0.1117,-0.0454,0.0418,-0.2874,-0.1401,0.5367,-0.2207,0.2418,0.3502,0.2602,0.2089,0.383,0.1048,0.1239,0.2027,0.4265,0.2086,0.1947,0.4141,0.3774,0.3922,-0.2327,-0.2472,-0.2788,-0.2646,-0.1005,-0.0554,0.1515,0.0356,-0.2853,0.0352,0.0616,0.3346,-0.0707,0.1071,0.4335,0.4775,0.0241,0.255
"api_public","presence",0.1623,0.2733,0.1863,0.2448,0.2615,-0.0286,0.1401,0.0813,0.2998,0.1135,,0.0331,0.1988,-0.0195,0.161,0.124,0.202,0.2838,0.1258,0.0697,0.3283,-0.0163,0.1558,0.2544,0.261,0.3109,0.2555,0.2639,1,0.3821,0.5865,0.1606,0.2494,0.1138,-0.1479,0.0897,-0.1393,0.1627,0.1263,0.0571,0.0731,0.2774,0.1396,0.0836,0.1752,0.3196,0.156,0.2921,-0.0772,0.1341,0.2346,0.0567,0.2463,0.1263,0.2409,0.1833,0.0188,0.0331,-0.0228,-0.0206,0.2125,0.2162,-0.0854,0.1138,0.0913,0.2593,0.2557,0.0099,0.1912,-0.0306,-0.0387,-0.0157,0.1286,-0.1599,-0.0469,-0.1735,-0.1273,-0.0637,-0.1396,0.23,0.0084,0.0846,0.1465,0.0961,0.0266,0.014,0.0526,0.0446,-0.0142,-0.0137,0.1038,0.0076,-0.028,0.114,0.2572,0.2349,0.239,-0.0251,0.0101,0.0841,-0.0175,-0.015,0.0617,0.1236,-0.1236,-0.1397,-0.1044,0.2679,-0.1464,0.1774,0.2742,0.1755,0.1016,0.2246,0.0223,0.2518,0.3288,0.2777,0.1409,0.1567,0.2772,0.2723,0.2985,-0.0875,-0.0757,-0.1285,-0.1196,-0.1167,-0.079,-0.1145,0.2261,0.0065,0.0527,0.0714,0.0364,-0.1111,0.108,0.3101,0.3094,0.0073,-0.0089
"mcp_server","presence",0.1225,0.1205,0.1952,0.1681,0.1674,-0.0307,0.1931,0.1916,0.1978,-0.0264,,0.1419,0.2623,0.0689,0.1146,0.1425,0.1038,0.1128,0.1379,0.0854,0.221,-0.0974,0.0742,0.2805,0.2447,0.2317,0.1783,0.2153,0.3821,1,0.2221,-0.0459,0.0784,0.192,-0.0917,0.0556,-0.0798,0.2623,0.0534,-0.0246,-0.0209,0.0672,0.1361,0.0438,0.0648,0.1303,0.0427,0.0782,-0.0393,0.2812,0.1593,0.1142,0.162,0.0425,0.1645,0.159,0.0871,0.0191,-0.0688,-0.0456,0.0169,0.111,-0.1098,0.1105,0.2088,0.225,0.221,0.2186,0.0436,-0.2064,-0.0915,-0.1964,0.0917,0.0103,0.0825,0.0182,-0.2451,-0.1737,-0.0591,0.1209,0.0537,0.0444,-0.0125,0.0575,-0.05,-0.0329,0.1468,0.135,-0.0772,0.1368,0.1637,-0.0721,-0.0931,0.1252,-0.0357,0.1211,0.1167,0.0831,0.1003,0.1898,0.145,-0.0133,-0.0805,-0.0766,-0.0629,-0.1767,-0.0409,0.1681,-0.0955,0.0806,0.1013,0.0833,0.0854,0.0518,-0.0483,0.1116,0.1278,0.204,-0.0279,-0.0068,0.1758,0.2502,0.2508,-0.2471,-0.2695,-0.0707,-0.0415,-0.2786,-0.1803,-0.015,0.0147,0.0402,0.0459,-0.0425,-0.0435,-0.1098,0.1586,0.1316,0.1841,0.1163,0.152
"product_live","presence",0.1774,0.2112,0.1829,0.1802,0.2509,-0.0399,0.174,0.1226,0.1587,0.2424,,0.1058,0.1756,-0.1161,0.0591,0.0114,0.0888,0.1718,0.0201,0.0235,0.2617,-0.1022,0.0336,0.1985,0.2452,0.2171,0.1903,0.2019,0.5865,0.2221,1,0.2145,0.3669,0.156,-0.166,-0.0486,0.0461,-0.0882,0.1326,-0.0328,-0.0266,0.1878,0.0647,-0.0182,0.1132,0.233,0.091,0.1904,0.0101,0.3898,0.1795,0.0205,0.1263,0.1946,0.1764,0.0788,-0.0485,0.0186,0.013,0.0069,0.2042,0.1713,-0.0436,0.2115,0.2363,0.2518,0.2192,-0.0132,0.1364,-0.1661,-0.1522,-0.1353,-0.0084,-0.1108,0.033,-0.1098,-0.0526,-0.0211,-0.0635,0.2075,-0.2056,0.0028,0.1055,0.1265,0.0855,0.152,0.103,0.1711,-0.0606,0.1049,0.1692,-0.0425,-0.1062,0.0582,0.1269,0.2228,0.229,0.0289,0.0575,0.0147,-0.0639,-0.1196,0.1513,0.1055,-0.1062,-0.0839,-0.1019,0.19,-0.1371,0.0689,0.1104,0.0648,0.0742,0.1633,-0.0398,0.2414,0.2573,0.2567,0.0321,0.0915,0.2761,0.2184,0.2182,-0.0966,-0.0587,-0.1004,-0.086,-0.0125,-0.0581,0.0072,0.1992,-0.2088,-0.0126,0.1118,0.2002,-0.021,0.1056,0.2209,0.2197,0.01,-0.0633
"team_named","presence",0.0292,0.0715,-0.0427,0.0839,0.0783,0.1068,0.0773,0.1729,0.0755,0.1258,,0.0322,0.1579,0.008,0.0631,0.1532,0.0769,0.1321,0.1146,0.0524,0.1381,-0.0645,0.0527,0.0806,0.119,0.138,0.1169,0.1301,0.1606,-0.0459,0.2145,1,0.198,0.3139,0.1968,0.5716,0.4651,0.2404,0.1547,0.4135,0.4095,0.1902,-0.0638,0.1037,0.0902,0.1581,0.1252,0.2097,-0.0518,0.1058,0.1659,0.1011,-9e-04,0.1707,0.1596,0.0722,-0.0994,0.0415,-0.1455,-0.1411,0.1129,0.0817,0.2425,0.1689,0.1675,0.1558,0.1426,0.1978,0.1607,-0.1461,-0.1514,-0.1272,-0.0538,-0.0688,-0.0768,-0.0434,0.2223,-0.0602,0.0932,-0.1748,-0.0159,-0.1297,0.0107,-0.1211,-0.007,-0.0667,-0.08,-0.1131,0.0419,-0.0999,-0.0671,0.0519,0.0143,-0.0599,0.2636,0.1465,0.1055,0.0624,0.0437,0.1451,0.1282,-0.0744,0.0797,0.083,0.0332,-0.0226,-0.2378,0.1562,-0.2118,0.1931,0.1797,0.1902,0.1618,0.2229,0.085,0.2036,0.1581,0.1516,-0.0082,-0.0405,0.0505,0.0926,0.1034,-0.062,-0.0502,-0.0426,-0.0548,0.174,-0.099,0.1093,-0.1433,-0.0276,-0.1608,-0.0366,-0.1004,0.1001,-0.1459,0.0982,0.1157,0.0289,0.0978
"website_live","presence",0.1984,0.3027,0.2923,0.2059,0.3215,0.0759,0.0695,-0.054,0.0129,0.2093,,0.0881,0.0699,0.1794,0.1557,0.3463,0.2381,0.2294,0.3527,0.3033,0.0513,-0.2713,0.2381,0.1035,-0.0283,0.0218,-0.031,-0.0033,0.2494,0.0784,0.3669,0.198,1,0.2949,,,,,0.2278,0.2811,0.2813,0.3674,0.0758,0.0273,0.2902,0.3652,0.3414,0.3763,0.0616,-0.0573,0.3713,0.2403,0.2228,0.1916,0.3715,0.1072,-0.0393,0.0155,0.2898,0.2899,0.4576,0.4425,0.3385,0.383,0.3035,0.4846,0.4547,0.2593,0.234,-0.3227,-0.2934,-0.3173,-0.1174,-0.3547,-0.3445,-0.3323,0.0761,-0.0096,0.0797,0.0839,-0.1317,0.1564,0.0316,0.074,0.0682,0.2979,-0.0713,-0.0224,-0.3342,0.2606,0.2094,-0.2761,-0.0086,-0.0156,0.319,0.4637,0.5178,0.0022,-0.0237,0.2904,0.2174,-0.0973,0.1263,0.1101,-0.0049,-0.3799,-0.0565,0.4095,-0.1724,0.291,0.2792,0.3047,0.2733,0.2206,-0.0568,0.2567,0.2907,0.3654,0.26,0.2638,0.3937,0.366,0.3479,-0.3513,-0.312,-0.2945,-0.2661,0.0364,-0.1331,0.1517,0.027,-0.178,0.0675,0.0715,0.2779,-0.1194,0.0955,0.4678,0.4671,0.0578,0.2546
"whitepaper_available","presence",0.034,0.0456,-0.1225,0.0221,-0.0074,-0.0867,0.2701,0.0813,0.2032,0.0342,,0.1631,0.2523,0.0268,0.0923,0.1276,0.0162,-0.1213,0.0794,0.105,-0.07,-0.0829,-0.0368,0.2271,0.0688,0.0484,0.0362,0.0883,0.1138,0.192,0.156,0.3139,0.2949,1,,,,,-0.0124,0.0184,0.0033,0.0361,0.0223,0.1635,0.084,0.1174,0.051,0.0724,-0.0772,0.1015,0.0548,-0.0797,0.1538,0.0216,0.0574,0.0695,-0.1103,-0.0837,-0.1437,-0.0694,0.0423,0.1504,0.3675,0.3998,0.3695,0.2366,0.1931,0.1756,0.0795,-0.3782,-0.2749,-0.3748,-0.1198,0.0204,0.007,-0.0273,0.1099,0.0364,-0.0106,-0.0488,-0.0639,-0.1008,0.0289,-0.0153,0.028,0.1436,-0.0578,-0.0292,-0.0872,0.1086,0.1041,-0.0814,-0.0332,-0.1492,-0.0236,0.0734,0.0658,0.1603,0.185,0.2729,0.1453,0.0672,0.135,0.0349,-0.032,-0.0982,-0.1543,0.0632,-0.1835,0.0189,-0.0983,0.0189,0.0132,-0.1372,0.0223,0.1328,0.0661,0.0166,-0.0852,-0.037,0.0937,0.2276,0.2233,-0.2417,-0.2322,-0.0677,-0.147,0.0821,-0.0303,0.0461,-0.1735,-0.0906,-0.1428,-0.0124,0.1085,-0.0153,0.0179,0.1521,0.1599,0.1591,0.1496
"wp_formal_mechanism","presence",-0.1416,-0.1734,-0.077,-0.2653,-0.1206,0.266,-0.0796,0.127,-0.133,0.0476,,0.1931,-0.0302,-0.2743,-0.2287,-0.109,0.0043,-0.0595,-0.1046,-0.2388,-0.1025,0.0879,0.142,-0.0439,-0.1423,0.0419,0.0419,0.0168,-0.1479,-0.0917,-0.166,0.1968,,,1,0.0929,0.2216,0.2966,0.2076,0.1968,0.1851,-0.1561,0.1486,-0.072,-0.1984,-0.2077,-0.214,-0.2418,,-0.2353,0.1228,0.102,0.0394,0.0478,0.1499,0.0055,-0.1243,0.0083,-0.1618,-0.1453,0.3462,0.2676,0.1936,0.1834,0.2104,0.2663,0.2559,0.0963,-0.2657,-0.0809,-0.1132,-0.1024,0.2622,-0.4917,-0.275,-0.4449,0.3773,0.0512,0.3273,-0.4293,-0.3549,-0.0586,0.1202,-0.0712,0.0197,-0.1551,0.0478,-0.0411,0.138,-0.06,-0.0366,0.1259,0.2515,0.0586,0.0279,0.1127,0.2618,0.4652,0.4093,0.4166,0.1172,0.024,-0.0721,-0.1486,0.1486,0.0713,-0.2558,0.0861,-0.285,-0.0462,-0.0346,-0.0336,-0.0843,0.0651,-0.2171,-0.1142,-0.2099,0.0556,0.0332,0.0498,0.2972,0.3699,0.2637,-0.2319,-0.2424,-0.4384,-0.439,0.3467,0.0738,0.307,-0.4258,-0.285,-0.1169,0.0344,-0.1827,-0.131,-0.015,0.1151,0.3007,0.4166,0.0877
"wp_named_authors","presence",0.0813,0.1902,-0.2789,0.1468,0.1769,0.0373,0.0055,-0.2015,0.0231,0.168,,-0.253,0.0048,0.2015,-0.1365,-0.1478,-0.0708,0.0889,-0.1799,-0.1616,0.3105,0.1845,-0.0285,0.0677,0.2213,0.3235,0.2077,0.2679,0.0897,0.0556,-0.0486,0.5716,,,0.0929,1,0.2561,0.4116,0.2599,0.4253,0.4359,0.1782,-0.1124,0.2097,-0.0564,-0.0235,0.0927,0.1761,,0.2404,0.1635,0.1967,0.0861,0.0373,0.1512,0.1137,-0.0089,0.196,-0.3078,-0.2767,0.0722,-0.0266,0,-0.0289,-0.0521,-0.0378,0.0416,0.3079,0.2009,0.0173,-0.0867,0.0058,-0.2187,-0.1915,-0.0332,-0.1829,0,-0.143,-0.1092,0.0567,-0.0489,0.1694,-0.0263,-0.3064,-0.278,-0.2823,0.0373,-0.1614,-0.2455,0.0536,0.1733,-0.2358,0.0339,-0.1543,0.2521,0.1062,0.0744,0.1355,0.1932,0.2225,0.192,-0.0053,0.1839,0.1124,0.2871,-0.1224,-0.2304,0.1995,-0.294,0.037,0.1716,-0.0231,0.0418,0.1196,0.2871,0.1648,0.2293,0.152,-0.1204,-0.1786,-0.0795,-0.1274,-0.0319,0.0405,0.052,0.0296,-0.1132,-0.0732,-0.0798,-0.1112,-0.0878,-0.0238,0.151,-0.2183,-0.2622,-0.357,0.2441,-0.1251,0.017,0.0278,0.0755
"wp_pages","presence",-0.1119,-0.1213,0.0055,-0.0645,-0.0595,0.3028,0.0639,0.358,0.0565,0.3711,,-0.0587,0.1326,-0.0651,-0.175,0.1963,-0.0571,-0.1415,0.2831,0.17,0.0683,0.0039,0.15,-0.051,0.0985,-0.0464,0.2127,0.1688,-0.1393,-0.0798,0.0461,0.4651,,,0.2216,0.2561,1,0.4869,0.0564,0.31,0.3753,-0.2,0.1129,0.164,-0.0158,-0.2586,-0.0174,-0.1661,,0.1462,-0.1015,-0.0767,-0.1704,-0.0098,-0.131,0.0694,-0.1277,0.0975,-0.1751,-0.1417,-0.1461,-0.0505,0.1187,0.2683,0.2347,-0.0231,-0.0784,0.0162,-0.2728,-0.1704,-0.2169,-0.0671,0.1171,0.0042,-0.0722,-0.0439,0.1348,0.0555,0.1537,-0.2638,0.002,0.1572,0.254,-0.2089,0.1051,-0.1101,0.4436,0.2581,0.3955,-0.0223,0.0955,0.3955,0.0531,-0.2579,0.0165,-0.2196,-0.1585,0.1959,0.0603,0.2083,0.0623,-0.0798,0.1172,-0.1129,0.3549,0.0781,-0.0372,-0.179,-0.0635,0.0121,-0.1274,0.0556,-0.0868,0.0687,-0.0161,0.0528,-0.0574,-0.0976,-0.2413,-0.2628,-0.3451,-0.1961,-0.0432,-0.2761,-0.2527,0.3139,0.1766,-0.049,-0.0454,0.058,-0.2496,-0.0997,-0.1136,0.0012,-0.3119,0.2935,-0.2647,-0.4947,-0.2738,0.1317,-0.0935
"wp_references","presence",-0.059,-0.183,0,-0.0273,-0.0546,0.0675,0.0099,-0.3622,0.2427,0.3019,,-0.3049,-0.111,-0.0755,0.0283,0.0664,0.0721,0.0336,0.0539,-0.029,0.0507,0.1533,0.2813,-0.0348,-0.1077,-0.0581,-0.0249,-0.0623,0.1627,0.2623,-0.0882,0.2404,,,0.2966,0.4116,0.4869,1,0.2757,0.2404,0.2729,0.2212,0.1584,0.1544,0.0196,0,0.0877,0.0624,,0.179,0.0684,0.1486,-0.1041,0.2837,0.0533,0.0325,-0.1841,0.0251,-0.155,-0.2138,0.0154,0.0103,-0.2981,-0.0317,0,0.1027,0.2294,0.212,-0.0674,0.0843,-0.1476,0.0527,0.2849,-0.2568,-0.107,-0.0449,-0.0444,-0.0731,0.0409,-0.2091,0.0614,0.2251,0.1429,-0.1575,-0.0865,-0.2661,0.0675,-0.0244,-0.0376,0.0863,0.0483,-0.0237,0.2251,-0.1637,0.2049,-0.0115,-0.0284,0.1876,0.1683,0.2631,0.2832,-0.1619,0.1429,-0.1584,0.1584,-0.0605,-0.1681,0.1706,-0.19,-0.0873,-0.1114,-0.0831,-0.096,0.0172,0.1584,0.0363,0.0113,0.0551,-0.0628,-0.1048,0.1372,-0.0549,0.0183,0.0156,0.0052,-0.2623,-0.1248,-0.0438,-0.0505,0.0658,-0.2643,-0.0073,0.0219,-0.0859,-0.4605,-0.2778,0.1198,0.0767,0.1601,0.011,0.0219
"exploit26_mentions_n","attention",0.1606,0.1684,0.0117,0.1457,0.2579,0.123,-0.0224,-0.0961,-0.0206,0.0786,,-0.0439,-0.032,-0.0029,-0.0681,0.2572,0.2902,0.3454,0.2165,0.0281,0.2115,0.0039,0.1863,0.0412,0.1104,0.1858,0.3246,0.2262,0.1263,0.0534,0.1326,0.1547,0.2278,-0.0124,0.2076,0.2599,0.0564,0.2757,1,0.4363,0.4321,0.5155,0.2806,0.1385,0.5084,0.5161,0.5191,0.5119,0.1121,-0.2723,0.2776,0.2531,0.3371,0.0531,0.2712,-0.1058,0.0913,0.2628,0.0774,0.052,0.3209,0.1755,-0.0355,0.1004,0.0733,0.2212,0.1422,-0.029,0.0827,-0.0699,-0.1487,-0.0602,0.0889,-0.2565,-0.2236,-0.2481,0.185,-0.0084,0.0047,-0.0221,-0.213,0.0341,0.2349,0.1992,0.1822,0.2275,0.0549,0.088,-0.0623,0.0485,-0.0213,-0.0429,0.0582,0.0535,0.5266,0.2635,0.3448,-0.0537,-0.038,0.0201,0.0289,0.0179,-0.1201,-0.0058,0.0957,-0.1861,-0.2147,0.4612,-0.3495,0.3121,0.4104,0.3504,0.1977,0.2833,0.0595,0.4113,0.3882,0.3283,0.2823,0.2523,0.2511,0.1989,0.1361,-0.0884,-0.0696,-0.256,-0.2599,0.1988,-0.0222,0.0943,-0.0753,-0.2223,-0.004,0.2206,0.2394,0.0513,-0.0208,0.293,0.317,0.0077,0.1193
"exploit26_presented","attention",0.1089,0.187,0.1141,0.1415,0.2122,0.1514,0.0219,0.0053,0.1897,0.0529,,0.0195,0.1333,0.1587,0.1126,0.3714,0.3671,0.4152,0.304,0.0843,0.2446,-0.0519,0.2782,0.0395,0.0776,0.1737,0.2536,0.1603,0.0571,-0.0246,-0.0328,0.4135,0.2811,0.0184,0.1968,0.4253,0.31,0.2404,0.4363,1,0.9844,0.5251,0.0762,0.1095,0.432,0.4528,0.5577,0.5261,0.0535,-0.4233,0.4145,0.4483,0.2815,0.091,0.4169,0.0943,0.0491,0.294,0.2935,0.2877,0.223,0.1379,0.0319,0.0959,0.0869,0.1604,0.1281,0.0977,0.1227,-0.0639,-0.0075,-0.0301,-0.1223,-0.1168,-0.0918,-0.0907,0.0502,-0.1311,-0.0067,-0.0684,-0.0246,0.0103,0.0022,0.0348,3e-04,0.1615,-0.0449,-0.1298,-0.0648,-0.0128,-0.0509,-0.0456,0.0283,-0.017,0.3969,0.2412,0.2308,-0.139,-0.1344,-0.0248,0.0545,-0.0098,-0.0307,-0.0397,0.1744,-0.1862,-0.3402,0.4137,-0.4369,0.3683,0.4512,0.3677,0.2018,0.361,0.0096,0.2856,0.3641,0.3812,0.2826,0.1954,0.1399,0.145,0.113,-0.1079,-0.0983,-0.118,-0.1323,-0.0021,-0.1671,0.0126,-0.0538,-0.0471,-0.0347,0.0027,0.1609,0.0872,-0.1129,0.2597,0.2549,-0.082,0.1058
"exploit26_sessions_n","attention",0.1462,0.2097,0.201,0.1802,0.2477,0.2121,0.028,-0.0119,0.1544,0.0705,,0.0195,0.1302,0.179,0.1265,0.3409,0.3681,0.4237,0.2847,0.0449,0.2663,-0.0462,0.2829,0.0778,0.1174,0.199,0.2914,0.1782,0.0731,-0.0209,-0.0266,0.4095,0.2813,0.0033,0.1851,0.4359,0.3753,0.2729,0.4321,0.9844,1,0.5091,0.0803,0.0959,0.4335,0.4272,0.5385,0.5028,0.0895,-0.3781,0.4315,0.4741,0.2926,0.0789,0.4349,0.087,0.0537,0.314,0.3054,0.2987,0.2319,0.1546,0.0489,0.0876,0.0815,0.1619,0.1289,0.088,0.1229,-0.066,-0.0112,-0.0299,-0.104,-0.1153,-0.0893,-0.0848,0.0232,-0.1507,-0.0219,-0.065,-0.0172,-0.0029,0.0082,0.0343,0.0062,0.1695,-0.0525,-0.1345,-0.0671,-0.0146,-0.0587,-0.0471,0.0046,-0.0041,0.4104,0.2507,0.2496,-0.1413,-0.136,-0.0159,0.0664,-0.0244,-0.0453,-0.0442,0.2019,-0.1791,-0.3393,0.4405,-0.4311,0.3557,0.4685,0.364,0.1806,0.3744,-0.0026,0.2656,0.3628,0.3947,0.3,0.2015,0.1384,0.154,0.1214,-0.0866,-0.0734,-0.1043,-0.1193,-0.0224,-0.181,0.0013,-0.0541,-0.0409,-0.0473,0.0157,0.172,0.1025,-0.1348,0.2633,0.2584,-0.0801,0.1181
"kol_accounts_90d","attention",0.2048,0.3692,0.0891,0.2387,0.3495,0.125,-0.0647,-0.1597,0.091,0.0875,,-0.0297,0.0387,0.1995,0.1409,0.3155,0.3442,0.3918,0.2627,0.1351,0.3346,-0.0982,0.3099,0.1542,0.1642,0.3097,0.3158,0.3134,0.2774,0.0672,0.1878,0.1902,0.3674,0.0361,-0.1561,0.1782,-0.2,0.2212,0.5155,0.5251,0.5091,1,0.2228,0.3314,0.6512,0.8292,0.7917,0.9724,0.0346,-0.4106,0.4631,0.3947,0.3148,0.1298,0.4575,0.1701,0.0632,0.3695,0.2775,0.273,0.3618,0.2469,0.0534,0.1912,0.1824,0.3304,0.2841,0.1277,0.2073,-0.0949,-0.1605,-0.0609,-0.0592,-0.3049,-0.2525,-0.2828,-0.0516,-0.1625,0.0028,0.1086,-0.1098,-0.0388,0.1593,0.2605,0.1739,0.2287,-0.0899,-0.0835,-0.1552,0.0546,0.0716,-0.1229,0.0384,0.1112,0.5763,0.4177,0.3988,-0.1237,-0.1073,0.1227,0.1784,-0.105,0.0837,0.0065,0.0662,-0.2772,-0.4476,0.5559,-0.5594,0.343,0.4463,0.3721,0.2587,0.3744,0.2416,0.57,0.7074,0.4605,0.3467,0.3399,0.3445,0.2846,0.2315,-0.1064,-0.0656,-0.3443,-0.3126,-0.0011,-0.1746,0.0677,0.011,-0.1344,-0.0934,0.2033,0.2256,-0.1009,0.0519,0.5323,0.4854,-0.1148,0.1935
"kol_neg_posts_30d","attention",-0.045,0.0389,0.0068,-0.0583,-0.017,-0.0702,-0.0664,0.0516,0.0044,0.0577,,0.0664,0.0442,-0.021,0.0688,-0.1351,0.0636,0.0607,-0.0875,-0.0652,0.0118,0.1482,-0.0232,0.0455,-0.0566,0.0033,-0.0033,0.0544,0.1396,0.1361,0.0647,-0.0638,0.0758,0.0223,0.1486,-0.1124,0.1129,0.1584,0.2806,0.0762,0.0803,0.2228,1,0.6837,0.3135,0.2782,0.2898,0.253,-0.0226,-0.1636,0.0588,0.1269,0.1523,-0.0703,0.0657,-0.0629,-0.0161,0.0582,-0.1517,-0.1246,0.0892,0.0694,,0.1842,0.171,0.1866,0.1231,-0.0538,-0.1729,-0.0969,-0.1383,-0.0903,-0.0929,-0.146,-0.1768,-0.1089,0.1074,-0.0743,-0.0267,0.0244,-0.096,-0.0146,0.2369,0.1462,0.1293,-0.0328,-0.0679,-0.0522,0.1523,-0.1575,-0.1649,0.1543,0.0954,-0.0881,0.0878,0.0212,0.0841,0.0243,0.0419,0.0281,-0.0413,0,-0.0464,-0.1883,-0.0398,0,-0.0365,0.1051,-0.1373,0.0025,0.149,0.0427,0.016,-0.0103,0.269,0.3516,0.2966,0.0548,0.008,0.0473,0.0718,0.1697,0.1165,-0.1565,-0.134,-0.1562,-0.1463,0.1254,0.0212,-0.0077,0.0134,-0.0536,0.0625,0.1287,-0.0389,0.0027,-0.0328,0.0682,0.127,0.0682,0.0759
"kol_neg_posts_90d","attention",-0.1201,0.1129,-0.1267,-0.0974,-0.0115,-0.0053,-0.0253,-0.0029,0.0854,0.0833,,-0.062,0.0709,0.1273,0.0992,-0.085,0.0491,0.0229,-0.0444,0.0111,-0.0422,0.1243,-0.0019,0.1466,-0.0386,0.0724,0.0518,0.1142,0.0836,0.0438,-0.0182,0.1037,0.0273,0.1635,-0.072,0.2097,0.164,0.1544,0.1385,0.1095,0.0959,0.3314,0.6837,1,0.2098,0.2224,0.2325,0.3359,-0.0325,-0.0974,-0.0153,0.023,0.0454,-0.101,-0.0095,0.0161,-0.1213,0.0477,-0.196,-0.1569,0.0463,0.0878,,0.268,0.2491,0.1996,0.1683,0,-0.0667,-0.2075,-0.2413,-0.2103,-0.1247,-0.0499,-0.0885,-0.0787,0.0319,-0.0548,-0.0691,0.019,-0.0762,-0.0013,0.2303,0.1408,0.1209,-0.1025,-0.0975,-0.075,0.0467,-0.0772,-0.1071,0.0507,0.1623,-0.1561,0.1422,0.1242,0.0529,0.0325,0.0305,0.1274,0.0916,0,0.1999,-0.1042,-0.0572,0.0722,-0.0947,0.0789,-0.1336,-0.003,0.0856,0.0247,0.0461,-0.0086,0.6197,0.3293,0.3385,-0.0172,-0.0119,0.0259,0.093,0.2347,0.2094,-0.2401,-0.2359,-0.1236,-0.1606,0.0942,-0.0118,-0.0437,-0.0735,-0.0548,0.0226,0.1427,-0.1116,-0.0709,0.0234,0.1497,0.1519,0.0627,0.1513
"kol_pos_posts_30d","attention",0.1819,0.191,-0.0149,0.1453,0.1977,-0.0705,-0.0967,-0.0539,0.0804,-0.0264,,-0.0282,0.0227,0.1624,0.1121,0.3672,0.3769,0.3517,0.3339,0.25,0.2864,-0.1812,0.2452,0.0851,0.0662,0.1711,0.1767,0.1852,0.1752,0.0648,0.1132,0.0902,0.2902,0.084,-0.1984,-0.0564,-0.0158,0.0196,0.5084,0.432,0.4335,0.6512,0.3135,0.2098,1,0.7737,0.8495,0.7005,0.0608,-0.4709,0.322,0.3169,0.3035,0.0679,0.3176,0.0401,0.0093,0.2098,0.2486,0.2089,0.268,0.2068,0.0863,0.197,0.1567,0.3268,0.2649,0.1448,0.1093,-0.0513,-0.1034,-0.0249,0.0224,-0.209,-0.2209,-0.1775,0.0251,0.0228,0.015,0.0336,-0.0404,-0.031,0.0508,0.2114,0.1669,0.2065,-0.0554,-0.0194,0.0066,-0.0582,-0.0338,0.028,0.0271,0.1278,0.5013,0.2712,0.3054,4e-04,-0.0101,0.1783,0.1868,-0.0059,0.0417,-0.0519,0.1402,-0.1767,-0.3176,0.4454,-0.4592,0.3479,0.3658,0.3737,0.2738,0.3272,0.1469,0.47,0.5197,0.2591,0.2839,0.2329,0.1739,0.2446,0.1962,-0.0894,-0.054,-0.1808,-0.1725,0.0073,0.0205,0.0767,-0.0202,-0.0475,-0.0487,0.1504,0.1947,0,-0.0485,0.2967,0.2904,0.0327,0.1991
"kol_pos_posts_90d","attention",0.1527,0.3241,0.026,0.1517,0.2762,-0.0277,0.0604,-0.0726,0.1211,0.0216,,0.1229,0.1507,0.1685,0.144,0.2889,0.2792,0.2828,0.2258,0.1717,0.2581,-0.1092,0.1302,0.0965,0.081,0.1856,0.1648,0.1871,0.3196,0.1303,0.233,0.1581,0.3652,0.1174,-0.2077,-0.0235,-0.2586,0,0.5161,0.4528,0.4272,0.8292,0.2782,0.2224,0.7737,1,0.7384,0.8861,0.0428,-0.4259,0.3896,0.3396,0.3138,0.1124,0.39,0.1747,0.0789,0.2589,0.2763,0.2857,0.3394,0.2412,0.038,0.1653,0.1585,0.3425,0.2914,0.1283,0.1629,-0.0775,-0.1133,-0.056,0.0077,-0.3167,-0.2485,-0.3075,0.0268,-0.0639,-0.0095,0.1352,-0.0406,-0.0105,0.1637,0.2748,0.2019,0.2904,-0.023,-0.0263,-0.0866,0.0219,0.1098,-0.0608,0.0398,0.1056,0.4829,0.3031,0.352,-0.0701,-0.0641,0.1204,0.126,-0.0583,0.1052,0.0033,0.0687,-0.2212,-0.3218,0.4614,-0.4745,0.3557,0.3554,0.3598,0.2961,0.252,0.1082,0.7017,0.7291,0.3672,0.3653,0.3535,0.2659,0.2947,0.2449,-0.1272,-0.0779,-0.3024,-0.2898,0.0102,-0.0683,0.0417,0.0399,-0.045,-0.0359,0.1892,0.2738,-0.1118,0.0801,0.383,0.386,-0.0267,0.1999
"kol_posts_30d","attention",0.1692,0.2411,-0.015,0.1575,0.2236,0.0066,-0.0814,-0.1137,0.1444,0.0187,,-0.0737,0.0353,0.2159,0.1041,0.4837,0.495,0.448,0.4262,0.2999,0.3492,-0.196,0.3661,0.1049,0.0777,0.228,0.2638,0.2517,0.156,0.0427,0.091,0.1252,0.3414,0.051,-0.214,0.0927,-0.0174,0.0877,0.5191,0.5577,0.5385,0.7917,0.2898,0.2325,0.8495,0.7384,1,0.8185,0.038,-0.5803,0.3823,0.3725,0.3128,0.0632,0.3745,0.0653,0.0295,0.2814,0.3025,0.2834,0.3443,0.2174,0.1685,0.1908,0.1496,0.3329,0.2763,0.0977,0.1177,-0.0343,-0.0943,0.0145,-0.0209,-0.3066,-0.2818,-0.2643,0.0086,-0.1409,0.0064,0.0533,-0.1144,-0.0827,0.0441,0.1282,0.0465,0.2007,-0.0317,-0.0455,-0.0308,-0.037,-0.0645,-0.0056,0.0727,0.1079,0.5827,0.2907,0.3484,-0.0683,-0.0577,0.1406,0.1867,-0.1143,0.0039,-0.0304,0.1025,-0.2541,-0.4124,0.4858,-0.5429,0.446,0.4851,0.4692,0.3524,0.4062,0.1238,0.4774,0.5596,0.3309,0.2961,0.2573,0.2856,0.2092,0.1729,-0.0291,0.006,-0.2784,-0.2431,-0.0053,-0.1435,0.0656,0.0054,-0.1227,-0.1222,0.0423,0.1922,0.031,-0.0432,0.3754,0.3723,-0.0621,0.2171
"kol_posts_90d","attention",0.184,0.3653,0.0136,0.2136,0.3194,0.0952,-0.0408,-0.1229,0.1256,0.0895,,-0.005,0.0825,0.2158,0.136,0.3489,0.356,0.3944,0.2982,0.196,0.3337,-0.1316,0.258,0.1535,0.1195,0.2682,0.2831,0.2803,0.2921,0.0782,0.1904,0.2097,0.3763,0.0724,-0.2418,0.1761,-0.1661,0.0624,0.5119,0.5261,0.5028,0.9724,0.253,0.3359,0.7005,0.8861,0.8185,1,0.031,-0.5062,0.446,0.3855,0.3261,0.1016,0.438,0.1607,0.0684,0.3505,0.2734,0.2737,0.3509,0.2217,0.1583,0.2048,0.1898,0.3242,0.2667,0.1243,0.2142,-0.0894,-0.1519,-0.0575,-0.0478,-0.3009,-0.2482,-0.287,-0.0225,-0.1486,-0.0035,0.136,-0.0813,-0.036,0.1435,0.2557,0.1566,0.2331,-0.0933,-0.0881,-0.1352,0.0305,0.0579,-0.1043,0.0511,0.1071,0.5799,0.3896,0.3844,-0.1013,-0.0875,0.1308,0.1692,-0.1163,0.1007,0.0168,0.0545,-0.2928,-0.4391,0.5263,-0.5612,0.4122,0.4704,0.4345,0.3275,0.3575,0.2235,0.6325,0.7492,0.4265,0.3542,0.3343,0.3093,0.271,0.2168,-0.1189,-0.0803,-0.3032,-0.2794,-0.0025,-0.1632,0.061,0.032,-0.0978,-0.0831,0.1595,0.2156,-0.0924,0.0395,0.4856,0.4422,-0.0938,0.2046
"podcast_bittensor_guru_12m","attention",0.1185,0.1979,0.2518,0.1858,0.1995,0.1564,0.0246,-0.0362,-0.0768,0.0404,,0.1176,0.0846,0.2149,0.0482,-0.0222,0.0285,0.0779,0.0093,-0.1275,0.1605,0.1423,0.0817,0.2107,0.1586,0.1863,0.2301,0.2003,-0.0772,-0.0393,0.0101,-0.0518,0.0616,-0.0772,,,,,0.1121,0.0535,0.0895,0.0346,-0.0226,-0.0325,0.0608,0.0428,0.038,0.031,1,0.0346,0.1859,0.2398,-0.0573,-0.0493,0.1959,-0.0442,0.16,0.2217,0.1517,0.1419,0.1001,0.0517,0.0205,-0.1002,-0.1059,-0.0462,-0.0086,-0.028,0.0508,0.0667,0.0918,0.0552,-0.0651,0.0471,0.061,0.0689,0.0191,-0.0336,0.0409,-0.0487,0.0273,0.046,-0.0424,0.0369,0.0211,0.1603,-0.0476,-0.0366,-0.0607,0.0349,-0.0463,-0.0586,-0.1108,0.1074,0.0661,0.0077,-0.0107,-0.1552,-0.1403,-0.1109,-0.0256,-0.0727,0.2277,0.0254,-0.0279,0.0727,-0.0371,0.1193,-0.0477,0.0153,0.0759,0.0504,-0.0471,0.1333,-0.0195,0.0593,0.0383,0.1788,0.1799,0.1322,0.0153,-0.0198,-0.0153,0.0505,0.0553,0.0508,0.0901,0.0198,-0.0278,0.0894,-0.0206,0.0054,0.0393,0.0209,0.1681,0.0675,-0.0828,0.0967,-0.0169,-0.1378,-0.051
"podcast_days_since_last","attention",0.2926,0.2978,0.2924,0.3177,0.2475,0.0617,0.0473,0.0664,-0.0969,0.2176,,0.0945,0.0197,-0.09,-0.2266,-0.302,-0.3714,-0.3106,-0.2899,-0.2242,-0.0754,0.0782,-0.275,-0.0123,0.288,0.1677,0.0685,0.1604,0.1341,0.2812,0.3898,0.1058,-0.0573,0.1015,-0.2353,0.2404,0.1462,0.179,-0.2723,-0.4233,-0.3781,-0.4106,-0.1636,-0.0974,-0.4709,-0.4259,-0.5803,-0.5062,0.0346,1,-0.1582,-0.2476,-0.3099,0.3518,-0.1832,-0.0434,0.2511,0.1517,-0.3799,-0.2974,-0.0892,0.1492,0.0825,0.1073,0.126,0.0356,0.1646,0.3068,0.023,-0.1972,-0.1332,-0.2251,-0.1081,0.2022,0.2044,0.0819,-0.2199,-0.2557,0.1034,0.0325,-0.0973,-0.0065,-0.1323,-0.1282,0.0173,-0.1862,-0.1582,-0.1631,0.1115,-0.1048,-0.0594,0.1048,-0.3999,-0.0074,-0.1911,-0.0482,-0.1179,0.0137,0.0359,0.0906,0.1515,-0.1613,-0.0726,0.023,0.0233,-0.0922,0.1678,-0.0392,0.3037,-0.3585,-0.2995,-0.3918,-0.199,-0.1515,0.0573,-0.2286,-0.3401,0.1699,-0.2505,-0.1843,0.0077,0.0282,0.1022,-0.2033,-0.207,0.1238,0.0845,-0.175,-0.2818,0.0921,0.0557,-0.129,-0.0219,0.0382,-0.1789,0.0534,-0.0577,-0.0816,-0.0119,-0.004,0.0151
"podcast_episodes_12m","attention",0.3671,0.4658,0.5433,0.3606,0.5124,0.1059,0.0668,0.0859,0.1631,0.1937,,0.2124,0.2493,0.1556,0.2117,0.1148,0.1256,0.2152,0.0646,-0.0498,0.3512,-0.0698,0.1919,0.0499,0.3827,0.4333,0.4346,0.4045,0.2346,0.1593,0.1795,0.1659,0.3713,0.0548,0.1228,0.1635,-0.1015,0.0684,0.2776,0.4145,0.4315,0.4631,0.0588,-0.0153,0.322,0.3896,0.3823,0.446,0.1859,-0.1582,1,0.6736,0.5742,0.4837,0.9952,0.4616,0.1422,0.38,0.289,0.3435,0.3566,0.3347,0.27,0.1457,0.1221,0.3104,0.3407,0.2094,0.2451,-0.1778,-0.0758,-0.1648,-0.1503,-0.1981,-0.093,-0.1397,0.0035,-0.1188,0.1303,0.0894,-0.1091,-0.0849,-0.1342,0.1098,-0.0185,0.2888,-0.174,-0.1914,-0.2017,0.049,0.0931,-0.1775,-0.1621,0.2295,0.3056,0.4955,0.4116,-0.0824,-0.066,0.1447,0.1796,-0.028,0.0167,0.011,0.0619,-0.285,-0.2672,0.5312,-0.3522,0.1685,0.2829,0.1853,0.1143,0.3208,-0.0448,0.1982,0.3799,0.9343,0.2873,0.34,0.2683,0.3272,0.3322,-0.1174,-0.1196,-0.1834,-0.1443,-0.0065,-0.1249,0.145,0.073,-0.1415,-0.1169,0.0119,0.3078,-0.0843,0.012,0.5261,0.4,-0.0523,0.1213
"podcast_hash_rate_12m","attention",0.1754,0.1735,0.3463,0.1916,0.337,-0.0086,-0.0087,-0.0679,0.0784,0.0823,,0.0087,0.0729,0.1658,0.1921,0.088,0.1501,0.2487,0.0521,-0.0457,0.2487,-0.0521,0.1828,-0.0015,0.2295,0.2723,0.29,0.2627,0.0567,0.1142,0.0205,0.1011,0.2403,-0.0797,0.102,0.1967,-0.0767,0.1486,0.2531,0.4483,0.4741,0.3947,0.1269,0.023,0.3169,0.3396,0.3725,0.3855,0.2398,-0.2476,0.6736,1,0.2556,0.1838,0.6679,0.0801,0.1793,0.3864,0.3394,0.343,0.2252,0.2056,0.1598,0.0908,0.0895,0.191,0.1895,0.1606,0.0913,-0.0579,-0.0125,-0.0304,-0.0509,-0.1057,-0.0722,-0.0432,0.0363,-0.0322,0.0486,-5e-04,0.0163,0.0039,-0.103,0.0853,0.0058,0.2478,-0.0723,-0.1426,-0.1884,0.0889,0.1295,-0.1752,-0.0355,0.0864,0.2963,0.3234,0.2658,-0.0896,-0.1057,0.0402,0.1206,-0.028,-0.0494,-0.0919,0.1748,-0.1448,-0.1886,0.3994,-0.3001,0.1908,0.2931,0.1922,0.0754,0.331,-0.076,0.212,0.3693,0.6023,0.3605,0.3295,0.1929,0.2317,0.2034,-0.1121,-0.1129,-0.1183,-0.0741,0.0233,-0.0296,0.1276,-0.0483,-5e-04,0.0019,0.0075,0.2587,-0.1392,0.1156,0.3776,0.3058,-0.0331,0.1442
"podcast_novelty_search_12m","attention",0.1692,0.2013,0.1576,0.1636,0.3086,0.1147,0.1945,0.1045,0.2009,0.0627,,0.1899,0.2717,0.1778,0.1028,0.2079,0.2892,0.305,0.1923,0.0903,0.3732,-0.1169,0.2944,0.1309,0.2449,0.3463,0.3797,0.3038,0.2463,0.162,0.1263,-9e-04,0.2228,0.1538,0.0394,0.0861,-0.1704,-0.1041,0.3371,0.2815,0.2926,0.3148,0.1523,0.0454,0.3035,0.3138,0.3128,0.3261,-0.0573,-0.3099,0.5742,0.2556,1,-0.0581,0.5815,0.178,-0.053,0.1346,0.2406,0.2936,0.2289,0.2097,0.1113,0.1275,0.1073,0.2516,0.2228,-0.0299,0.1273,-0.1765,-0.1257,-0.1609,-0.044,-0.1605,-0.0375,-0.1554,0.1202,0.1041,0.0261,0.1782,-0.0664,-0.0063,-0.0182,0.1333,-0.0391,0.2428,-0.0488,-0.0547,-0.1659,0.073,0.001,-0.1514,0.0325,0.138,0.2737,0.349,0.3517,0.0455,0.0746,0.0765,-0.0068,0.0746,0.0507,-0.0101,-0.0046,-0.2156,-0.1101,0.3146,-0.2074,0.2048,0.3466,0.2364,0.1652,0.2635,-0.0705,0.1364,0.2918,0.5516,0.2373,0.3173,0.241,0.2346,0.2087,-0.1383,-0.1551,-0.1394,-0.1795,0.1145,0.1199,0.0703,0.0959,-0.0689,-0.007,-0.0065,0.2654,-0.0012,-0.0306,0.3211,0.3123,0.1088,0.0122
"podcast_revenue_search_12m","attention",0.2605,0.3696,0.3568,0.1959,0.2582,-0.0868,-0.0874,0.055,0.0701,0.1231,,0.0874,0.0222,-0.1613,0.06,-0.0667,-0.1387,-0.0454,-0.112,-0.1438,0.0404,0.0772,-0.1298,-0.1667,0.2228,0.1093,0.0231,0.0754,0.1263,0.0425,0.1946,0.1707,0.1916,0.0216,0.0478,0.0373,-0.0098,0.2837,0.0531,0.091,0.0789,0.1298,-0.0703,-0.101,0.0679,0.1124,0.0632,0.1016,-0.0493,0.3518,0.4837,0.1838,-0.0581,1,0.476,0.0841,0.0886,0.1158,-0.0294,-0.0072,0.1755,0.1924,0.1036,0.113,0.0985,0.15,0.2163,0.2514,0.1577,-0.0892,-0.0654,-0.1006,-0.1361,-0.0999,-0.1016,-0.1033,0.003,-0.1248,0.0785,0.0384,-0.1237,-0.1427,-0.0554,-0.0532,-0.0285,0.0798,-0.1479,-0.1138,-0.0208,-0.0395,0.0412,-0.0116,-0.1449,0.2315,0.1105,0.1736,0.1362,-0.0845,-0.0923,0.0957,0.1829,-0.093,-0.101,0.0789,0.131,-0.1728,-0.1866,0.272,-0.1814,0.0125,0,-0.0089,0,0.0526,-0.0606,0.0812,0.0545,0.4935,0.0155,0.0627,0.1002,0.1368,0.1749,-0.0275,-0.0018,-0.1187,-0.0995,0.0104,-0.1382,0.0534,0.117,-0.1471,-0.1569,-0.0223,0.0793,-0.0411,-0.0173,0.2147,0.1384,-0.1248,0.0606
"podcast_shows_12m","attention",0.3603,0.4532,0.5437,0.3565,0.5049,0.1151,0.061,0.0948,0.176,0.1911,,0.2241,0.2556,0.1368,0.2356,0.12,0.1239,0.2151,0.0659,-0.0591,0.3341,-0.0596,0.2054,0.0495,0.3683,0.4246,0.43,0.3951,0.2409,0.1645,0.1764,0.1596,0.3715,0.0574,0.1499,0.1512,-0.131,0.0533,0.2712,0.4169,0.4349,0.4575,0.0657,-0.0095,0.3176,0.39,0.3745,0.438,0.1959,-0.1832,0.9952,0.6679,0.5815,0.476,1,0.4755,0.128,0.3705,0.3068,0.3612,0.3575,0.3435,0.2931,0.1546,0.132,0.3196,0.3498,0.2082,0.2432,-0.1893,-0.0868,-0.1745,-0.1424,-0.2043,-0.097,-0.1449,0.0146,-0.1144,0.1306,0.0807,-0.1054,-0.0895,-0.1309,0.1068,-0.0276,0.2854,-0.1704,-0.1909,-0.2121,0.0574,0.0994,-0.1875,-0.1526,0.2421,0.3063,0.4924,0.4079,-0.0665,-0.0528,0.1562,0.1822,-0.0234,0.0221,0.0068,0.0654,-0.282,-0.2699,0.5288,-0.3493,0.1731,0.2832,0.1867,0.1079,0.3254,-0.0433,0.2006,0.3861,0.9261,0.3017,0.3554,0.2632,0.3359,0.3423,-0.1161,-0.1142,-0.189,-0.1514,0.0038,-0.1198,0.146,0.0691,-0.1372,-0.1213,0.0019,0.3039,-0.0921,0.0207,0.5251,0.3972,-0.0397,0.1182
"podcast_ventura_labs_12m","attention",0.1176,0.212,0.168,0.1314,0.1043,0.0069,0.0693,0.1891,0.0408,0.1139,,0.0451,0.1337,-0.0107,0.1356,0.0047,-0.075,-0.0817,-0.0117,0.0264,0.019,-0.0751,0.0179,0.0619,0.0619,0.1193,0.0832,0.1315,0.1833,0.159,0.0788,0.0722,0.1072,0.0695,0.0055,0.1137,0.0694,0.0325,-0.1058,0.0943,0.087,0.1701,-0.0629,0.0161,0.0401,0.1747,0.0653,0.1607,-0.0442,-0.0434,0.4616,0.0801,0.178,0.0841,0.4755,1,0.0028,0.0769,0.0627,0.1147,0.0134,0.0462,0.0983,0.0053,-0.011,0.1108,0.1475,0.0385,0.1412,-0.084,0.0042,-0.0687,-0.1038,-0.0166,0.0941,0.0282,-0.0376,-0.1125,0.1307,-0.0258,-0.0576,-0.0799,-0.1178,0.0505,-0.0451,0.0285,-0.0568,-0.1019,-0.1145,0.0508,0.1555,-0.1093,-0.1138,0.1077,-0.0517,0.2253,0.0698,0.0095,0.0021,0.0855,0.0607,0.0289,0.0129,0.0706,-0.0777,-0.0289,-0.1262,0.1321,-0.1452,-0.0633,-0.0978,-0.0755,-0.0265,-0.0256,0.1112,0.0846,0.2454,0.3991,-0.0348,0.0263,-0.0328,0.1448,0.1854,0.0233,0.0145,0.0082,0.0497,-0.084,-0.1221,0.0513,-0.0118,-0.084,-0.1324,-0.0334,0.0324,-0.1426,0.1236,0.179,0.0287,-0.0388,0.0021
"x_account_age_days","x_reach",0.4179,0.3574,0.3239,0.3471,0.4028,-0.0236,0.0356,0.0041,-0.0109,0.0105,,0.0783,0.1069,0.1055,0.1605,-0.0892,-0.0397,0.03,-0.1412,-0.3101,0.2936,0.2328,-0.018,0.1271,0.5141,0.3021,0.4106,0.3921,0.0188,0.0871,-0.0485,-0.0994,-0.0393,-0.1103,-0.1243,-0.0089,-0.1277,-0.1841,0.0913,0.0491,0.0537,0.0632,-0.0161,-0.1213,0.0093,0.0789,0.0295,0.0684,0.16,0.2511,0.1422,0.1793,-0.053,0.0886,0.128,0.0028,1,0.7069,0.0239,0.0107,0.1312,0.1109,-0.1287,-0.0122,-0.0058,-0.0202,-0.0129,-0.0137,0.2792,0.0083,-0.0765,-0.0173,0.0034,-0.133,-0.1484,-0.1307,-0.2755,-0.2311,-0.1378,0.324,-0.0173,0.1352,0.1512,0.0461,0.1087,0.209,0.046,-0.0303,0.0205,-0.1303,-0.042,0.0221,-0.4249,0.2525,0.0484,0.1179,0.146,-0.3542,-0.3095,-0.2836,-0.0389,-0.0137,-0.1235,0.109,0.2121,-0.3255,-0.0415,0.2721,-0.0856,-0.0362,0.0771,-0.0187,-0.137,0.1133,0.0288,0.165,0.1136,0.2442,0.1015,-0.0014,0.1406,0.0737,0.0354,-0.0614,-0.0528,-0.1412,-0.1162,-0.2948,-0.2621,-0.2053,0.3494,-0.0029,0.1925,0.116,0.2508,0.1324,-0.0448,0.2309,0.2814,-0.3142,-0.0132
"x_followers","x_reach",0.456,0.5586,0.3305,0.3788,0.6004,0.0863,0.0567,-0.0887,-0.0724,0.1064,,0.0671,0.1147,0.2322,0.143,-0.01,0.067,0.12,-0.0825,-0.3153,0.403,0.1523,0.1063,0.2155,0.5922,0.4296,0.5741,0.4981,0.0331,0.0191,0.0186,0.0415,0.0155,-0.0837,0.0083,0.196,0.0975,0.0251,0.2628,0.294,0.314,0.3695,0.0582,0.0477,0.2098,0.2589,0.2814,0.3505,0.2217,0.1517,0.38,0.3864,0.1346,0.1158,0.3705,0.0769,0.7069,1,0.3035,0.2839,0.1259,0.1481,0.0391,0.0998,0.1123,0.0361,0.0466,0.0182,0.2616,-0.0548,-0.1661,-0.064,-0.0287,-0.1255,-0.109,-0.1145,-0.2604,-0.2794,-0.1582,0.2586,-0.1099,0.079,0.1473,0.1367,0.1828,0.2653,-0.0183,-0.0841,-0.0792,-0.0289,0.0317,-0.0773,-0.3707,0.2861,0.3305,0.1218,0.1492,-0.2341,-0.178,-0.1776,0.0133,-0.1361,-0.0349,0.0156,0.1453,-0.2579,-0.2131,0.5274,-0.3163,0.007,0.2065,0.0177,-0.1545,0.2505,0.1072,0.2786,0.3007,0.4529,0.3793,0.3173,0.1203,0.1291,0.0801,0.0079,0.0213,-0.1493,-0.1324,-0.2583,-0.2637,-0.2287,0.3059,-0.0983,0.1165,0.2027,0.3273,0.1213,-0.0068,0.3038,0.3052,-0.2565,0.0346
"x_posts_30d","x_reach",0.1032,0.0706,0.1514,0.0806,0.1248,0.0664,0.1008,-0.0739,-0.0371,-0.0201,,0.1127,0.1001,0.2057,0.1581,0.2456,0.2596,0.2433,0.1994,0.0177,0.1304,-0.1633,0.2752,0.0205,0.0273,0.0442,0.1374,0.0686,-0.0228,-0.0688,0.013,-0.1455,0.2898,-0.1437,-0.1618,-0.3078,-0.1751,-0.155,0.0774,0.2935,0.3054,0.2775,-0.1517,-0.196,0.2486,0.2763,0.3025,0.2734,0.1517,-0.3799,0.289,0.3394,0.2406,-0.0294,0.3068,0.0627,0.0239,0.3035,1,0.9267,0.1193,0.1797,0.2474,0.1437,0.158,0.2346,0.2218,-0.0388,0.1097,-0.0625,-0.0476,-0.0304,-0.017,-0.1306,-0.0421,-0.1356,-0.0395,-0.0657,-0.1182,0.1737,-0.0657,-0.0265,-0.0474,0.2922,0.1732,0.3757,0.0871,-0.0185,-0.1059,0.0675,0.0717,-0.0979,0.0438,0.2956,0.229,0.1308,0.2158,-0.0646,-0.0779,-0.0701,-0.0068,-0.1121,0.1113,-0.0244,0.0199,-0.1048,-0.1758,0.2167,-0.2384,0.1729,0.2336,0.1811,0.0603,0.2622,-0.1638,0.0728,0.1872,0.2565,0.7467,0.7045,0.1067,0.1963,0.1539,-0.016,0.0052,-0.0402,-0.011,-0.0892,-0.0179,-0.1608,0.1349,-0.0938,-0.0467,0.173,0.4051,0.1226,-0.0038,0.169,0.1548,-0.0932,0.0237
"x_posts_original_30d","x_reach",0.0703,0.0394,0.1256,0.0674,0.1142,0.0989,0.1431,-0.0455,0.0463,-0.0192,,0.2046,0.1894,0.2025,0.1817,0.2563,0.2257,0.2028,0.2006,0.035,0.1351,-0.1729,0.2736,0.0645,0.007,0.0586,0.1419,0.0625,-0.0206,-0.0456,0.0069,-0.1411,0.2899,-0.0694,-0.1453,-0.2767,-0.1417,-0.2138,0.052,0.2877,0.2987,0.273,-0.1246,-0.1569,0.2089,0.2857,0.2834,0.2737,0.1419,-0.2974,0.3435,0.343,0.2936,-0.0072,0.3612,0.1147,0.0107,0.2839,0.9267,1,0.1166,0.1781,0.2862,0.119,0.1271,0.2061,0.2262,-0.0222,0.1098,-0.0776,-0.029,-0.0452,-0.0491,-0.1042,-0.0038,-0.1286,-0.079,-0.1617,-0.1219,0.1603,-0.0183,-0.1167,-0.0105,0.1978,0.129,0.3387,0.0398,-0.0711,-0.1312,0.0695,0.0829,-0.1233,0.0642,0.2511,0.1687,0.0896,0.1937,-0.0675,-0.0895,-0.0424,0.0362,-0.0625,0.1426,0.0049,0.0271,-0.0863,-0.192,0.1858,-0.2598,0.1569,0.2246,0.1663,0.0748,0.2315,-0.1615,0.0655,0.1792,0.3032,0.7055,0.7534,0.0781,0.1545,0.1376,-0.014,0.012,-1e-04,0.0097,-0.1376,-0.1289,-0.1984,0.0758,-0.0414,-0.1261,0.1371,0.3727,0.1,0.0112,0.1596,0.1478,-0.0844,0.0755
"miner_paid_days_30d","miner_scale",0.275,0.4202,0.3858,0.3017,0.5345,0.1677,0.0964,0.1693,-0.0197,0.291,,0.2213,0.2514,0.2032,0.1257,0.1384,0.1221,0.1711,0.075,-0.0419,0.2198,0.0218,0.1076,0.0097,0.2983,0.3979,0.2798,0.3533,0.2125,0.0169,0.2042,0.1129,0.4576,0.0423,0.3462,0.0722,-0.1461,0.0154,0.3209,0.223,0.2319,0.3618,0.0892,0.0463,0.268,0.3394,0.3443,0.3509,0.1001,-0.0892,0.3566,0.2252,0.2289,0.1755,0.3575,0.0134,0.1312,0.1259,0.1193,0.1166,1,0.7573,0.3898,0.3156,0.3328,0.7008,0.6978,0.1763,0.2645,-0.3273,-0.324,-0.3588,-0.1148,-0.7795,-0.6557,-0.7159,0.1665,-0.0089,0.2363,-0.0091,-0.3551,0.1694,-0.0312,0.1253,0.0083,0.2553,-0.1173,-0.0529,-0.0947,-0.0132,-0.0119,-0.0545,0.0019,-0.0158,0.3265,0.592,0.862,0.0716,0.1217,0.4013,0.1901,-0.0876,0.1119,0.1272,0.0339,-0.2982,-0.0948,0.5288,-0.15,0.3804,0.4041,0.3715,0.3367,0.2984,-0.0655,0.1974,0.1729,0.3601,0.324,0.2951,0.8072,0.6352,0.6308,-0.2782,-0.26,-0.6488,-0.5855,0.1979,0.0166,0.2859,-0.0834,-0.382,0.1313,0.068,0.2575,-0.0899,-0.0119,0.5527,0.6745,0.1701,0.3128
"miners_active_now","miner_scale",0.2686,0.3179,0.3911,0.2585,0.4858,0.0914,0.091,0.1779,0.0414,0.076,,0.1854,0.1934,0.11,0.1249,0.1483,0.089,0.0968,0.0725,0.0251,0.0946,-0.1341,0.1322,0.1802,0.3273,0.3738,0.2208,0.3599,0.2162,0.111,0.1713,0.0817,0.4425,0.1504,0.2676,-0.0266,-0.0505,0.0103,0.1755,0.1379,0.1546,0.2469,0.0694,0.0878,0.2068,0.2412,0.2174,0.2217,0.0517,0.1492,0.3347,0.2056,0.2097,0.1924,0.3435,0.0462,0.1109,0.1481,0.1797,0.1781,0.7573,1,0.5171,0.5925,0.636,0.8565,0.8579,0.3365,0.3021,-0.6434,-0.5609,-0.6327,-0.1133,-0.6055,-0.596,-0.5984,0.1156,0.0084,0.179,-0.054,-0.2471,0.1116,-0.0131,0.129,0.0249,0.2809,-0.0898,0.015,-0.1301,0.0408,0.0492,-0.0921,-0.0146,-0.0644,0.2758,0.6168,0.7732,0.1576,0.1643,0.5511,0.3857,-0.1513,0.1082,0.1379,-0.0344,-0.3095,-0.1044,0.5929,-0.1819,0.2375,0.2837,0.2231,0.2727,0.167,0.0276,0.1796,0.1491,0.3474,0.3127,0.3078,0.665,0.7948,0.798,-0.5656,-0.554,-0.5335,-0.5131,0.1393,0.0097,0.1983,-0.0985,-0.2768,0.066,0.061,0.2823,-0.088,-0.0168,0.5961,0.6805,0.2265,0.443
"miners_distinct_ips_30d","miner_scale",0.144,0.2244,-0.2419,-0.0178,0.1027,-0.2508,0.2629,0.0463,0.2383,,,0.0218,0.309,0.4378,0.2794,0.4292,0.2244,0.1682,0.3864,0.221,-0.0167,-0.3015,0.0627,0.3459,-0.0125,0.0998,0.1255,0.1462,-0.0854,-0.1098,-0.0436,0.2425,0.3385,0.3675,0.1936,0,0.1187,-0.2981,-0.0355,0.0319,0.0489,0.0534,,,0.0863,0.038,0.1685,0.1583,0.0205,0.0825,0.27,0.1598,0.1113,0.1036,0.2931,0.0983,-0.1287,0.0391,0.2474,0.2862,0.3898,0.5171,1,0.9095,0.7926,0.8529,0.5937,0.4202,0.1023,-0.7436,-0.775,-0.6907,-0.2297,-0.2578,-0.2103,-0.2046,0.325,-0.0716,0.2858,-0.4292,-0.3323,-0.3922,0.0368,-0.321,-0.1532,0.1991,-0.2661,-0.2661,-0.1625,0.0118,0.1219,-0.1625,0.2383,-0.0297,0.2367,0.4577,0.4449,0.3714,0.359,0.5363,0.5137,-0.2686,0.1529,0.1023,-0.1637,-0.2535,-0.5926,0.3596,-0.4707,0.632,0.3833,0.642,0.6997,0.1726,,0.0799,-0.0051,0.0766,0.3064,0.2418,0.2677,0.6239,0.5001,-0.4762,-0.3912,-0.2008,-0.1534,0.3216,-0.075,0.4291,-0.4216,-0.3424,-0.4097,-0.1512,0.2533,0.0087,-0.0239,0.3183,0.2395,0.2218,0.2173
"miners_lineage_clusters_best_30d","miner_scale",0.1365,0.1179,0.0607,0.0897,0.1315,-0.056,0.0631,0.0719,0.0428,-0.1036,,-0.0438,0.0529,0.0914,-0.024,0.2484,0.1303,0.1039,0.2292,0.2251,0.0424,-0.2226,0.0858,0.2393,0.1101,0.1924,0.1757,0.2583,0.1138,0.1105,0.2115,0.1689,0.383,0.3998,0.1834,-0.0289,0.2683,-0.0317,0.1004,0.0959,0.0876,0.1912,0.1842,0.268,0.197,0.1653,0.1908,0.2048,-0.1002,0.1073,0.1457,0.0908,0.1275,0.113,0.1546,0.0053,-0.0122,0.0998,0.1437,0.119,0.3156,0.5925,0.9095,1,0.9597,0.8468,0.7118,0.3532,0.3254,-0.8207,-0.8322,-0.7646,-0.3052,-0.1853,-0.1919,-0.2328,0.1624,0.0271,0.132,-0.0191,-0.1616,-0.1764,0.1198,-0.0361,-0.0221,0.1436,-0.1472,-0.1642,-0.1172,0.011,0.014,-0.123,-0.0451,-0.1354,0.1423,0.4672,0.4743,0.1164,0.1403,0.4364,0.4264,-0.089,0.1205,0.0748,-0.0362,-0.3209,-0.3738,0.3553,-0.3646,0.3131,0.2109,0.3035,0.3358,0.0862,0.1048,0.1931,0.1911,0.116,0.2578,0.2579,0.256,0.6944,0.6152,-0.686,-0.641,-0.1767,-0.2458,0.172,0.0373,0.1957,-0.0829,-0.1586,-0.1701,-0.0197,0.1821,-0.0607,0.0362,0.3654,0.3865,0.1072,0.3815
"miners_lineage_clusters_ub_30d","miner_scale",0.1581,0.1281,0.1293,0.1202,0.1773,-0.0549,0.0969,0.1001,0.0468,-0.0867,,-0.0185,0.081,0.0644,-0.0067,0.1979,0.116,0.0805,0.1764,0.1816,0.072,-0.2338,0.0646,0.218,0.1619,0.2395,0.1905,0.2875,0.0913,0.2088,0.2363,0.1675,0.3035,0.3695,0.2104,-0.0521,0.2347,0,0.0733,0.0869,0.0815,0.1824,0.171,0.2491,0.1567,0.1585,0.1496,0.1898,-0.1059,0.126,0.1221,0.0895,0.1073,0.0985,0.132,-0.011,-0.0058,0.1123,0.158,0.1271,0.3328,0.636,0.7926,0.9597,1,0.8839,0.764,0.4197,0.3328,-0.8665,-0.8014,-0.8129,-0.3055,-0.215,-0.2079,-0.2526,0.138,-2e-04,0.1034,-0.0261,-0.1879,-0.1703,0.0933,-0.0068,-0.0068,0.1376,-0.0817,-0.0856,-0.1403,0.0752,0.0647,-0.1461,-0.0827,-0.139,0.1022,0.4829,0.4972,0.1123,0.1379,0.4815,0.4859,-0.1331,0.0985,0.0741,-0.0429,-0.3418,-0.3769,0.3798,-0.3772,0.2824,0.1851,0.2678,0.3187,0.0587,0.0875,0.1683,0.1601,0.1015,0.276,0.2641,0.2793,0.7416,0.6642,-0.7242,-0.6892,-0.2111,-0.2693,0.1448,0.0081,0.1686,-0.1079,-0.1852,-0.1563,-0.0072,0.1745,-0.0885,0.0574,0.3824,0.4167,0.111,0.4404
"miners_paid_coldkeys_30d","miner_scale",0.1707,0.2423,0.2375,0.1834,0.3766,-0.0205,0.123,0.1718,0.1067,0.0541,,0.0755,0.1866,0.0992,0.1725,0.289,0.2427,0.2075,0.2433,0.2372,0.1497,-0.3126,0.21,0.2545,0.23,0.346,0.1991,0.3577,0.2593,0.225,0.2518,0.1558,0.4846,0.2366,0.2663,-0.0378,-0.0231,0.1027,0.2212,0.1604,0.1619,0.3304,0.1866,0.1996,0.3268,0.3425,0.3329,0.3242,-0.0462,0.0356,0.3104,0.191,0.2516,0.15,0.3196,0.1108,-0.0202,0.0361,0.2346,0.2061,0.7008,0.8565,0.8529,0.8468,0.8839,1,0.9458,0.3456,0.2646,-0.8042,-0.7034,-0.7601,-0.1316,-0.5716,-0.5386,-0.5412,0.2106,0.0442,0.2007,-0.0815,-0.2415,3e-04,-0.0242,0.1152,0.0295,0.2444,-0.0183,-0.0115,-0.1138,0.0229,0.0449,-0.0812,0.0925,-0.0503,0.2891,0.6432,0.7516,0.2191,0.2009,0.5996,0.4449,-0.0808,0.1468,0.0702,-0.0136,-0.3121,-0.2233,0.5534,-0.2778,0.3633,0.355,0.3464,0.43,0.2194,0.0792,0.2392,0.251,0.3044,0.3817,0.384,0.6415,0.8813,0.8521,-0.6828,-0.6547,-0.5193,-0.4881,0.2019,0.0572,0.2647,-0.1606,-0.2638,-0.0441,0.0639,0.2512,-0.1336,0.0507,0.5973,0.6836,0.2731,0.4922
"miners_paid_hotkeys_30d","miner_scale",0.1935,0.2703,0.2798,0.2173,0.4215,-0.0133,0.1207,0.1983,0.0958,0.1203,,0.095,0.2147,0.1065,0.185,0.2576,0.1849,0.1566,0.2031,0.2126,0.1548,-0.2906,0.1782,0.2206,0.2577,0.3976,0.1869,0.3568,0.2557,0.221,0.2192,0.1426,0.4547,0.1931,0.2559,0.0416,-0.0784,0.2294,0.1422,0.1281,0.1289,0.2841,0.1231,0.1683,0.2649,0.2914,0.2763,0.2667,-0.0086,0.1646,0.3407,0.1895,0.2228,0.2163,0.3498,0.1475,-0.0129,0.0466,0.2218,0.2262,0.6978,0.8579,0.5937,0.7118,0.764,0.9458,1,0.4229,0.2607,-0.756,-0.5906,-0.7368,-0.177,-0.5544,-0.4788,-0.5125,0.1781,0.055,0.2388,-0.0971,-0.2647,0.0484,-0.073,0.0718,-0.0228,0.2013,-0.0564,-0.0432,-0.1781,0.0664,0.0845,-0.1426,0.0512,-0.0456,0.2412,0.6231,0.7326,0.2126,0.1892,0.6066,0.5067,-0.1016,0.1411,0.0257,-0.0421,-0.2841,-0.1442,0.5432,-0.1918,0.3039,0.2882,0.2922,0.3888,0.1735,0.0722,0.1626,0.1823,0.334,0.3507,0.3776,0.6477,0.8515,0.9005,-0.6387,-0.6237,-0.5234,-0.4849,0.1514,0.0297,0.2429,-0.1441,-0.2936,-2e-04,0.0154,0.2059,-0.1928,0.0855,0.5746,0.6614,0.2659,0.5458
"uids_immune_share_now","miner_scale",0.1394,0.0974,0.1502,0.1477,0.1371,-0.1593,-0.1873,-0.043,-0.1402,0.047,,-0.0742,-0.1409,-0.0518,-0.0171,0.1251,0.0031,0.0015,0.1228,0.1641,-0.0045,-0.1944,-0.1058,0.0566,0.0583,0.1554,-0.0523,0.0826,0.0099,0.2186,-0.0132,0.1978,0.2593,0.1756,0.0963,0.3079,0.0162,0.212,-0.029,0.0977,0.088,0.1277,-0.0538,0,0.1448,0.1283,0.0977,0.1243,-0.028,0.3068,0.2094,0.1606,-0.0299,0.2514,0.2082,0.0385,-0.0137,0.0182,-0.0388,-0.0222,0.1763,0.3365,0.4202,0.3532,0.4197,0.3456,0.4229,1,0.0646,-0.5274,-0.3474,-0.5466,-0.0676,-0.1589,-0.163,-0.1522,-0.0241,-0.0717,0.1465,-0.183,-0.0504,0.0639,-0.1431,-0.026,0.0062,0.0986,-0.1563,-0.105,-0.1719,0.0856,0.121,-0.1617,-0.1065,-0.0834,0.0653,0.3141,0.2684,0.1862,0.1187,0.5924,0.6905,-0.0545,0.0172,-0.1355,0.1493,-0.1973,-0.147,0.2929,-0.2125,0.1356,0.0581,0.1203,0.1593,-0.0597,-0.0145,0.0061,0.0172,0.1517,0.0806,0.0457,0.2285,0.3861,0.4178,-0.443,-0.4375,-0.2051,-0.1814,-0.0199,-0.0828,0.175,-0.2013,-0.0311,0.0716,0.0018,0.1294,-0.1422,0.0137,0.2992,0.3168,0.1422,0.4816
"uids_registered_now","miner_scale",0.4333,0.1996,0.3688,0.4953,0.3885,0.1575,-0.0938,0.0459,-0.1286,0.1261,,-0.0433,0.0131,0.1554,-0.0244,0.0304,-0.0592,0.062,-0.0254,-0.0809,0.211,0.0248,0.0927,0.1273,0.2438,0.2716,0.3132,0.2668,0.1912,0.0436,0.1364,0.1607,0.234,0.0795,-0.2657,0.2009,-0.2728,-0.0674,0.0827,0.1227,0.1229,0.2073,-0.1729,-0.0667,0.1093,0.1629,0.1177,0.2142,0.0508,0.023,0.2451,0.0913,0.1273,0.1577,0.2432,0.1412,0.2792,0.2616,0.1097,0.1098,0.2645,0.3021,0.1023,0.3254,0.3328,0.2646,0.2607,0.0646,1,-0.3625,-0.3126,-0.3692,-0.2797,-0.016,0.0502,-0.0285,-0.1141,0.0151,-0.132,0.3523,0.2431,0.1746,-0.0104,0.0711,-0.0423,0.2831,-0.1243,-0.2325,-0.207,-0.0154,0.042,-0.1505,-0.2148,0.0204,0.226,0.438,0.3224,-0.305,-0.22,0.0674,0.198,-0.2327,0.0181,0.5148,-0.019,-0.4968,-0.1444,0.4604,-0.2177,0.1692,0.181,0.1673,0.1266,0.2257,0.0624,0.0717,0.1609,0.2419,0.1824,0.1172,0.1913,0.2678,0.2355,-0.1636,-0.1488,-0.0434,-0.0553,-0.063,-0.0782,-0.0483,0.2838,0.1487,0.0648,-0.0565,0.2492,-0.0494,0.0061,0.3279,0.2759,-0.3398,0.1871
"miner_hhi_coldkey_30d","miner_concentration",-0.1924,-0.1503,-0.2352,-0.1542,-0.2622,0.0362,-0.0864,-0.1134,-4e-04,-0.0682,,-0.0425,-0.088,-0.0084,0.044,-0.1636,-0.0251,-0.008,-0.1329,-0.1658,-0.0345,0.1891,0.0209,-0.1822,-0.1746,-0.2597,-0.2132,-0.3079,-0.0306,-0.2064,-0.1661,-0.1461,-0.3227,-0.3782,-0.0809,0.0173,-0.1704,0.0843,-0.0699,-0.0639,-0.066,-0.0949,-0.0969,-0.2075,-0.0513,-0.0775,-0.0343,-0.0894,0.0667,-0.1972,-0.1778,-0.0579,-0.1765,-0.0892,-0.1893,-0.084,0.0083,-0.0548,-0.0625,-0.0776,-0.3273,-0.6434,-0.7436,-0.8207,-0.8665,-0.8042,-0.756,-0.5274,-0.3625,1,0.7872,0.9818,0.3183,0.1912,0.1601,0.2169,-0.1412,0.0086,-0.1072,0.0608,0.1704,0.1322,-0.0348,0.096,0.1072,-0.1109,0.1718,0.1485,0.2253,-0.1212,-0.0547,0.2268,0.1448,0.1749,-0.0642,-0.5575,-0.5193,-0.0306,-0.0536,-0.4919,-0.5977,0.0961,-0.0995,-0.0559,0.0236,0.3257,0.2238,-0.3856,0.2627,-0.2198,-0.1024,-0.2033,-0.299,0.0532,-0.092,-0.0601,-0.0404,-0.1049,-0.2078,-0.2293,-0.279,-0.6998,-0.6781,0.808,0.789,0.1905,0.231,-0.138,0.0277,-0.2016,0.1276,0.1827,0.1603,0.0935,-0.1455,0.0906,-0.012,-0.3953,-0.4023,-0.0582,-0.5502
"miner_hhi_lineage_best_30d","miner_concentration",-0.2084,-0.2053,-0.0448,-0.1173,-0.2151,0.0202,0.0056,-0.0862,0.1074,0.0154,,-4e-04,-0.0114,-0.0929,0.1162,-0.2064,-0.1527,-0.1491,-0.1837,-0.1483,-0.1698,0.1542,-0.109,-0.2228,-0.2057,-0.2811,-0.2615,-0.3244,-0.0387,-0.0915,-0.1522,-0.1514,-0.2934,-0.2749,-0.1132,-0.0867,-0.2169,-0.1476,-0.1487,-0.0075,-0.0112,-0.1605,-0.1383,-0.2413,-0.1034,-0.1133,-0.0943,-0.1519,0.0918,-0.1332,-0.0758,-0.0125,-0.1257,-0.0654,-0.0868,0.0042,-0.0765,-0.1661,-0.0476,-0.029,-0.324,-0.5609,-0.775,-0.8322,-0.8014,-0.7034,-0.5906,-0.3474,-0.3126,0.7872,1,0.7607,0.0392,0.3011,0.2891,0.3285,-0.1426,0.0214,-0.1516,0.0827,0.2285,0.1003,-0.1268,0.107,0.0778,-0.0419,0.1013,0.0586,0.0129,0.1145,0.1447,0.0099,0.1084,0.1344,-0.1552,-0.4929,-0.4671,-0.1064,-0.1578,-0.4535,-0.4268,0.1688,-0.0656,0.0023,-0.0216,0.2802,0.2471,-0.3742,0.2562,-0.3147,-0.24,-0.2933,-0.367,-0.1112,-0.1433,-0.0792,-0.0416,-0.0763,-0.199,-0.2053,-0.3139,-0.5697,-0.4897,0.5833,0.5403,0.2877,0.3357,-0.1664,-0.0381,-0.2507,0.1122,0.2062,0.0736,0.0441,-0.1048,-0.0032,0.0427,-0.3263,-0.3568,-0.0487,-0.3689
"miner_top1_share_30d","miner_concentration",-0.21,-0.1788,-0.2711,-0.1804,-0.2797,0.0481,-0.0741,-0.0902,0.027,-0.0938,,-0.065,-0.075,-0.0013,0.048,-0.0911,0.0424,0.0553,-0.0568,-0.1034,0.0041,0.1367,0.0893,-0.1482,-0.1603,-0.2365,-0.1716,-0.2655,-0.0157,-0.1964,-0.1353,-0.1272,-0.3173,-0.3748,-0.1024,0.0058,-0.0671,0.0527,-0.0602,-0.0301,-0.0299,-0.0609,-0.0903,-0.2103,-0.0249,-0.056,0.0145,-0.0575,0.0552,-0.2251,-0.1648,-0.0304,-0.1609,-0.1006,-0.1745,-0.0687,-0.0173,-0.064,-0.0304,-0.0452,-0.3588,-0.6327,-0.6907,-0.7646,-0.8129,-0.7601,-0.7368,-0.5466,-0.3692,0.9818,0.7607,1,0.33,0.1866,0.1495,0.2068,-0.1138,0.0012,-0.0663,0.0372,0.1672,0.0997,-0.0393,0.0937,0.1147,-0.0858,0.1918,0.1475,0.2467,-0.1416,-0.0841,0.2477,0.1836,0.1836,-0.019,-0.5656,-0.5309,-0.0027,-0.0236,-0.4749,-0.5887,0.1012,-0.1197,-0.0641,0.0221,0.3166,0.1746,-0.3766,0.2168,-0.1774,-0.058,-0.1576,-0.2659,0.0996,-0.0966,-0.0339,0.001,-0.0945,-0.2028,-0.2192,-0.2747,-0.6896,-0.6707,0.8,0.7878,0.1668,0.2038,-0.1171,0.0259,-0.1575,0.0982,0.1827,0.1254,0.0972,-0.1177,0.1183,-0.0291,-0.3779,-0.3763,-0.0469,-0.5465
"owner_linked_incentive_share_30d","miner_concentration",-0.0518,0.033,-0.1459,-0.0714,-0.0246,-0.0372,0.0103,-0.0087,0.0659,0.0037,,-0.0288,0.027,0.0591,0.0478,0.0946,0.2004,0.1489,0.1075,0.091,0.0561,-0.0287,0.1699,0.1,-0.0441,-0.0664,0.084,-0.0814,0.1286,0.0917,-0.0084,-0.0538,-0.1174,-0.1198,0.2622,-0.2187,0.1171,0.2849,0.0889,-0.1223,-0.104,-0.0592,-0.0929,-0.1247,0.0224,0.0077,-0.0209,-0.0478,-0.0651,-0.1081,-0.1503,-0.0509,-0.044,-0.1361,-0.1424,-0.1038,0.0034,-0.0287,-0.017,-0.0491,-0.1148,-0.1133,-0.2297,-0.3052,-0.3055,-0.1316,-0.177,-0.0676,-0.2797,0.3183,0.0392,0.33,1,-0.0909,-0.0913,-0.0503,-0.1123,-0.0287,0.0432,-0.0883,-0.0242,0.102,0.0226,0.0014,0.1088,-0.0467,0.4137,0.4388,0.2771,-0.0927,-0.0293,0.2838,0.0901,0.2224,0.1311,-0.1832,-0.1725,0.0476,-0.013,0.0037,-0.0408,0.1486,-0.0556,-0.0527,0.1319,0.1767,0.0683,-0.0433,0.0978,0.0605,0.0717,0.0588,0.0407,0.1149,-0.0651,-0.0399,-0.0547,-0.0645,-0.0358,-0.0617,0.0081,-0.1285,-0.1854,0.2222,0.2221,-0.0664,-0.0348,-0.1331,0.0558,0.1032,-0.075,-0.0182,0.0789,0.1914,-0.0456,0.0703,0.031,-0.0589,-0.0037,0.0373,-0.1167
"burn_mean_30d","burn",-0.0949,-0.3244,-0.1901,-0.0468,-0.2741,-0.0585,0.0398,-0.0776,0.0332,-0.2076,,-0.0854,-0.0515,-0.0061,-0.0596,-0.1459,-0.096,-0.1021,-0.0718,0.0234,-0.0588,-0.0489,-0.12,0.0497,-0.1431,-0.1859,-0.1402,-0.2137,-0.1599,0.0103,-0.1108,-0.0688,-0.3547,0.0204,-0.4917,-0.1915,0.0042,-0.2568,-0.2565,-0.1168,-0.1153,-0.3049,-0.146,-0.0499,-0.209,-0.3167,-0.3066,-0.3009,0.0471,0.2022,-0.1981,-0.1057,-0.1605,-0.0999,-0.2043,-0.0166,-0.133,-0.1255,-0.1306,-0.1042,-0.7795,-0.6055,-0.2578,-0.1853,-0.215,-0.5716,-0.5544,-0.1589,-0.016,0.1912,0.3011,0.1866,-0.0909,1,0.8357,0.9476,-0.1599,0.0468,-0.2093,0.1245,0.5194,-0.1149,0.0257,-0.129,-0.0559,-0.1091,-0.0102,-0.0649,0.0103,0.0383,0.0241,-0.0034,-0.0723,-0.0264,-0.3264,-0.4214,-0.7061,-0.1898,-0.2525,-0.4196,-0.1687,0.1503,-0.0279,-0.0041,-0.0362,0.1643,0.0278,-0.3546,0.0926,-0.2711,-0.2328,-0.2381,-0.2201,-0.1396,0.0067,-0.2132,-0.1757,-0.1934,-0.2135,-0.1932,-0.6962,-0.5199,-0.5117,0.2006,0.1745,0.8301,0.7745,-0.1497,-0.0082,-0.2056,0.0869,0.4401,-0.1279,-0.1083,-0.1443,0.0218,0.0364,-0.4584,-0.627,-0.191,-0.3218
"burn_now","burn",-0.0374,-0.2321,-0.1627,0.0015,-0.1817,-0.0269,0.1676,-0.0421,0.072,-0.0408,,0.0171,0.0586,-0.0215,-0.0376,-0.1493,-0.0791,-0.0781,-0.0763,-0.011,0.0084,-0.0607,-0.0869,0.0765,-0.0656,-0.0725,-0.0847,-0.1508,-0.0469,0.0825,0.033,-0.0768,-0.3445,0.007,-0.275,-0.0332,-0.0722,-0.107,-0.2236,-0.0918,-0.0893,-0.2525,-0.1768,-0.0885,-0.2209,-0.2485,-0.2818,-0.2482,0.061,0.2044,-0.093,-0.0722,-0.0375,-0.1016,-0.097,0.0941,-0.1484,-0.109,-0.0421,-0.0038,-0.6557,-0.596,-0.2103,-0.1919,-0.2079,-0.5386,-0.4788,-0.163,0.0502,0.1601,0.2891,0.1495,-0.0913,0.8357,1,0.7883,-0.2047,0.0647,-0.2008,0.2098,0.3268,-0.097,0.0169,-0.0845,-0.1548,-0.1157,0.043,-0.0485,-0.1142,0.1065,0.1363,-0.1222,-0.1031,0.045,-0.3237,-0.3243,-0.5698,-0.2198,-0.2471,-0.4638,-0.2148,0.084,0.0108,-0.0425,0,0.1287,0.0488,-0.3191,0.1071,-0.2203,-0.1843,-0.2068,-0.1762,-0.1077,-0.0274,-0.1944,-0.1249,-0.079,-0.1488,-0.1357,-0.4947,-0.422,-0.3933,0.2197,0.1894,0.6596,0.6082,-0.178,-0.008,-0.1734,0.1655,0.2711,-0.1296,-0.177,-0.1031,-0.048,0.1266,-0.3734,-0.5,-0.1953,-0.3382
"burn_time_share_ge50_30d","burn",-0.0532,-0.3142,-0.1256,-0.0065,-0.2221,-0.0456,0.0515,-0.0384,0.0933,-0.1871,,-0.0797,0.0077,0.0324,-0.0066,-0.1084,-0.0217,-0.0341,-0.0408,0.0371,0.0017,-0.063,-0.0343,0.0256,-0.134,-0.1534,-0.1031,-0.1875,-0.1735,0.0182,-0.1098,-0.0434,-0.3323,-0.0273,-0.4449,-0.1829,-0.0439,-0.0449,-0.2481,-0.0907,-0.0848,-0.2828,-0.1089,-0.0787,-0.1775,-0.3075,-0.2643,-0.287,0.0689,0.0819,-0.1397,-0.0432,-0.1554,-0.1033,-0.1449,0.0282,-0.1307,-0.1145,-0.1356,-0.1286,-0.7159,-0.5984,-0.2046,-0.2328,-0.2526,-0.5412,-0.5125,-0.1522,-0.0285,0.2169,0.3285,0.2068,-0.0503,0.9476,0.7883,1,-0.129,0.0489,-0.1597,0.0795,0.4951,-0.1321,-0.0184,-0.1651,-0.0911,-0.1127,0.0056,-0.0573,0.0012,0.0435,0.0524,-0.0119,-0.1186,-0.0438,-0.3205,-0.3797,-0.6696,-0.1981,-0.264,-0.4051,-0.1355,0.1509,-0.0196,-0.0219,-0.0754,0.1588,0.0414,-0.3153,0.1211,-0.2648,-0.1962,-0.2202,-0.2127,-0.0952,0.0084,-0.2445,-0.1996,-0.1551,-0.2147,-0.1985,-0.6587,-0.4962,-0.486,0.2386,0.2099,0.7882,0.8048,-0.1352,-1e-04,-0.1467,0.0717,0.4185,-0.1373,-0.1462,-0.1424,-0.0308,0.075,-0.4253,-0.606,-0.1985,-0.2847
"owner_validator_div_share","validator_dispersion",-0.3423,-0.0013,-0.2579,-0.3775,-0.1301,-0.1788,-0.0573,0.1904,-0.1014,0.0068,,0.0306,-0.04,-0.2042,-0.0494,0.0081,-0.0498,-0.0483,0.0153,0.0754,-0.2319,0.0347,-0.0654,-0.0932,-0.1275,-0.0688,-0.1606,-0.0889,-0.1273,-0.2451,-0.0526,0.2223,0.0761,0.1099,0.3773,0,0.1348,-0.0444,0.185,0.0502,0.0232,-0.0516,0.1074,0.0319,0.0251,0.0268,0.0086,-0.0225,0.0191,-0.2199,0.0035,0.0363,0.1202,0.003,0.0146,-0.0376,-0.2755,-0.2604,-0.0395,-0.079,0.1665,0.1156,0.325,0.1624,0.138,0.2106,0.1781,-0.0241,-0.1141,-0.1412,-0.1426,-0.1138,-0.1123,-0.1599,-0.2047,-0.129,1,0.5341,0.4432,-0.4348,-0.0869,0.0311,0.0131,0.0308,0.0841,0.0257,-0.0972,-0.0491,-0.0219,-0.0047,-0.0649,-0.0227,0.326,-0.2341,-0.0388,0.1404,0.1089,0.2999,0.261,0.1686,0.0208,0.1366,-0.0144,-0.0274,-0.1231,0.1304,0.1743,-0.127,0.1291,0.0426,-0.0153,0.0404,0.0906,-0.092,-0.1153,-0.0141,-0.0174,-0.0109,0.08,0.1153,0.1132,0.1742,0.1732,-0.1597,-0.1463,-0.1704,-0.1583,0.9081,0.5595,0.415,-0.3764,-0.0407,0.0643,0.0965,0.0537,-0.0748,0.0119,0.0817,0.0416,0.2479,0.1418
"stake_share_owner_validator","validator_dispersion",-0.3172,-0.1576,-0.3122,-0.2821,-0.0785,-0.2802,-0.108,0.2366,-0.0631,-0.0695,,-0.0748,-0.0508,-0.0876,0.0624,-0.0122,-0.0372,-0.0398,-0.0081,0.0951,-0.181,-0.0741,-0.0505,-0.0181,-0.0756,-0.0615,-0.1631,-0.0642,-0.0637,-0.1737,-0.0211,-0.0602,-0.0096,0.0364,0.0512,-0.143,0.0555,-0.0731,-0.0084,-0.1311,-0.1507,-0.1625,-0.0743,-0.0548,0.0228,-0.0639,-0.1409,-0.1486,-0.0336,-0.2557,-0.1188,-0.0322,0.1041,-0.1248,-0.1144,-0.1125,-0.2311,-0.2794,-0.0657,-0.1617,-0.0089,0.0084,-0.0716,0.0271,-2e-04,0.0442,0.055,-0.0717,0.0151,0.0086,0.0214,0.0012,-0.0287,0.0468,0.0647,0.0489,0.5341,1,0.0859,-0.1029,0.1373,0.4624,0.1329,0.2441,0.231,0.1665,-0.0066,0.048,-0.1823,0.2115,0.1429,-0.1745,0.2503,-0.2859,-0.1321,0.0206,-0.0054,0.1913,0.1673,0.0746,-0.0739,0.1753,0.0815,-0.0233,-0.055,0.1135,0.4451,-0.2264,0.3841,-0.0375,-0.0756,-0.0603,-0.0461,-0.0883,-0.0695,-0.0772,-0.0592,-0.1204,0.0251,-0.0074,0.0296,0.0086,0.0373,-0.0445,-0.0727,-0.0478,-0.052,0.4971,0.8778,0.0916,-0.1536,0.0843,0.3893,0.1801,0.0833,-0.1813,0.1558,-0.0878,-0.0698,0.2692,0.0334
"validator_stake_hhi","validator_dispersion",0.0027,0.1817,0.049,-0.0622,0.104,0.1579,0.1193,0.1677,-0.0325,0.0793,,0.1415,0.1366,-0.0284,0.0078,0.014,-0.1466,-0.1271,-0.0085,0.0893,-0.0018,-0.0318,-0.0429,-0.1091,0.0851,0.1278,-0.029,0.0591,-0.1396,-0.0591,-0.0635,0.0932,0.0797,-0.0106,0.3273,-0.1092,0.1537,0.0409,0.0047,-0.0067,-0.0219,0.0028,-0.0267,-0.0691,0.015,-0.0095,0.0064,-0.0035,0.0409,0.1034,0.1303,0.0486,0.0261,0.0785,0.1306,0.1307,-0.1378,-0.1582,-0.1182,-0.1219,0.2363,0.179,0.2858,0.132,0.1034,0.2007,0.2388,0.1465,-0.132,-0.1072,-0.1516,-0.0663,0.0432,-0.2093,-0.2008,-0.1597,0.4432,0.0859,1,-0.4924,-0.246,0.0034,-0.3097,-0.1719,-0.1268,-0.1343,-0.1349,-0.0734,0.0237,-0.0562,-0.0195,0.0095,-0.0484,-0.0104,-0.0201,0.1553,0.147,0.287,0.269,0.2508,0.0679,0.1738,0.048,-0.1621,-0.1105,0.0532,0.1228,0.0057,0.1813,-0.0045,-0.1208,-0.0331,0.1064,-0.0958,-0.0985,-0.1411,-0.0823,0.1559,-0.139,-0.0973,0.293,0.2416,0.2729,-0.1052,-0.1056,-0.2529,-0.2121,0.3826,0.1574,0.86,-0.3975,-0.205,0.0388,-0.1155,-0.1032,-0.1266,0.0385,0.2061,0.2132,0.2328,0.0695
"validators_n","validator_dispersion",0.3666,0.1554,0.1319,0.4072,0.2242,0.0708,-0.0307,-0.1883,0.0253,-0.0078,,0.0721,0.0272,0.1975,-0.0267,-0.1433,-0.0045,-0.0288,-0.1563,-0.216,0.1411,0.1234,-0.0123,0.0695,0.1073,0.0154,0.1619,0.0811,0.23,0.1209,0.2075,-0.1748,0.0839,-0.0488,-0.4293,0.0567,-0.2638,-0.2091,-0.0221,-0.0684,-0.065,0.1086,0.0244,0.019,0.0336,0.1352,0.0533,0.136,-0.0487,0.0325,0.0894,-5e-04,0.1782,0.0384,0.0807,-0.0258,0.324,0.2586,0.1737,0.1603,-0.0091,-0.054,-0.4292,-0.0191,-0.0261,-0.0815,-0.0971,-0.183,0.3523,0.0608,0.0827,0.0372,-0.0883,0.1245,0.2098,0.0795,-0.4348,-0.1029,-0.4924,1,0.1712,0.0075,0.2113,0.1054,-0.0147,0.1757,-0.0872,-0.1371,-0.1052,-0.0146,0.0112,-0.0743,-0.2667,0.2404,0.1137,0.0276,0.0605,-0.3006,-0.2188,-0.3889,-0.2698,-0.1371,0.0867,0.0263,0.0206,-0.3465,-0.0499,0.2053,-0.0931,-0.0733,0.0811,-0.0512,-0.1747,0.0878,0.075,0.2379,0.2033,0.1394,0.1692,0.1284,-0.0848,-0.0919,-0.1059,0.0386,0.0439,0.1415,0.1083,-0.4766,-0.2594,-0.5286,0.8292,0.1014,-0.0658,-0.0292,0.1361,0.0508,-0.0497,-0.0534,-0.0659,-0.239,-0.2606
"alpha_burned_share","owner_commitment",-0.1578,-0.3952,-0.1172,-0.0146,-0.1826,-0.0571,-0.1987,-0.0903,0.0106,-0.3354,,-0.0784,-0.1436,-0.0364,0.0995,-0.0192,-0.0141,-0.0393,-0.0029,0.0509,-0.1195,-0.0067,0.0425,0.0265,-0.2069,-0.3133,-0.1626,-0.283,0.0084,0.0537,-0.2056,-0.0159,-0.1317,-0.0639,-0.3549,-0.0489,0.002,0.0614,-0.213,-0.0246,-0.0172,-0.1098,-0.096,-0.0762,-0.0404,-0.0406,-0.1144,-0.0813,0.0273,-0.0973,-0.1091,0.0163,-0.0664,-0.1237,-0.1054,-0.0576,-0.0173,-0.1099,-0.0657,-0.0183,-0.3551,-0.2471,-0.3323,-0.1616,-0.1879,-0.2415,-0.2647,-0.0504,0.2431,0.1704,0.2285,0.1672,-0.0242,0.5194,0.3268,0.4951,-0.0869,0.1373,-0.246,0.1712,1,0.0534,0.091,0.0273,0.0553,0.0919,-0.0269,-0.0904,0.0866,-0.1042,-0.0811,0.0968,0.1599,-0.1035,-0.0976,-0.1346,-0.3,-0.0755,-0.1213,-0.1332,0.0037,0.106,-0.0559,0.157,0.0935,-0.0537,0.0745,-0.1297,0.0657,-0.0568,-0.0494,-0.0705,-0.0811,0.041,-0.0468,0.0039,0.0562,-0.1498,-0.0433,-0.0458,-0.4382,-0.2957,-0.2985,0.1472,0.1207,0.5179,0.5003,-0.1136,0.1122,-0.2529,0.1204,0.9822,0.0472,0.0085,0.0193,0.0165,-0.0508,-0.2156,-0.286,-0.072,-0.0861
"owner_alpha_share_issued","owner_commitment",-0.139,0.0791,0.0082,-0.0094,0.2365,-9e-04,-0.1802,0.1886,-0.133,0.1815,,-0.0423,-0.0343,0.0259,0.0026,-0.2134,-0.1717,-0.056,-0.2537,-0.2432,-0.0034,0.2477,-0.2245,-0.0516,0.1605,0.084,-0.0151,0.0618,0.0846,0.0444,0.0028,-0.1297,0.1564,-0.1008,-0.0586,0.1694,0.1572,0.2251,0.0341,0.0103,-0.0029,-0.0388,-0.0146,-0.0013,-0.031,-0.0105,-0.0827,-0.036,0.046,-0.0065,-0.0849,0.0039,-0.0063,-0.1427,-0.0895,-0.0799,0.1352,0.079,-0.0265,-0.1167,0.1694,0.1116,-0.3922,-0.1764,-0.1703,3e-04,0.0484,0.0639,0.1746,0.1322,0.1003,0.0997,0.102,-0.1149,-0.097,-0.1321,0.0311,0.4624,0.0034,0.0075,0.0534,1,0.0388,0.3812,0.3294,0.302,0.1285,0.1399,-0.1556,0.2129,0.1826,-0.1208,0.1268,-0.1851,-0.0661,0.0369,0.1252,-0.0142,-0.0099,0.0454,-0.05,0.054,-0.0061,0.0533,0.066,-0.1172,0.5787,-0.0124,0.4142,-0.1583,-0.0491,-0.1765,-0.2223,-0.1512,-0.0245,-0.0373,-0.0357,-0.0383,0.0302,-0.0717,0.2628,0.0266,0.0537,0.0035,-0.0194,-0.2181,-0.1869,0.0684,0.3816,0.017,0.0088,-0.0224,0.9022,0.2857,0.1937,-0.1525,0.1986,3e-04,0.1564,0.061,-0.0119
"owner_cut_autolock","owner_commitment",-0.0499,0.0559,-0.0202,-0.057,0.0063,-0.1314,0.0888,-0.1148,0.1043,-0.1678,,0.189,0.1018,0.0985,0.1059,0.0685,0.1067,0.098,0.0821,-0.0183,-0.0242,0.0723,0.0141,0.1679,0.0302,-0.0034,0.0411,0.0709,0.1465,-0.0125,0.1055,0.0107,0.0316,0.0289,0.1202,-0.0263,0.254,0.1429,0.2349,0.0022,0.0082,0.1593,0.2369,0.2303,0.0508,0.1637,0.0441,0.1435,-0.0424,-0.1323,-0.1342,-0.103,-0.0182,-0.0554,-0.1309,-0.1178,0.1512,0.1473,-0.0474,-0.0105,-0.0312,-0.0131,0.0368,0.1198,0.0933,-0.0242,-0.073,-0.1431,-0.0104,-0.0348,-0.1268,-0.0393,0.0226,0.0257,0.0169,-0.0184,0.0131,0.1329,-0.3097,0.2113,0.091,0.0388,1,0.3411,0.5124,0.3224,0.1857,0.1895,-0.1014,0.1872,0.1591,-0.0905,0.1018,-0.0745,0.0539,-0.0874,-0.0171,-0.0053,-0.0238,-0.2053,-0.1919,0.1344,0.1269,0.0678,0.0478,0.0448,0.0051,-0.0175,0.0189,0.0791,0.1355,0.1134,-0.0264,0.0223,0.1189,0.215,0.127,-0.0923,0.1415,0.1937,-0.0493,-0.0528,-0.0849,-0.0658,-0.0471,0.017,8e-04,0.0739,0.1337,-0.2828,0.1133,0.0835,0.0239,0.5248,0.3152,-0.0708,0.1541,-0.0864,0.0035,0.0688,-0.1089
"owner_lock_perpetual","owner_commitment",0.0454,0.0552,-0.0286,0.0698,0.0811,-0.0588,-0.0454,0.0667,-0.0849,0.0745,,0.126,0.0554,0.0597,0.1372,-0.0649,0.0135,0.1196,-0.0785,-0.1142,-0.0824,-7e-04,-0.0784,0.0201,0.092,-0.0336,0.0868,0.0685,0.0961,0.0575,0.1265,-0.1211,0.074,-0.0153,-0.0712,-0.3064,-0.2089,-0.1575,0.1992,0.0348,0.0343,0.2605,0.1462,0.1408,0.2114,0.2748,0.1282,0.2557,0.0369,-0.1282,0.1098,0.0853,0.1333,-0.0532,0.1068,0.0505,0.0461,0.1367,0.2922,0.1978,0.1253,0.129,-0.321,-0.0361,-0.0068,0.1152,0.0718,-0.026,0.0711,0.096,0.107,0.0937,0.0014,-0.129,-0.0845,-0.1651,0.0308,0.2441,-0.1719,0.1054,0.0273,0.3812,0.3411,1,0.761,0.5285,0.0615,0.0843,-0.1548,0.1437,0.1263,-0.131,0.0516,0.0218,0.0727,0.1939,0.1943,0.1181,0.08,-0.0485,-0.1594,0.0188,0.0757,0.0696,-0.012,-0.0564,0.0924,0.1291,-0.0478,-0.015,0.1368,0.0309,-0.0774,0.0443,0.0992,0.206,0.3016,0.1451,0.3741,0.3425,0.1769,0.1506,0.099,-0.0273,-0.027,-0.1296,-0.0985,0.1435,0.2659,-0.1045,0.0335,0.0098,0.3715,0.7411,0.4893,-0.0375,0.0798,0.2057,0.21,0.1808,-0.066
"owner_lock_share_owner_alpha","owner_commitment",0.001,-0.0155,-0.1563,-0.0292,-0.0353,-0.1543,-0.0886,0.0768,-0.1034,-0.026,,0.1233,0.0216,0.0463,0.1128,-0.0586,-0.0328,0.0203,-0.0697,-0.0704,-0.1218,-0.0016,-0.0812,0.0342,0.0341,-0.0746,-0.0027,0.0268,0.0266,-0.05,0.0855,-0.007,0.0682,0.028,0.0197,-0.278,0.1051,-0.0865,0.1822,3e-04,0.0062,0.1739,0.1293,0.1209,0.1669,0.2019,0.0465,0.1566,0.0211,0.0173,-0.0185,0.0058,-0.0391,-0.0285,-0.0276,-0.0451,0.1087,0.1828,0.1732,0.129,0.0083,0.0249,-0.1532,-0.0221,-0.0068,0.0295,-0.0228,0.0062,-0.0423,0.1072,0.0778,0.1147,0.1088,-0.0559,-0.1548,-0.0911,0.0841,0.231,-0.1268,-0.0147,0.0553,0.3294,0.5124,0.761,1,0.5927,0.2495,0.1593,-0.0299,0.1544,0.1333,-0.0207,0.0281,0.0669,0.0807,0.0208,0.0635,0.0969,0.0509,-0.0083,-0.1154,0.1469,0.0487,0.0555,0.0439,0.0327,0.0876,0.037,-0.0089,-0.11,0.0246,-0.0726,-0.1546,-0.0129,0.107,0.1118,0.1498,0.0366,0.2182,0.2363,-0.0245,0.0012,-0.0527,0.02,0.0376,-0.049,-0.038,0.1525,0.2033,-0.1115,-0.0331,0.0228,0.2898,0.9625,0.5022,0.0506,0.0712,0.0267,0.0727,0.1609,-0.0423
"ownerhk_lock_share_issued","owner_commitment",0.2394,0.249,0.1307,0.2404,0.2784,-0.0538,0.0767,0.0847,-0.0325,0.024,,0.1167,0.1826,0.286,0.1864,0.1506,0.1977,0.2129,0.1163,0.0032,0.1261,-0.1029,0.0952,0.0566,0.2851,0.2104,0.2886,0.3026,0.014,-0.0329,0.152,-0.0667,0.2979,0.1436,-0.1551,-0.2823,-0.1101,-0.2661,0.2275,0.1615,0.1695,0.2287,-0.0328,-0.1025,0.2065,0.2904,0.2007,0.2331,0.1603,-0.1862,0.2888,0.2478,0.2428,0.0798,0.2854,0.0285,0.209,0.2653,0.3757,0.3387,0.2553,0.2809,0.1991,0.1436,0.1376,0.2444,0.2013,0.0986,0.2831,-0.1109,-0.0419,-0.0858,-0.0467,-0.1091,-0.1157,-0.1127,0.0257,0.1665,-0.1343,0.1757,0.0919,0.302,0.3224,0.5285,0.5927,1,0.1391,0.074,-0.2123,0.237,0.2215,-0.1687,-0.0499,-0.0053,0.1776,0.2957,0.3343,-0.0093,-0.0344,0.0607,0.0542,0.0347,0.0341,0.1366,0.069,-0.285,-0.0053,0.3246,-0.118,0.1508,0.2762,0.1905,0.0723,0.1969,-0.1545,0.1516,0.1979,0.3057,0.3978,0.3628,0.1597,0.1758,0.1346,-0.0617,-0.0451,-0.1479,-0.1232,0.1015,0.1193,-0.0505,0.051,-0.006,0.1758,0.5426,0.9373,-0.0328,0.1167,0.2695,0.2919,0.0785,0.0556
"owner_bought_any_90d","owner_trading",-0.1811,-0.0996,-0.1512,-0.1397,-0.1071,-0.1477,0.1557,0.1372,0.2037,-0.1354,,-0.0287,0.1037,0.0493,-0.085,0.1612,0.2682,0.1977,0.1496,0.1426,0.1839,-0.0391,0.148,-0.0105,-0.0036,-0.001,-0.0177,0.0152,0.0526,0.1468,0.103,-0.08,-0.0713,-0.0578,0.0478,0.0373,0.4436,0.0675,0.0549,-0.0449,-0.0525,-0.0899,-0.0679,-0.0975,-0.0554,-0.023,-0.0317,-0.0933,-0.0476,-0.1582,-0.174,-0.0723,-0.0488,-0.1479,-0.1704,-0.0568,0.046,-0.0183,0.0871,0.0398,-0.1173,-0.0898,-0.2661,-0.1472,-0.0817,-0.0183,-0.0564,-0.1563,-0.1243,0.1718,0.1013,0.1918,0.4137,-0.0102,0.043,0.0056,-0.0972,-0.0066,-0.1349,-0.0872,-0.0269,0.1285,0.1857,0.0615,0.2495,0.1391,1,0.7694,0.2027,0.16,0.2859,0.2073,0.2439,0.0432,-0.0128,-0.1907,-0.1325,0.0134,-0.0043,-0.0046,-0.0726,0.0546,-0.0976,0.0762,0.1397,0.1091,0.0451,-0.1112,0.0833,0.1577,0.1418,0.1157,0.1319,0.0992,-0.0586,-0.0292,-0.0215,-0.1186,-0.0474,-0.0443,-0.0959,-0.0336,-0.0732,0.138,0.1234,0.0523,0.0604,-0.1272,0.013,-0.1246,-0.0221,-0.0295,0.0812,0.2653,0.1164,0.075,0.2696,-0.1597,-0.0963,0.0452,-0.0121
"owner_buy_tao_30d","owner_trading",-0.1382,0.0498,0.0739,-0.1459,-0.037,-0.1136,0.1211,0.1482,0.1708,-0.0598,,0.0211,0.1089,-0.0265,-0.0192,0.0652,0.1514,0.099,0.0782,0.0465,0.0727,0.0658,0.0367,-0.0352,-0.0094,-0.0737,-0.0951,-0.0444,0.0446,0.135,0.1711,-0.1131,-0.0224,-0.0292,-0.0411,-0.1614,0.2581,-0.0244,0.088,-0.1298,-0.1345,-0.0835,-0.0522,-0.075,-0.0194,-0.0263,-0.0455,-0.0881,-0.0366,-0.1631,-0.1914,-0.1426,-0.0547,-0.1138,-0.1909,-0.1019,-0.0303,-0.0841,-0.0185,-0.0711,-0.0529,0.015,-0.2661,-0.1642,-0.0856,-0.0115,-0.0432,-0.105,-0.2325,0.1485,0.0586,0.1475,0.4388,-0.0649,-0.0485,-0.0573,-0.0491,0.048,-0.0734,-0.1371,-0.0904,0.1399,0.1895,0.0843,0.1593,0.074,0.7694,1,0.1903,0.2693,0.2219,0.2023,0.1653,0.0143,-0.0691,-0.1369,-0.075,0.1068,0.0821,0.0554,-0.0772,0.0336,-0.0751,0.0586,0.0677,0.1076,0.1248,-0.105,0.1585,0.0437,0.0295,0.0084,0.0162,-0.0429,-0.045,0.0638,-0.0085,-0.1203,-0.11,-0.1055,-0.015,0.0286,-0.0059,0.0948,0.0794,3e-04,0.0218,-0.1066,0.0519,-0.1307,-0.0756,-0.0983,0.0715,0.2133,0.0754,0.1307,0.1696,-0.0854,-0.018,0.1107,-0.0041
"owner_cut_sold_ratio_30d","owner_trading",-0.205,-0.1545,-0.0259,-0.1851,-0.2593,-0.0709,-0.1876,0.0545,-0.1649,-0.1839,,-0.0746,-0.1871,-0.1717,-0.2868,0.0073,0.1005,0.0166,0.0335,-0.0323,-0.0424,0.1694,-0.0414,-0.1036,-0.1364,-0.1228,-0.1608,-0.1095,-0.0142,-0.0772,-0.0606,0.0419,-0.3342,-0.0872,0.138,-0.2455,0.3955,-0.0376,-0.0623,-0.0648,-0.0671,-0.1552,0.1523,0.0467,0.0066,-0.0866,-0.0308,-0.1352,-0.0607,0.1115,-0.2017,-0.1884,-0.1659,-0.0208,-0.2121,-0.1145,0.0205,-0.0792,-0.1059,-0.1312,-0.0947,-0.1301,-0.1625,-0.1172,-0.1403,-0.1138,-0.1781,-0.1719,-0.207,0.2253,0.0129,0.2467,0.2771,0.0103,-0.1142,0.0012,-0.0219,-0.1823,0.0237,-0.1052,0.0866,-0.1556,-0.1014,-0.1548,-0.0299,-0.2123,0.2027,0.1903,1,-0.8215,-0.6295,0.9981,0.2691,0.0608,0.013,-0.1972,-0.128,0.0544,0.0467,0.0053,-0.0866,0.0592,-0.1244,-0.031,0.0805,0.3155,-0.1162,-0.1734,-0.0338,0.0551,0.0149,0.0389,0.0453,0.0284,0.0465,-0.0078,-0.1137,-0.179,-0.1971,-0.16,-0.1316,-0.0918,-0.145,0.0907,0.1193,0.0889,0.0724,-0.0304,-0.0726,0.0077,-0.011,0.1083,-0.1119,-0.0555,-0.2706,0.5474,-0.513,-0.1887,-0.1338,-0.0014,-0.0696
"owner_net_buy_tao_30d","owner_trading",0.0682,0.1485,0.0212,0.0351,0.1606,0.0021,0.2449,0.0288,0.2287,0.1088,,0.0473,0.2109,0.1378,0.2176,-0.0125,-0.0534,-0.0255,-0.0138,0.0709,0.0434,-0.1021,0.0426,0.0738,0.0548,0.029,0.0385,0.0279,-0.0137,0.1368,0.1049,-0.0999,0.2606,0.1086,-0.06,0.0536,-0.0223,0.0863,0.0485,-0.0128,-0.0146,0.0546,-0.1575,-0.0772,-0.0582,0.0219,-0.037,0.0305,0.0349,-0.1048,0.049,0.0889,0.073,-0.0395,0.0574,0.0508,-0.1303,-0.0289,0.0675,0.0695,-0.0132,0.0408,0.0118,0.011,0.0752,0.0229,0.0664,0.0856,-0.0154,-0.1212,0.1145,-0.1416,-0.0927,0.0383,0.1065,0.0435,-0.0047,0.2115,-0.0562,-0.0146,-0.1042,0.2129,0.1872,0.1437,0.1544,0.237,0.16,0.2693,-0.8215,1,0.7781,-0.8193,-0.1502,-0.0722,-0.1001,0.0262,-0.002,-0.0173,-0.0428,-1e-04,0.0155,0.0063,0.0715,0.0462,-0.1064,-0.1392,0.1948,0.0171,0.1319,-0.1278,-0.0966,-0.127,-0.1259,-0.1084,-0.0715,-0.001,0.0566,0.0554,0.0493,0.0199,0.0236,0.0036,0.0422,-0.0258,-0.0594,-0.0575,-0.042,-0.0183,0.0824,-0.0772,-0.0795,-0.172,0.0712,0.1448,0.214,-0.4923,0.6161,0.0439,0.0243,0.0604,0.0095
"owner_net_buy_tao_90d","owner_trading",0.0431,0.2171,0.0192,0.0055,0.1841,-0.0833,0.2635,0.0226,0.2129,0.0989,,0.02,0.1961,0.1051,0.239,-0.0573,-0.092,-0.0762,-0.105,0.026,0.0716,-0.0783,-0.0232,0.1356,0.1439,0.091,0.0093,0.0498,0.1038,0.1637,0.1692,-0.0671,0.2094,0.1041,-0.0366,0.1733,0.0955,0.0483,-0.0213,-0.0509,-0.0587,0.0716,-0.1649,-0.1071,-0.0338,0.1098,-0.0645,0.0579,-0.0463,-0.0594,0.0931,0.1295,0.001,0.0412,0.0994,0.1555,-0.042,0.0317,0.0717,0.0829,-0.0119,0.0492,0.1219,0.014,0.0647,0.0449,0.0845,0.121,0.042,-0.0547,0.1447,-0.0841,-0.0293,0.0241,0.1363,0.0524,-0.0649,0.1429,-0.0195,0.0112,-0.0811,0.1826,0.1591,0.1263,0.1333,0.2215,0.2859,0.2219,-0.6295,0.7781,1,-0.6278,-0.0919,-0.0358,-0.1216,0.0302,0.0064,-0.0499,-0.0871,0.0048,0.0162,0.0812,0.1146,0.0747,-0.0057,-0.0649,0.1549,0.0071,0.087,-0.0667,-0.093,-0.089,-0.0286,-0.0234,-0.0229,0.0295,0.1308,0.0843,0.0404,0.0101,0.0414,0.0665,0.0973,-0.0376,-0.0577,-0.06,-0.0118,-0.0675,0.0647,-0.0536,-0.0571,-0.1276,0.0779,0.1191,0.194,-0.6809,0.8092,0.0459,0.0349,0.0243,-0.0195
"owner_sell_tao_30d","owner_trading",-0.1872,-0.1379,-0.0186,-0.1402,-0.2187,-0.061,-0.1932,0.0511,-0.1658,-0.1713,,-0.0715,-0.1878,-0.1684,-0.2745,0.0168,0.1091,0.0295,0.0399,-0.0345,-0.0305,0.1686,-0.0239,-0.0974,-0.1243,-0.1112,-0.1462,-0.097,0.0076,-0.0721,-0.0425,0.0519,-0.2761,-0.0814,0.1259,-0.2358,0.3955,-0.0237,-0.0429,-0.0456,-0.0471,-0.1229,0.1543,0.0507,0.028,-0.0608,-0.0056,-0.1043,-0.0586,0.1048,-0.1775,-0.1752,-0.1514,-0.0116,-0.1875,-0.1093,0.0221,-0.0773,-0.0979,-0.1233,-0.0545,-0.0921,-0.1625,-0.123,-0.1461,-0.0812,-0.1426,-0.1617,-0.1505,0.2268,0.0099,0.2477,0.2838,-0.0034,-0.1222,-0.0119,-0.0227,-0.1745,0.0095,-0.0743,0.0968,-0.1208,-0.0905,-0.131,-0.0207,-0.1687,0.2073,0.2023,0.9981,-0.8193,-0.6278,1,0.2748,0.0556,0.0438,-0.1529,-0.0906,0.055,0.0474,0.0174,-0.0735,0.0387,-0.1201,-0.0213,0.0882,0.2561,-0.1241,-0.1183,-0.0484,0.067,0.0332,0.0517,0.053,0.048,0.0595,0.0084,-0.0942,-0.1542,-0.1878,-0.1514,-0.1026,-0.0721,-0.1237,0.0895,0.1192,0.0769,0.0624,-0.0336,-0.0819,-2e-04,0.0048,0.1054,-0.1033,-0.0462,-0.2428,0.5564,-0.5232,-0.1595,-0.1085,0.0051,-0.0651
"basket_alpha_share_issued","baskets",-0.8458,-0.4541,-0.3796,-0.6735,-0.3915,-0.2245,-0.1642,-0.0999,-0.0099,-0.2007,,-0.2517,-0.2596,-0.1082,-0.151,0.2777,0.2754,0.2337,0.3057,0.3048,-0.1916,-0.1145,0.1912,-0.0434,-0.3993,-0.189,-0.2735,-0.2249,-0.028,-0.0931,-0.1062,0.0143,-0.0086,-0.0332,0.2515,0.0339,0.0531,0.2251,0.0582,0.0283,0.0046,0.0384,0.0954,0.1623,0.0271,0.0398,0.0727,0.0511,-0.1108,-0.3999,-0.1621,-0.0355,0.0325,-0.1449,-0.1526,-0.1138,-0.4249,-0.3707,0.0438,0.0642,0.0019,-0.0146,0.2383,-0.0451,-0.0827,0.0925,0.0512,-0.1065,-0.2148,0.1448,0.1084,0.1836,0.0901,-0.0723,-0.1031,-0.1186,0.326,0.2503,-0.0484,-0.2667,0.1599,0.1268,0.1018,0.0516,0.0281,-0.0499,0.2439,0.1653,0.2691,-0.1502,-0.0919,0.2748,1,-0.2853,0.0966,-0.0261,0.0038,0.2965,0.2218,0.2066,0.0394,0.0977,0.014,0.0017,0.093,0.3252,0.0141,-0.3172,0.0439,0.3049,0.1993,0.2972,0.2975,0.1147,0.0314,0.0426,0.0506,-0.2135,0.0445,0.0892,0.0435,-0.003,-0.0154,0.0175,0.0219,-0.0924,-0.0948,0.3488,0.2774,0.0031,-0.317,0.1778,0.1228,0.0419,-0.1011,0.033,-0.011,-0.0282,5e-04,0.298,0.0309
"basket_net_buy_tao_30d","baskets",0.4614,0.1901,0.205,0.3225,0.1464,0.0803,0.0189,0.0642,0.0183,0.0433,,0.2276,0.1103,-0.0473,0.1291,-0.0503,0.0376,0.0775,-0.052,-0.1572,0.1869,0.0123,-0.0017,0.0014,0.1424,0.0615,0.1344,0.0609,0.114,0.1252,0.0582,-0.0599,-0.0156,-0.1492,0.0586,-0.1543,-0.2579,-0.1637,0.0535,-0.017,-0.0041,0.1112,-0.0881,-0.1561,0.1278,0.1056,0.1079,0.1071,0.1074,-0.0074,0.2295,0.0864,0.138,0.2315,0.2421,0.1077,0.2525,0.2861,0.2956,0.2511,-0.0158,-0.0644,-0.0297,-0.1354,-0.139,-0.0503,-0.0456,-0.0834,0.0204,0.1749,0.1344,0.1836,0.2224,-0.0264,0.045,-0.0438,-0.2341,-0.2859,-0.0104,0.2404,-0.1035,-0.1851,-0.0745,0.0218,0.0669,-0.0053,0.0432,0.0143,0.0608,-0.0722,-0.0358,0.0556,-0.2853,1,0.2828,0.0277,0.0315,-0.1379,-0.1364,-0.1298,-0.0752,0.0139,-0.0218,-0.0412,0.145,-0.0815,-0.2037,0.1685,-0.199,0.024,0.0595,3e-04,-6e-04,0.1711,0.0692,0.0958,0.1007,0.2699,0.1091,0.1311,-0.013,-0.0197,-0.0491,0.1436,0.1561,0.0068,0.007,-0.2666,-0.2926,-0.0182,0.278,-0.115,-0.1919,0.0748,0.0134,0.1098,-0.062,0.0473,0.0431,-0.1688,-0.123
"baskets_net_buyers_n_30d","baskets",0.3241,0.2213,0.0879,0.3022,0.3243,0.1562,-0.0808,-0.1471,-0.0421,0.0346,,-0.0907,-0.0555,0.2035,-0.0541,0.4536,0.4641,0.4735,0.3957,0.1986,0.3825,-0.1705,0.4367,0.0598,0.2019,0.3567,0.4049,0.3331,0.2572,-0.0357,0.1269,0.2636,0.319,-0.0236,0.0279,0.2521,0.0165,0.2049,0.5266,0.3969,0.4104,0.5763,0.0878,0.1422,0.5013,0.4829,0.5827,0.5799,0.0661,-0.1911,0.3056,0.2963,0.2737,0.1105,0.3063,-0.0517,0.0484,0.3305,0.229,0.1687,0.3265,0.2758,0.2367,0.1423,0.1022,0.2891,0.2412,0.0653,0.226,-0.0642,-0.1552,-0.019,0.1311,-0.3264,-0.3237,-0.3205,-0.0388,-0.1321,-0.0201,0.1137,-0.0976,-0.0661,0.0539,0.0727,0.0807,0.1776,-0.0128,-0.0691,0.013,-0.1001,-0.1216,0.0438,0.0966,0.2828,1,0.3717,0.3748,-0.0212,-0.0067,0.1865,0.1769,-0.195,-0.0185,0.0338,0.1357,-0.2779,-0.3694,0.6319,-0.4386,0.4741,0.5516,0.5003,0.3467,0.5511,0.2011,0.3467,0.3969,0.3022,0.2435,0.2349,0.2784,0.2334,0.1981,-0.0611,-0.0437,-0.278,-0.2584,-0.0456,-0.1524,0.0752,0.034,-0.1232,-0.131,0.1047,0.1696,0.1172,-0.1261,0.433,0.4174,0.0022,0.1812
"emission_flag_on_share_30d","emissions",0.3248,0.3555,0.3104,0.3216,0.3954,0.0665,-0.0498,0.0422,-0.0129,0.1942,,-0.0328,0.0198,0.1042,0.0816,0.2065,0.1922,0.2622,0.1946,0.1487,0.2224,-0.2189,0.238,0.0869,0.253,0.4251,0.3324,0.3994,0.2349,0.1211,0.2228,0.1465,0.4637,0.0734,0.1127,0.1062,-0.2196,-0.0115,0.2635,0.2412,0.2507,0.4177,0.0212,0.1242,0.2712,0.3031,0.2907,0.3896,0.0077,-0.0482,0.4955,0.3234,0.349,0.1736,0.4924,0.2253,0.1179,0.1218,0.1308,0.0896,0.592,0.6168,0.4577,0.4672,0.4829,0.6432,0.6231,0.3141,0.438,-0.5575,-0.4929,-0.5656,-0.1832,-0.4214,-0.3243,-0.3797,0.1404,0.0206,0.1553,0.0276,-0.1346,0.0369,-0.0874,0.1939,0.0208,0.2957,-0.1907,-0.1369,-0.1972,0.0262,0.0302,-0.1529,-0.0261,0.0277,0.3717,1,0.7968,0.0174,0.0108,0.3967,0.3528,-0.119,0.1755,0.1652,0.0259,-0.355,-0.2797,0.5829,-0.3705,0.3781,0.4231,0.3832,0.415,0.3827,0.1274,0.167,0.2735,0.4884,0.2641,0.241,0.5953,0.6946,0.6532,-0.5755,-0.5602,-0.4413,-0.39,0.2197,0,0.289,-0.1112,-0.1927,-0.0345,0.0957,0.3257,-0.1036,-0.0318,0.8582,0.7355,0.1007,0.3844
"tao_emission_on_share_30d","emissions",0.3129,0.3944,0.352,0.3038,0.4711,0.1371,0.0209,0.0984,-0.0672,0.2258,,0.0679,0.0975,0.157,0.0457,0.1989,0.1718,0.2045,0.1517,0.0696,0.2047,-0.1495,0.1728,-0.0039,0.2826,0.4171,0.2935,0.3934,0.239,0.1167,0.229,0.1055,0.5178,0.0658,0.2618,0.0744,-0.1585,-0.0284,0.3448,0.2308,0.2496,0.3988,0.0841,0.0529,0.3054,0.352,0.3484,0.3844,-0.0107,-0.1179,0.4116,0.2658,0.3517,0.1362,0.4079,0.0698,0.146,0.1492,0.2158,0.1937,0.862,0.7732,0.4449,0.4743,0.4972,0.7516,0.7326,0.2684,0.3224,-0.5193,-0.4671,-0.5309,-0.1725,-0.7061,-0.5698,-0.6696,0.1089,-0.0054,0.147,0.0605,-0.3,0.1252,-0.0171,0.1943,0.0635,0.3343,-0.1325,-0.075,-0.128,-0.002,0.0064,-0.0906,0.0038,0.0315,0.3748,0.7968,1,0.1048,0.1293,0.4715,0.2997,-0.1149,0.1273,0.1031,0.0542,-0.3597,-0.1401,0.5719,-0.2357,0.3989,0.4428,0.398,0.4018,0.3406,-0.0189,0.2108,0.2195,0.4184,0.3558,0.3131,0.7402,0.6928,0.6732,-0.5001,-0.4774,-0.5825,-0.55,0.1479,-0.0257,0.2223,-0.0567,-0.3299,0.0718,0.126,0.3521,-0.0475,-0.0624,0.6594,0.7792,0.202,0.422
"reg_cost_tao_mean_30d","registrations",-0.2587,-0.187,-0.3065,-0.2633,-0.1994,-0.0883,0.0784,0.1383,-0.0829,0.0793,,0.0192,0.0223,-0.1401,0.0333,0.1706,0.0331,0.0015,0.1863,0.256,-0.0723,-0.2212,0.1201,0.0463,-0.1144,-0.0508,-0.0972,-0.0517,-0.0251,0.0831,0.0289,0.0624,0.0022,0.1603,0.4652,0.1355,0.1959,0.1876,-0.0537,-0.139,-0.1413,-0.1237,0.0243,0.0325,4e-04,-0.0701,-0.0683,-0.1013,-0.1552,0.0137,-0.0824,-0.0896,0.0455,-0.0845,-0.0665,0.0095,-0.3542,-0.2341,-0.0646,-0.0675,0.0716,0.1576,0.3714,0.1164,0.1123,0.2191,0.2126,0.1862,-0.305,-0.0306,-0.1064,-0.0027,0.0476,-0.1898,-0.2198,-0.1981,0.2999,0.1913,0.287,-0.3006,-0.0755,-0.0142,-0.0053,0.1181,0.0969,-0.0093,0.0134,0.1068,0.0544,-0.0173,-0.0499,0.055,0.2965,-0.1379,-0.0212,0.0174,0.1048,1,0.9385,0.577,0.0428,0.0699,0.1014,-0.2545,-0.008,0.0816,0.0377,-0.1027,0.0897,0.1433,0.0226,0.1051,0.1994,0.0029,-0.0608,-0.0828,-0.1099,-0.0913,-0.0402,0.0438,0.1036,0.2203,0.2489,-0.1232,-0.1307,-0.1259,-0.1322,0.2732,0.2873,0.2128,-0.2238,-0.0016,0.0338,0.0999,0.0139,-0.0774,-0.0036,0.0907,0.1092,0.8912,0.0714
"reg_cost_tao_now","registrations",-0.1852,-0.1583,-0.2848,-0.1994,-0.1512,-0.0865,0.1047,0.1357,-0.1194,0.1329,,0.0575,0.0644,-0.1012,0.0321,0.1469,0.0208,-0.0167,0.1485,0.2079,-0.0145,-0.1751,0.1289,0.0761,-0.0664,0.0129,-0.0263,0.0098,0.0101,0.1003,0.0575,0.0437,-0.0237,0.185,0.4093,0.1932,0.0603,0.1683,-0.038,-0.1344,-0.136,-0.1073,0.0419,0.0305,-0.0101,-0.0641,-0.0577,-0.0875,-0.1403,0.0359,-0.066,-0.1057,0.0746,-0.0923,-0.0528,0.0021,-0.3095,-0.178,-0.0779,-0.0895,0.1217,0.1643,0.359,0.1403,0.1379,0.2009,0.1892,0.1187,-0.22,-0.0536,-0.1578,-0.0236,-0.013,-0.2525,-0.2471,-0.264,0.261,0.1673,0.269,-0.2188,-0.1213,-0.0099,-0.0238,0.08,0.0509,-0.0344,-0.0043,0.0821,0.0467,-0.0428,-0.0871,0.0474,0.2218,-0.1364,-0.0067,0.0108,0.1293,0.9385,1,0.5363,-0.0471,0.0354,0.0647,-0.2662,0.0098,0.0073,0.0213,-0.0698,0.0776,0.1443,0.0311,0.1033,0.198,0.0183,-0.074,-0.0651,-0.1118,-0.0725,-0.0703,0.0229,0.166,0.2243,0.2525,-0.0685,-0.0777,-0.1919,-0.2005,0.2311,0.2687,0.1838,-0.1321,-0.0388,0.0732,0.0689,0.0112,-0.0409,-0.0162,0.0941,0.1276,0.8136,0.051
"reg_recycled_tao_30d","registrations",-0.0266,0.062,0.021,-0.0174,0.0736,-0.0221,-0.0554,0.1829,-0.0906,0.0991,,-0.0507,-0.0177,-0.0952,-0.0386,0.3125,0.1245,0.0732,0.3092,0.3739,-0.013,-0.2959,0.1378,0.0412,-0.0448,0.157,-0.014,0.1313,0.0841,0.1898,0.0147,0.1451,0.2904,0.2729,0.4166,0.2225,0.2083,0.2631,0.0201,-0.0248,-0.0159,0.1227,0.0281,0.1274,0.1783,0.1204,0.1406,0.1308,-0.1109,0.0906,0.1447,0.0402,0.0765,0.0957,0.1562,0.0855,-0.2836,-0.1776,-0.0701,-0.0424,0.4013,0.5511,0.5363,0.4364,0.4815,0.5996,0.6066,0.5924,0.0674,-0.4919,-0.4535,-0.4749,0.0037,-0.4196,-0.4638,-0.4051,0.1686,0.0746,0.2508,-0.3889,-0.1332,0.0454,-0.2053,-0.0485,-0.0083,0.0607,-0.0046,0.0554,0.0053,-1e-04,0.0048,0.0174,0.2066,-0.1298,0.1865,0.3967,0.4715,0.577,0.5363,1,0.7076,-0.0873,0.0835,-3e-04,0.0767,-0.1348,-0.1622,0.2668,-0.1439,0.298,0.149,0.2579,0.3755,0.0434,0.0176,0.0125,0.0216,0.1001,0.0229,0.0649,0.3481,0.5144,0.5328,-0.3609,-0.3581,-0.3562,-0.349,0.1734,0.0791,0.2753,-0.3679,-0.109,0.0245,-0.0176,0.0379,-0.111,-0.0037,0.3799,0.4234,0.4926,0.5762
"registrations_30d","registrations",0.098,0.1011,0.1604,0.1169,0.1131,-0.0174,-0.1668,-0.0106,-0.0862,-0.0198,,-0.2023,-0.166,-0.0525,-0.0901,0.3253,0.1947,0.1408,0.3191,0.3551,0.0047,-0.3099,0.0875,-0.0143,0.0167,0.1982,0.0547,0.151,-0.0175,0.145,-0.0639,0.1282,0.2174,0.1453,0.1172,0.192,0.0623,0.2832,0.0289,0.0545,0.0664,0.1784,-0.0413,0.0916,0.1868,0.126,0.1867,0.1692,-0.0256,0.1515,0.1796,0.1206,-0.0068,0.1829,0.1822,0.0607,-0.0389,0.0133,-0.0068,0.0362,0.1901,0.3857,0.5137,0.4264,0.4859,0.4449,0.5067,0.6905,0.198,-0.5977,-0.4268,-0.5887,-0.0408,-0.1687,-0.2148,-0.1355,0.0208,-0.0739,0.0679,-0.2698,0.0037,-0.05,-0.1919,-0.1594,-0.1154,0.0542,-0.0726,-0.0772,-0.0866,0.0155,0.0162,-0.0735,0.0394,-0.0752,0.1769,0.3528,0.2997,0.0428,-0.0471,0.7076,1,-0.1041,-0.0319,0.0845,0.1406,-0.2035,-0.2656,0.3353,-0.2905,0.2616,0.1385,0.2561,0.3448,0.018,0.0958,-0.0092,0.0544,0.1157,0.1146,0.1009,0.1675,0.3799,0.4144,-0.4253,-0.412,-0.1909,-0.1724,0.0058,-0.1413,0.1569,-0.2963,-0.0143,-0.0923,-0.1149,0.0496,-0.0709,-0.0481,0.2972,0.3162,-0.0061,0.6854
"commit_reveal_on","settings",-0.1852,-0.1994,-0.0164,-0.1836,-0.1487,0.0112,0.1575,-0.0224,0.135,-0.0939,,0.1067,0.1269,-0.031,0.0732,0.0087,0.0562,-0.0694,0.0188,0.1094,-0.0238,-0.0845,-7e-04,-0.0086,-0.0339,0.0356,0.0257,0.049,-0.015,-0.0133,-0.1196,-0.0744,-0.0973,0.0672,0.024,-0.0053,-0.0798,-0.1619,0.0179,-0.0098,-0.0244,-0.105,0,0,-0.0059,-0.0583,-0.1143,-0.1163,-0.0727,-0.1613,-0.028,-0.028,0.0746,-0.093,-0.0234,0.0289,-0.0137,-0.1361,-0.1121,-0.0625,-0.0876,-0.1513,-0.2686,-0.089,-0.1331,-0.0808,-0.1016,-0.0545,-0.2327,0.0961,0.1688,0.1012,0.1486,0.1503,0.084,0.1509,0.1366,0.1753,0.1738,-0.1371,0.106,0.054,0.1344,0.0188,0.1469,0.0347,0.0546,0.0336,0.0592,0.0063,0.0812,0.0387,0.0977,0.0139,-0.195,-0.119,-0.1149,0.0699,0.0354,-0.0873,-0.1041,1,0.1491,-0.1164,0.0427,0.2917,0.159,-0.2114,0.1646,-0.0647,-0.0954,-0.0813,-0.0259,-0.0696,0.0894,-0.0736,-3e-04,-0.0303,-0.0819,-0.0573,-0.0791,-0.0098,-0.0292,0.0023,0.0145,0.1003,0.0862,0.1093,0.2339,0.1251,-0.1429,0.1344,0.0909,0.1767,0.0582,-0.1031,0.1791,-0.0587,-0.0486,0.1053,-0.0981
"liquid_alpha_on","settings",-0.0191,0.0105,-0.0814,-9e-04,-0.0074,0.0846,0.124,-0.1491,0.1709,0.0833,,0.0958,0.1756,0.2852,0.0993,-0.0319,-0.0881,-0.0913,-0.0036,0.0886,0.028,-0.1034,-0.021,0.2372,-0.0595,0.1051,0.0349,0.1117,0.0617,-0.0805,0.1513,0.0797,0.1263,0.135,-0.0721,0.1839,0.1172,0.1429,-0.1201,-0.0307,-0.0453,0.0837,-0.0464,0.1999,0.0417,0.1052,0.0039,0.1007,0.2277,-0.0726,0.0167,-0.0494,0.0507,-0.101,0.0221,0.0129,-0.1235,-0.0349,0.1113,0.1426,0.1119,0.1082,0.1529,0.1205,0.0985,0.1468,0.1411,0.0172,0.0181,-0.0995,-0.0656,-0.1197,-0.0556,-0.0279,0.0108,-0.0196,-0.0144,0.0815,0.048,0.0867,-0.0559,-0.0061,0.1269,0.0757,0.0487,0.0341,-0.0976,-0.0751,-0.1244,0.0715,0.1146,-0.1201,0.014,-0.0218,-0.0185,0.1755,0.1273,0.1014,0.0647,0.0835,-0.0319,0.1491,1,0.0521,-0.0573,0.2236,-0.1119,-0.0542,-0.0503,0.0067,-0.0928,-0.0121,0.0655,0.0019,0.1733,0.1604,0.0811,-0.0355,0.0575,0.0924,0.1439,0.1179,0.1072,-0.0794,-0.0707,-0.0053,0.0113,0.0247,0.0724,0.0835,-0.0198,-0.066,-0.0679,0.0665,0.0248,-0.1411,0.0896,0.1266,0.0957,0.1206,-0.0449
"max_neurons","settings",0.076,-0.0459,0.1817,0.1524,0.0831,0.0788,0.0269,-0.0137,0.0302,-0.0497,,-0.1447,-0.0132,0.1123,-0.0593,0.0063,-0.1032,-0.0174,0.0294,0.0087,-0.0364,-0.0321,-0.0163,0.0157,-0.0165,-0.0654,0.0178,-0.0454,0.1236,-0.0766,0.1055,0.083,0.1101,0.0349,-0.1486,0.1124,-0.1129,-0.1584,-0.0058,-0.0397,-0.0442,0.0065,-0.1883,-0.1042,-0.0519,0.0033,-0.0304,0.0168,0.0254,0.023,0.011,-0.0919,-0.0101,0.0789,0.0068,0.0706,0.109,0.0156,-0.0244,0.0049,0.1272,0.1379,0.1023,0.0748,0.0741,0.0702,0.0257,-0.1355,0.5148,-0.0559,0.0023,-0.0641,-0.0527,-0.0041,-0.0425,-0.0219,-0.0274,-0.0233,-0.1621,0.0263,0.157,0.0533,0.0678,0.0696,0.0555,0.1366,0.0762,0.0586,-0.031,0.0462,0.0747,-0.0213,0.0017,-0.0412,0.0338,0.1652,0.1031,-0.2545,-0.2662,-3e-04,0.0845,-0.1164,0.0521,1,-0.1475,-0.0713,-0.1647,0.0755,-0.143,0.0283,0.0169,0.0238,-0.036,-0.0192,0.0312,0.0135,0.055,0.0122,0.0207,-0.0639,-0.0208,0.0032,-0.0702,-0.0333,-0.0161,0.1258,0.1291,0.0631,-0.048,-0.0761,-0.0287,0.1052,0.0117,0.0448,0.0858,-0.0164,0.0484,0.063,0.0164,-0.2309,-0.0268
"mech_count","settings",-0.0079,0.0456,0.0812,-0.017,0.012,-0.0867,-0.1679,-0.1549,-0.1097,0.0577,,-0.1367,-0.2076,-0.1303,0.0688,0.0133,0.0144,0.0346,-0.0392,-0.0351,-0.0228,0.0583,-0.0652,-0.1386,0.0966,0.0728,0.0309,0.0418,-0.1236,-0.0629,-0.1062,0.0332,-0.0049,-0.032,0.1486,0.2871,0.3549,0.1584,0.0957,0.1744,0.2019,0.0662,-0.0398,-0.0572,0.1402,0.0687,0.1025,0.0545,-0.0279,0.0233,0.0619,0.1748,-0.0046,0.131,0.0654,-0.0777,0.2121,0.1453,0.0199,0.0271,0.0339,-0.0344,-0.1637,-0.0362,-0.0429,-0.0136,-0.0421,0.1493,-0.019,0.0236,-0.0216,0.0221,0.1319,-0.0362,0,-0.0754,-0.1231,-0.055,-0.1105,0.0206,0.0935,0.066,0.0478,-0.012,0.0439,0.069,0.1397,0.0677,0.0805,-0.1064,-0.0057,0.0882,0.093,0.145,0.1357,0.0259,0.0542,-0.008,0.0098,0.0767,0.1406,0.0427,-0.0573,-0.1475,1,-0.128,-0.084,0.075,-0.1058,0.1726,0.099,0.1089,0.0866,0.0661,-0.0344,0.0765,0.0408,0.0553,-0.0045,-0.0036,0.009,-0.0153,-0.0511,0.0394,0.0363,0.0061,0.0023,-0.1093,-0.0425,-0.0546,0.0132,0.0903,0.0546,0.068,0.084,0.0613,-0.0905,0.0062,0.0363,0.0042,0.0158
"yuma3_on","settings",-0.5205,-0.2889,-0.1047,-0.5327,-0.4048,-0.1738,-0.0133,-0.126,0.0107,-0.1338,,0.0133,-0.0614,-0.0513,-0.0702,-0.1075,-0.0645,-0.0864,-0.0256,0.0779,-0.2628,0.0114,-0.1009,0.0497,-0.3003,-0.272,-0.2898,-0.2874,-0.1397,-0.1767,-0.0839,-0.0226,-0.3799,-0.0982,0.0713,-0.1224,0.0781,-0.0605,-0.1861,-0.1862,-0.1791,-0.2772,0,0.0722,-0.1767,-0.2212,-0.2541,-0.2928,0.0727,-0.0922,-0.285,-0.1448,-0.2156,-0.1728,-0.282,-0.0289,-0.3255,-0.2579,-0.1048,-0.0863,-0.2982,-0.3095,-0.2535,-0.3209,-0.3418,-0.3121,-0.2841,-0.1973,-0.4968,0.3257,0.2802,0.3166,0.1767,0.1643,0.1287,0.1588,0.1304,0.1135,0.0532,-0.3465,-0.0537,-0.1172,0.0448,-0.0564,0.0327,-0.285,0.1091,0.1076,0.3155,-0.1392,-0.0649,0.2561,0.3252,-0.0815,-0.2779,-0.355,-0.3597,0.0816,0.0073,-0.1348,-0.2035,0.2917,0.2236,-0.0713,-0.128,1,0.1849,-0.5474,0.2936,-0.157,-0.2507,-0.1663,-0.1066,-0.1762,0.0298,-0.0603,-0.1183,-0.2929,-0.2252,-0.1799,-0.2249,-0.2551,-0.2434,0.3372,0.3353,0.1421,0.1528,0.1929,0.1867,0.01,-0.3621,0.0048,-0.0709,0.0361,-0.2751,0.0377,7e-04,-0.3618,-0.361,0.0453,-0.2231
"holders_hhi","holder_dispersion",-0.2425,-1e-04,0.0945,-0.2478,0.0206,-0.0589,-0.0276,0.1225,-0.1054,0.0927,,0.0755,-0.0037,-0.0701,0.0381,-0.2987,-0.2618,-0.254,-0.3182,-0.1748,-0.1734,0.178,-0.2639,-0.1943,0.0326,-0.137,-0.1997,-0.1401,-0.1044,-0.0409,-0.1019,-0.2378,-0.0565,-0.1543,-0.2558,-0.2304,-0.0372,-0.1681,-0.2147,-0.3402,-0.3393,-0.4476,-0.0365,-0.0947,-0.3176,-0.3218,-0.4124,-0.4391,-0.0371,0.1678,-0.2672,-0.1886,-0.1101,-0.1866,-0.2699,-0.1262,-0.0415,-0.2131,-0.1758,-0.192,-0.0948,-0.1044,-0.5926,-0.3738,-0.3769,-0.2233,-0.1442,-0.147,-0.1444,0.2238,0.2471,0.1746,0.0683,0.0278,0.0488,0.0414,0.1743,0.4451,0.1228,-0.0499,0.0745,0.5787,0.0051,0.0924,0.0876,-0.0053,0.0451,0.1248,-0.1162,0.1948,0.1549,-0.1241,0.0141,-0.2037,-0.3694,-0.2797,-0.1401,0.0377,0.0213,-0.1622,-0.2656,0.159,-0.1119,-0.1647,-0.084,0.1849,1,-0.4159,0.8916,-0.3378,-0.2772,-0.3648,-0.2837,-0.3248,-0.071,-0.2696,-0.2995,-0.2334,-0.168,-0.166,0.0013,-0.1518,-0.086,0.0755,0.0346,0.0087,0.0333,0.1073,0.4084,0.0136,-0.0012,0.1,0.567,0.0613,-0.0167,-0.1729,0.1963,-0.2862,-0.1321,0.1129,-0.0245
"holders_positions_n","holder_dispersion",0.7,0.5596,0.454,0.7063,0.6767,0.1912,-0.0907,-0.0883,-0.0223,0.0649,,0.0657,0.0026,0.1078,0.0536,0.2149,0.254,0.2911,0.1409,-0.0412,0.4072,-0.0881,0.2908,0.1565,0.4731,0.5456,0.5418,0.5367,0.2679,0.1681,0.19,0.1562,0.4095,0.0632,0.0861,0.1995,-0.179,0.1706,0.4612,0.4137,0.4405,0.5559,0.1051,0.0789,0.4454,0.4614,0.4858,0.5263,0.1193,-0.0392,0.5312,0.3994,0.3146,0.272,0.5288,0.1321,0.2721,0.5274,0.2167,0.1858,0.5288,0.5929,0.3596,0.3553,0.3798,0.5534,0.5432,0.2929,0.4604,-0.3856,-0.3742,-0.3766,-0.0433,-0.3546,-0.3191,-0.3153,-0.127,-0.2264,0.0057,0.2053,-0.1297,-0.0124,-0.0175,0.1291,0.037,0.3246,-0.1112,-0.105,-0.1734,0.0171,0.0071,-0.1183,-0.3172,0.1685,0.6319,0.5829,0.5719,-0.1027,-0.0698,0.2668,0.3353,-0.2114,-0.0542,0.0755,0.075,-0.5474,-0.4159,1,-0.5541,0.2755,0.4421,0.2937,0.1868,0.3971,0.1586,0.3132,0.3956,0.5612,0.3125,0.2962,0.4313,0.5482,0.518,-0.2936,-0.2712,-0.3522,-0.3216,-0.1061,-0.2711,0.0859,0.1212,-0.2136,-0.0991,0.0806,0.3276,0.0033,-0.063,0.6038,0.5857,-0.0468,0.3337
"holders_top10_share","holder_dispersion",-0.293,-0.0458,0.1276,-0.287,-0.0526,-0.0305,0.0502,0.1171,-0.0624,0.0098,,0.1397,0.0557,-0.0502,0.0264,-0.2955,-0.3118,-0.3009,-0.2879,-0.1568,-0.243,0.2163,-0.2242,-0.1738,-0.031,-0.1822,-0.2612,-0.2207,-0.1464,-0.0955,-0.1371,-0.2118,-0.1724,-0.1835,-0.285,-0.294,-0.0635,-0.19,-0.3495,-0.4369,-0.4311,-0.5594,-0.1373,-0.1336,-0.4592,-0.4745,-0.5429,-0.5612,-0.0477,0.3037,-0.3522,-0.3001,-0.2074,-0.1814,-0.3493,-0.1452,-0.0856,-0.3163,-0.2384,-0.2598,-0.15,-0.1819,-0.4707,-0.3646,-0.3772,-0.2778,-0.1918,-0.2125,-0.2177,0.2627,0.2562,0.2168,0.0978,0.0926,0.1071,0.1211,0.1291,0.3841,0.1813,-0.0931,0.0657,0.4142,0.0189,-0.0478,-0.0089,-0.118,0.0833,0.1585,-0.0338,0.1319,0.087,-0.0484,0.0439,-0.199,-0.4386,-0.3705,-0.2357,0.0897,0.0776,-0.1439,-0.2905,0.1646,-0.0503,-0.143,-0.1058,0.2936,0.8916,-0.5541,1,-0.3764,-0.3582,-0.3976,-0.3076,-0.3558,-0.1188,-0.372,-0.4341,-0.3005,-0.2667,-0.2649,-0.073,-0.2161,-0.1367,0.1524,0.1072,0.0868,0.1174,0.0805,0.3725,0.0451,0.0109,0.1011,0.4371,-0.0417,-0.1254,-0.1381,0.1512,-0.388,-0.2521,0.1431,-0.1354
"gh_active_days_lag30_org","development_lag",0.0209,0.066,-0.0617,-0.0091,0.0181,0.0335,0.0772,0.1421,0.1301,0.0375,,-0.1253,0.1409,0.2779,0.0629,0.7688,0.7116,0.7257,0.7371,0.5674,0.4086,-0.4102,0.4857,0.1243,0.0409,0.2376,0.3033,0.2418,0.1774,0.0806,0.0689,0.1931,0.291,0.0189,-0.0462,0.037,0.0121,-0.0873,0.3121,0.3683,0.3557,0.343,0.0025,-0.003,0.3479,0.3557,0.446,0.4122,0.0153,-0.3585,0.1685,0.1908,0.2048,0.0125,0.1731,-0.0633,-0.0362,0.007,0.1729,0.1569,0.3804,0.2375,0.632,0.3131,0.2824,0.3633,0.3039,0.1356,0.1692,-0.2198,-0.3147,-0.1774,0.0605,-0.2711,-0.2203,-0.2648,0.0426,-0.0375,-0.0045,-0.0733,-0.0568,-0.1583,0.0791,-0.015,-0.11,0.1508,0.1577,0.0437,0.0551,-0.1278,-0.0667,0.067,0.3049,0.024,0.4741,0.3781,0.3989,0.1433,0.1443,0.298,0.2616,-0.0647,0.0067,0.0283,0.1726,-0.157,-0.3378,0.2755,-0.3764,1,0.8311,0.9777,0.8631,0.6708,-0.0568,0.2544,0.2796,0.1144,0.2784,0.2136,0.1971,0.2157,0.1802,-0.1682,-0.1455,-0.112,-0.106,-0.0201,-0.002,0.0549,-0.183,-0.0478,-0.1349,-0.1059,0.1318,0.0381,-0.025,0.3462,0.2778,0.184,0.3335
"gh_authors_lag30_org","development_lag",0.1403,0.226,0.086,0.1241,0.2149,0.1177,0.0344,0.1661,0.1207,0.0806,,-0.0545,0.2016,0.3658,0.0879,0.6389,0.7784,0.86,0.6102,0.3632,0.5254,-0.3174,0.5775,0.1897,0.1967,0.3601,0.4357,0.3502,0.2742,0.1013,0.1104,0.1797,0.2792,-0.0983,-0.0346,0.1716,-0.1274,-0.1114,0.4104,0.4512,0.4685,0.4463,0.149,0.0856,0.3658,0.3554,0.4851,0.4704,0.0759,-0.2995,0.2829,0.2931,0.3466,0,0.2832,-0.0978,0.0771,0.2065,0.2336,0.2246,0.4041,0.2837,0.3833,0.2109,0.1851,0.355,0.2882,0.0581,0.181,-0.1024,-0.24,-0.058,0.0717,-0.2328,-0.1843,-0.1962,-0.0153,-0.0756,-0.1208,0.0811,-0.0494,-0.0491,0.1355,0.1368,0.0246,0.2762,0.1418,0.0295,0.0149,-0.0966,-0.093,0.0332,0.1993,0.0595,0.5516,0.4231,0.4428,0.0226,0.0311,0.149,0.1385,-0.0954,-0.0928,0.0169,0.099,-0.2507,-0.2772,0.4421,-0.3582,0.8311,1,0.8506,0.6509,0.7467,0.0331,0.2653,0.3547,0.2883,0.4282,0.3675,0.2553,0.2561,0.1976,-0.1212,-0.1032,-0.1274,-0.0808,-0.0401,-0.035,-0.0495,-0.0079,-0.0501,-0.0288,0.0404,0.2739,0.0289,-0.0079,0.4393,0.3532,0.1118,0.2735
"gh_commits_lag30_org","development_lag",0.0449,0.0585,-0.0304,0.0187,0.0281,0.0577,0.0791,0.1377,0.1256,0.0453,,-0.1243,0.1584,0.3228,0.0686,0.783,0.7449,0.7639,0.7672,0.5603,0.434,-0.4014,0.5322,0.1617,0.0564,0.2544,0.3464,0.2602,0.1755,0.0833,0.0648,0.1902,0.3047,0.0189,-0.0336,-0.0231,0.0556,-0.0831,0.3504,0.3677,0.364,0.3721,0.0427,0.0247,0.3737,0.3598,0.4692,0.4345,0.0504,-0.3918,0.1853,0.1922,0.2364,-0.0089,0.1867,-0.0755,-0.0187,0.0177,0.1811,0.1663,0.3715,0.2231,0.642,0.3035,0.2678,0.3464,0.2922,0.1203,0.1673,-0.2033,-0.2933,-0.1576,0.0588,-0.2381,-0.2068,-0.2202,0.0404,-0.0603,-0.0331,-0.0512,-0.0705,-0.1765,0.1134,0.0309,-0.0726,0.1905,0.1157,0.0084,0.0389,-0.127,-0.089,0.0517,0.2972,3e-04,0.5003,0.3832,0.398,0.1051,0.1033,0.2579,0.2561,-0.0813,-0.0121,0.0238,0.1089,-0.1663,-0.3648,0.2937,-0.3976,0.9777,0.8506,1,0.8412,0.7069,-0.0702,0.257,0.2831,0.1282,0.3086,0.2416,0.198,0.1937,0.1616,-0.1601,-0.1387,-0.1048,-0.0901,-0.0092,-0.0196,0.0377,-0.1862,-0.0625,-0.1548,-0.0658,0.1758,0.0486,-0.0487,0.3673,0.2818,0.1445,0.3174
"gh_commits_lag30_repo","development_lag",-0.0116,0.0058,-0.1463,-0.079,-0.0612,-0.0474,0.1424,0.1813,0.0509,0.0176,,-0.1204,0.1297,0.2197,0.0011,0.6633,0.5714,0.5564,0.6456,0.7005,0.3586,-0.5328,0.4086,0.1135,-0.0221,0.2548,0.1848,0.2089,0.1016,0.0854,0.0742,0.1618,0.2733,0.0132,-0.0843,0.0418,-0.0868,-0.096,0.1977,0.2018,0.1806,0.2587,0.016,0.0461,0.2738,0.2961,0.3524,0.3275,-0.0471,-0.199,0.1143,0.0754,0.1652,0,0.1079,-0.0265,-0.137,-0.1545,0.0603,0.0748,0.3367,0.2727,0.6997,0.3358,0.3187,0.43,0.3888,0.1593,0.1266,-0.299,-0.367,-0.2659,0.0407,-0.2201,-0.1762,-0.2127,0.0906,-0.0461,0.1064,-0.1747,-0.0811,-0.2223,-0.0264,-0.0774,-0.1546,0.0723,0.1319,0.0162,0.0453,-0.1259,-0.0286,0.053,0.2975,-6e-04,0.3467,0.415,0.4018,0.1994,0.198,0.3755,0.3448,-0.0259,0.0655,-0.036,0.0866,-0.1066,-0.2837,0.1868,-0.3076,0.8631,0.6509,0.8412,1,0.5598,-0.0328,0.1416,0.1539,0.0684,0.1138,0.1327,0.1978,0.2471,0.2354,-0.2295,-0.2132,-0.1034,-0.1155,0.0281,0.0199,0.1501,-0.2773,-0.0659,-0.2012,-0.1439,0.0611,-0.0709,0.0617,0.3181,0.2844,0.2352,0.3683
"gh_prs_merged_lag30_org","development_lag",0.241,0.1221,0.0972,0.208,0.1935,0.0987,0.0724,0.1387,0.1513,0.0229,,-0.0921,0.1876,0.3297,0.2065,0.5371,0.6529,0.7205,0.5111,0.307,0.5768,-0.27,0.7442,0.194,0.2457,0.4126,0.5002,0.383,0.2246,0.0518,0.1633,0.2229,0.2206,-0.1372,0.0651,0.1196,0.0687,0.0172,0.2833,0.361,0.3744,0.3744,-0.0103,-0.0086,0.3272,0.252,0.4062,0.3575,0.1333,-0.1515,0.3208,0.331,0.2635,0.0526,0.3254,-0.0256,0.1133,0.2505,0.2622,0.2315,0.2984,0.167,0.1726,0.0862,0.0587,0.2194,0.1735,-0.0597,0.2257,0.0532,-0.1112,0.0996,0.1149,-0.1396,-0.1077,-0.0952,-0.092,-0.0883,-0.0958,0.0878,0.041,-0.1512,0.0223,0.0443,-0.0129,0.1969,0.0992,-0.0429,0.0284,-0.1084,-0.0234,0.048,0.1147,0.1711,0.5511,0.3827,0.3406,0.0029,0.0183,0.0434,0.018,-0.0696,0.0019,-0.0192,0.0661,-0.1762,-0.3248,0.3971,-0.3558,0.6708,0.7467,0.7069,0.5598,1,0.0108,0.1203,0.2163,0.3331,0.3291,0.2782,0.2281,0.0983,0.0734,0.072,0.0756,-0.0884,-0.0386,-0.1262,-0.0683,-0.0324,0.0459,0.023,-0.1675,0.016,0.2046,0.0131,-0.0013,0.4048,0.2876,0.0564,0.0627
"kol_neg_posts_lag30","attention_lag",0.04,0.053,-0.1845,0.0538,-0.0175,0.0878,-0.1447,-0.1038,-0.029,0.0498,,-0.2053,-0.129,0.0133,0.0593,-0.0575,0.0633,0.0475,-0.0671,-0.0202,-0.0291,-0.0048,0.0335,0.0739,-0.022,0.0625,0.0815,0.1048,0.0223,-0.0483,-0.0398,0.085,-0.0568,0.0223,-0.2171,0.2871,-0.0161,0.1584,0.0595,0.0096,-0.0026,0.2416,0.269,0.6197,0.1469,0.1082,0.1238,0.2235,-0.0195,0.0573,-0.0448,-0.076,-0.0705,-0.0606,-0.0433,0.1112,0.0288,0.1072,-0.1638,-0.1615,-0.0655,0.0276,,0.1048,0.0875,0.0792,0.0722,-0.0145,0.0624,-0.092,-0.1433,-0.0966,-0.0651,0.0067,-0.0274,0.0084,-0.1153,-0.0695,-0.0985,0.075,-0.0468,-0.0245,0.1189,0.0992,0.107,-0.1545,-0.0586,-0.045,0.0465,-0.0715,-0.0229,0.0595,0.0314,0.0692,0.2011,0.1274,-0.0189,-0.0608,-0.074,0.0176,0.0958,0.0894,0.1733,0.0312,-0.0344,0.0298,-0.071,0.1586,-0.1188,-0.0568,0.0331,-0.0702,-0.0328,0.0108,1,0.1688,0.2552,-0.0441,-0.0312,-0.0612,0.0258,0.1436,0.128,-0.1314,-0.1115,-0.0902,-0.0983,-0.0659,-0.0867,-0.096,0.0486,-0.0594,-0.0521,0.1268,-0.1701,-0.0846,0.0537,0.1189,0.0846,-0.0257,0.1107
"kol_pos_posts_lag30","attention_lag",0.0767,0.1995,0.0056,0.0529,0.1527,-0.0041,-0.0266,-0.0524,0.055,0.071,,0.1241,0.095,0.0741,0.1325,0.1203,0.1035,0.14,0.0952,0.0192,0.0239,0.0559,-0.0401,0.1187,0.0602,0.0089,0.0979,0.1239,0.2518,0.1116,0.2414,0.2036,0.2567,0.1328,-0.1142,0.1648,0.0528,0.0363,0.4113,0.2856,0.2656,0.57,0.3516,0.3293,0.47,0.7017,0.4774,0.6325,0.0593,-0.2286,0.1982,0.212,0.1364,0.0812,0.2006,0.0846,0.165,0.2786,0.0728,0.0655,0.1974,0.1796,0.0799,0.1931,0.1683,0.2392,0.1626,0.0061,0.0717,-0.0601,-0.0792,-0.0339,-0.0399,-0.2132,-0.1944,-0.2445,-0.0141,-0.0772,-0.1411,0.2379,0.0039,-0.0373,0.215,0.206,0.1118,0.1516,-0.0292,0.0638,-0.0078,-0.001,0.0295,0.0084,0.0426,0.0958,0.3467,0.167,0.2108,-0.0828,-0.0651,0.0125,-0.0092,-0.0736,0.1604,0.0135,0.0765,-0.0603,-0.2696,0.3132,-0.372,0.2544,0.2653,0.257,0.1416,0.1203,0.1688,1,0.8208,0.2265,0.1989,0.1811,0.1352,0.2228,0.1699,-0.1061,-0.047,-0.1536,-0.1533,-0.0184,-0.0821,-0.1432,0.1119,0.0107,-0.0635,0.0898,0.1275,-0.0369,0.0208,0.226,0.2263,-0.0886,0.1086
"kol_posts_lag30","attention_lag",0.1056,0.2511,0.0415,0.1318,0.2029,0.0286,-0.0727,-0.0829,0.1039,0.137,,0.0352,0.0747,0.0944,0.1998,0.1705,0.1915,0.2577,0.1446,0.0863,0.1418,-0.0606,0.0962,0.1859,0.1163,0.1243,0.2066,0.2027,0.3288,0.1278,0.2573,0.1581,0.2907,0.0661,-0.2099,0.2293,-0.0574,0.0113,0.3882,0.3641,0.3628,0.7074,0.2966,0.3385,0.5197,0.7291,0.5596,0.7492,0.0383,-0.3401,0.3799,0.3693,0.2918,0.0545,0.3861,0.2454,0.1136,0.3007,0.1872,0.1792,0.1729,0.1491,-0.0051,0.1911,0.1601,0.251,0.1823,0.0172,0.1609,-0.0404,-0.0416,0.001,-0.0547,-0.1757,-0.1249,-0.1996,-0.0174,-0.0592,-0.0823,0.2033,0.0562,-0.0357,0.127,0.3016,0.1498,0.1979,-0.0215,-0.0085,-0.1137,0.0566,0.1308,-0.0942,0.0506,0.1007,0.3969,0.2735,0.2195,-0.1099,-0.1118,0.0216,0.0544,-3e-04,0.0811,0.055,0.0408,-0.1183,-0.2995,0.3956,-0.4341,0.2796,0.3547,0.2831,0.1539,0.2163,0.2552,0.8208,1,0.379,0.2918,0.2514,0.1604,0.2791,0.2228,-0.0893,-0.0448,-0.1442,-0.1416,-0.0177,-0.0658,-0.0783,0.0771,0.0514,-0.0597,0.1372,0.1721,-0.141,0.1341,0.3548,0.2979,-0.1188,0.1223
"podcast_episodes_12m_lag30","attention_lag",0.4066,0.5676,0.566,0.3951,0.5555,0.1474,0.0718,0.1156,0.1265,0.1678,,0.2502,0.2469,0.1265,0.1741,0.0647,0.1042,0.1953,0.0167,-0.1039,0.3492,-0.0273,0.2027,0.031,0.4535,0.4677,0.4632,0.4265,0.2777,0.204,0.2567,0.1516,0.3654,0.0166,0.0556,0.152,-0.0976,0.0551,0.3283,0.3812,0.3947,0.4605,0.0548,-0.0172,0.2591,0.3672,0.3309,0.4265,0.1788,0.1699,0.9343,0.6023,0.5516,0.4935,0.9261,0.3991,0.2442,0.4529,0.2565,0.3032,0.3601,0.3474,0.0766,0.116,0.1015,0.3044,0.334,0.1517,0.2419,-0.1049,-0.0763,-0.0945,-0.0645,-0.1934,-0.079,-0.1551,-0.0109,-0.1204,0.1559,0.1394,-0.1498,-0.0383,-0.0923,0.1451,0.0366,0.3057,-0.1186,-0.1203,-0.179,0.0554,0.0843,-0.1542,-0.2135,0.2699,0.3022,0.4884,0.4184,-0.0913,-0.0725,0.1001,0.1157,-0.0303,-0.0355,0.0122,0.0553,-0.2929,-0.2334,0.5612,-0.3005,0.1144,0.2883,0.1282,0.0684,0.3331,-0.0441,0.2265,0.379,1,0.2851,0.3281,0.2993,0.331,0.3264,-0.0787,-0.0769,-0.1996,-0.1719,-0.003,-0.1246,0.1538,0.1257,-0.1869,-0.0652,0.0772,0.3313,-0.0488,0.0051,0.545,0.4335,-0.0513,0.0614
"x_posts_lag30","x_reach_lag",0.0687,0.2281,0.1799,0.1012,0.26,0.058,0.1285,0.0198,-0.0611,0.0297,,0.0798,0.1674,0.2627,0.1616,0.1985,0.2907,0.3386,0.1531,-0.0549,0.1431,-0.0829,0.1822,0.0652,0.1921,0.1608,0.2976,0.2086,0.1409,-0.0279,0.0321,-0.0082,0.26,-0.0852,0.0332,-0.1204,-0.2413,-0.0628,0.2823,0.2826,0.3,0.3467,0.008,-0.0119,0.2839,0.3653,0.2961,0.3542,0.1799,-0.2505,0.2873,0.3605,0.2373,0.0155,0.3017,-0.0348,0.1015,0.3793,0.7467,0.7055,0.324,0.3127,0.3064,0.2578,0.276,0.3817,0.3507,0.0806,0.1824,-0.2078,-0.199,-0.2028,-0.0358,-0.2135,-0.1488,-0.2147,0.08,0.0251,-0.139,0.1692,-0.0433,0.0302,0.1415,0.3741,0.2182,0.3978,-0.0474,-0.11,-0.1971,0.0493,0.0404,-0.1878,0.0445,0.1091,0.2435,0.2641,0.3558,-0.0402,-0.0703,0.0229,0.1146,-0.0819,0.0575,0.0207,-0.0045,-0.2252,-0.168,0.3125,-0.2667,0.2784,0.4282,0.3086,0.1138,0.3291,-0.0312,0.1989,0.2918,0.2851,1,0.9118,0.2409,0.3869,0.347,-0.241,-0.2212,-0.1803,-0.1555,0.0485,0.1061,-0.1149,0.1172,-0.0317,0.0487,0.252,0.4593,-0.0598,0.0678,0.3124,0.298,-0.0072,0.2303
"x_posts_original_lag30","x_reach_lag",0.0401,0.1917,0.1598,0.0709,0.2396,-0.0233,0.1771,0.0816,0.0033,-0.014,,0.2341,0.26,0.2086,0.1678,0.1854,0.2453,0.2883,0.1285,-0.0195,0.1504,-0.097,0.1691,0.0545,0.1608,0.1594,0.2521,0.1947,0.1567,-0.0068,0.0915,-0.0405,0.2638,-0.037,0.0498,-0.1786,-0.2628,-0.1048,0.2523,0.1954,0.2015,0.3399,0.0473,0.0259,0.2329,0.3535,0.2573,0.3343,0.1322,-0.1843,0.34,0.3295,0.3173,0.0627,0.3554,0.0263,-0.0014,0.3173,0.7045,0.7534,0.2951,0.3078,0.2418,0.2579,0.2641,0.384,0.3776,0.0457,0.1172,-0.2293,-0.2053,-0.2192,-0.0617,-0.1932,-0.1357,-0.1985,0.1153,-0.0074,-0.0973,0.1284,-0.0458,-0.0717,0.1937,0.3425,0.2363,0.3628,-0.0443,-0.1055,-0.16,0.0199,0.0101,-0.1514,0.0892,0.1311,0.2349,0.241,0.3131,0.0438,0.0229,0.0649,0.1009,-0.0573,0.0924,-0.0639,-0.0036,-0.1799,-0.166,0.2962,-0.2649,0.2136,0.3675,0.2416,0.1327,0.2782,-0.0612,0.1811,0.2514,0.3281,0.9118,1,0.2153,0.3809,0.3695,-0.2283,-0.2041,-0.1449,-0.1259,0.0936,0.1027,-0.0762,0.057,-0.0245,-0.0433,0.2931,0.4357,-0.063,0.0947,0.2922,0.2654,0.0808,0.2447
"miner_paid_days_lag30","miner_scale_lag",0.1676,0.3284,0.2697,0.1892,0.4465,0.0816,0.1161,0.1075,0.0506,0.2954,,0.1485,0.2045,0.0859,0.1329,0.1079,0.1272,0.155,0.0601,-0.0255,0.2478,-0.0643,0.1134,0.1523,0.3815,0.4893,0.2584,0.4141,0.2772,0.1758,0.2761,0.0505,0.3937,0.0937,0.2972,-0.0795,-0.3451,0.1372,0.2511,0.1399,0.1384,0.3445,0.0718,0.093,0.1739,0.2659,0.2856,0.3093,0.0153,0.0077,0.2683,0.1929,0.241,0.1002,0.2632,-0.0328,0.1406,0.1203,0.1067,0.0781,0.8072,0.665,0.2677,0.256,0.2793,0.6415,0.6477,0.2285,0.1913,-0.279,-0.3139,-0.2747,0.0081,-0.6962,-0.4947,-0.6587,0.1132,0.0296,0.293,-0.0848,-0.4382,0.2628,-0.0493,0.1769,-0.0245,0.1597,-0.0959,-0.015,-0.1316,0.0236,0.0414,-0.1026,0.0435,-0.013,0.2784,0.5953,0.7402,0.1036,0.166,0.3481,0.1675,-0.0791,0.1439,-0.0208,0.009,-0.2249,0.0013,0.4313,-0.073,0.1971,0.2553,0.198,0.1978,0.2281,0.0258,0.1352,0.1604,0.2993,0.2409,0.2153,1,0.6981,0.6972,-0.3285,-0.3223,-0.798,-0.7078,0.2021,0.0669,0.3551,-0.1027,-0.3792,0.2327,0.062,0.2343,-0.1001,0.0317,0.6548,0.7971,0.1239,0.271
"miners_paid_coldkeys_lag30","miner_scale_lag",0.1873,0.3025,0.3357,0.1916,0.3958,-0.0143,0.0993,0.1338,0.0291,0.142,,0.1578,0.1671,0.0232,0.148,0.1099,0.1282,0.1128,0.0796,0.0513,0.1068,-0.1909,0.0492,0.207,0.3043,0.4067,0.1967,0.3774,0.2723,0.2502,0.2184,0.0926,0.366,0.2276,0.3699,-0.1274,-0.1961,-0.0549,0.1989,0.145,0.154,0.2846,0.1697,0.2347,0.2446,0.2947,0.2092,0.271,-0.0198,0.0282,0.3272,0.2317,0.2346,0.1368,0.3359,0.1448,0.0737,0.1291,0.1963,0.1545,0.6352,0.7948,0.6239,0.6944,0.7416,0.8813,0.8515,0.3861,0.2678,-0.6998,-0.5697,-0.6896,-0.1285,-0.5199,-0.422,-0.4962,0.1742,0.0086,0.2416,-0.0919,-0.2957,0.0266,-0.0528,0.1506,0.0012,0.1758,-0.0336,0.0286,-0.0918,0.0036,0.0665,-0.0721,-0.003,-0.0197,0.2334,0.6946,0.6928,0.2203,0.2243,0.5144,0.3799,-0.0098,0.1179,0.0032,-0.0153,-0.2551,-0.1518,0.5482,-0.2161,0.2157,0.2561,0.1937,0.2471,0.0983,0.1436,0.2228,0.2791,0.331,0.3869,0.3809,0.6981,1,0.9575,-0.8077,-0.784,-0.5483,-0.5095,0.1875,0.0619,0.2942,-0.1118,-0.2468,0.0299,0.0654,0.2452,-0.1411,0.0714,0.6711,0.7133,0.272,0.4998
"miners_paid_hotkeys_lag30","miner_scale_lag",0.1784,0.3042,0.3376,0.1927,0.4152,-0.0195,0.1193,0.2068,0.0548,0.1748,,0.1768,0.2147,0.0112,0.1603,0.1223,0.0878,0.0712,0.0755,0.0695,0.1105,-0.1856,0.0327,0.1928,0.3367,0.4339,0.1983,0.3922,0.2985,0.2508,0.2182,0.1034,0.3479,0.2233,0.2637,-0.0319,-0.0432,0.0183,0.1361,0.113,0.1214,0.2315,0.1165,0.2094,0.1962,0.2449,0.1729,0.2168,-0.0153,0.1022,0.3322,0.2034,0.2087,0.1749,0.3423,0.1854,0.0354,0.0801,0.1539,0.1376,0.6308,0.798,0.5001,0.6152,0.6642,0.8521,0.9005,0.4178,0.2355,-0.6781,-0.4897,-0.6707,-0.1854,-0.5117,-0.3933,-0.486,0.1732,0.0373,0.2729,-0.1059,-0.2985,0.0537,-0.0849,0.099,-0.0527,0.1346,-0.0732,-0.0059,-0.145,0.0422,0.0973,-0.1237,-0.0154,-0.0491,0.1981,0.6532,0.6732,0.2489,0.2525,0.5328,0.4144,-0.0292,0.1072,-0.0702,-0.0511,-0.2434,-0.086,0.518,-0.1367,0.1802,0.1976,0.1616,0.2354,0.0734,0.128,0.1699,0.2228,0.3264,0.347,0.3695,0.6972,0.9575,1,-0.7483,-0.7352,-0.5568,-0.5212,0.1577,0.0598,0.2696,-0.0878,-0.2511,0.0463,0.0109,0.2054,-0.1987,0.1044,0.629,0.689,0.294,0.5347
"miner_hhi_coldkey_lag30","miner_concentration_lag",-0.027,-0.1872,-0.1176,-0.0065,-0.1894,0.0366,0.0186,-0.1083,-0.0192,-0.0781,,-0.0069,0.0043,0.0045,0.0695,-0.1454,-0.0517,-0.06,-0.1417,-0.1688,-0.0067,0.1912,0.0355,-0.0938,-0.1329,-0.2288,-0.1084,-0.2327,-0.0875,-0.2471,-0.0966,-0.062,-0.3513,-0.2417,-0.2319,0.0405,-0.2761,0.0156,-0.0884,-0.1079,-0.0866,-0.1064,-0.1565,-0.2401,-0.0894,-0.1272,-0.0291,-0.1189,0.0505,-0.2033,-0.1174,-0.1121,-0.1383,-0.0275,-0.1161,0.0233,-0.0614,0.0079,-0.016,-0.014,-0.2782,-0.5656,-0.4762,-0.686,-0.7242,-0.6828,-0.6387,-0.443,-0.1636,0.808,0.5833,0.8,0.2222,0.2006,0.2197,0.2386,-0.1597,-0.0445,-0.1052,0.0386,0.1472,0.0035,-0.0658,-0.0273,0.02,-0.0617,0.138,0.0948,0.0907,-0.0258,-0.0376,0.0895,0.0175,0.1436,-0.0611,-0.5755,-0.5001,-0.1232,-0.0685,-0.3609,-0.4253,0.0023,-0.0794,-0.0333,0.0394,0.3372,0.0755,-0.2936,0.1524,-0.1682,-0.1212,-0.1601,-0.2295,0.072,-0.1314,-0.1061,-0.0893,-0.0787,-0.241,-0.2283,-0.3285,-0.8077,-0.7483,1,0.9854,0.2092,0.2302,-0.0934,-0.0332,-0.1699,0.0531,0.1294,-0.0079,0.0219,-0.0647,0.1866,-0.0546,-0.4295,-0.4746,-0.2496,-0.5411
"miner_top1_share_lag30","miner_concentration_lag",-0.022,-0.199,-0.1215,-0.0103,-0.211,0.0483,-0.0144,-0.128,-0.0427,-0.0707,,-0.0077,-0.0214,-0.0126,0.0576,-0.1298,-0.0419,-0.051,-0.1333,-0.1693,-0.022,0.1765,0.0207,-0.0945,-0.1538,-0.2452,-0.1276,-0.2472,-0.0757,-0.2695,-0.0587,-0.0502,-0.312,-0.2322,-0.2424,0.052,-0.2527,0.0052,-0.0696,-0.0983,-0.0734,-0.0656,-0.134,-0.2359,-0.054,-0.0779,0.006,-0.0803,0.0553,-0.207,-0.1196,-0.1129,-0.1551,-0.0018,-0.1142,0.0145,-0.0528,0.0213,0.0052,0.012,-0.26,-0.554,-0.3912,-0.641,-0.6892,-0.6547,-0.6237,-0.4375,-0.1488,0.789,0.5403,0.7878,0.2221,0.1745,0.1894,0.2099,-0.1463,-0.0727,-0.1056,0.0439,0.1207,-0.0194,-0.0471,-0.027,0.0376,-0.0451,0.1234,0.0794,0.1193,-0.0594,-0.0577,0.1192,0.0219,0.1561,-0.0437,-0.5602,-0.4774,-0.1307,-0.0777,-0.3581,-0.412,0.0145,-0.0707,-0.0161,0.0363,0.3353,0.0346,-0.2712,0.1072,-0.1455,-0.1032,-0.1387,-0.2132,0.0756,-0.1115,-0.047,-0.0448,-0.0769,-0.2212,-0.2041,-0.3223,-0.784,-0.7352,0.9854,1,0.1878,0.2023,-0.0765,-0.0569,-0.1741,0.0692,0.103,-0.0347,0.0384,-0.0479,0.2111,-0.0731,-0.4113,-0.4564,-0.2641,-0.5291
"burn_mean_lag30","burn_lag",-0.0412,-0.3072,-0.1285,0.0037,-0.291,0.0061,0.0664,-0.0713,0.0558,-0.1528,,-0.0422,-0.0146,0.0337,-0.0237,-0.0824,-0.09,-0.0815,-0.0273,0.0489,-0.1002,-0.0448,-0.1068,-0.0562,-0.2231,-0.3036,-0.1528,-0.2788,-0.1285,-0.0707,-0.1004,-0.0426,-0.2945,-0.0677,-0.4384,0.0296,0.3139,-0.2623,-0.256,-0.118,-0.1043,-0.3443,-0.1562,-0.1236,-0.1808,-0.3024,-0.2784,-0.3032,0.0508,0.1238,-0.1834,-0.1183,-0.1394,-0.1187,-0.189,0.0082,-0.1412,-0.1493,-0.0402,-1e-04,-0.6488,-0.5335,-0.2008,-0.1767,-0.2111,-0.5193,-0.5234,-0.2051,-0.0434,0.1905,0.2877,0.1668,-0.0664,0.8301,0.6596,0.7882,-0.1704,-0.0478,-0.2529,0.1415,0.5179,-0.2181,0.017,-0.1296,-0.049,-0.1479,0.0523,3e-04,0.0889,-0.0575,-0.06,0.0769,-0.0924,0.0068,-0.278,-0.4413,-0.5825,-0.1259,-0.1919,-0.3562,-0.1909,0.1003,-0.0053,0.1258,0.0061,0.1421,0.0087,-0.3522,0.0868,-0.112,-0.1274,-0.1048,-0.1034,-0.0884,-0.0902,-0.1536,-0.1442,-0.1996,-0.1803,-0.1449,-0.798,-0.5483,-0.5568,0.2092,0.1878,1,0.9469,-0.2121,-0.0464,-0.2703,0.1052,0.4708,-0.1587,-0.0937,-0.1649,0.0618,-0.0219,-0.5409,-0.7132,-0.1419,-0.2893
"burn_time_share_ge50_lag30","burn_lag",-0.0363,-0.2855,-0.0429,0.0089,-0.24,7e-04,0.0334,-0.0593,0.0733,-0.1162,,-0.028,0.0095,0.0623,0.0354,-0.0618,-0.0462,-0.0185,-0.0109,0.0349,-0.0914,-0.0364,-0.0422,-0.0589,-0.2077,-0.2899,-0.1428,-0.2646,-0.1196,-0.0415,-0.086,-0.0548,-0.2661,-0.147,-0.439,-0.1132,0.1766,-0.1248,-0.2599,-0.1323,-0.1193,-0.3126,-0.1463,-0.1606,-0.1725,-0.2898,-0.2431,-0.2794,0.0901,0.0845,-0.1443,-0.0741,-0.1795,-0.0995,-0.1514,0.0497,-0.1162,-0.1324,-0.011,0.0097,-0.5855,-0.5131,-0.1534,-0.2458,-0.2693,-0.4881,-0.4849,-0.1814,-0.0553,0.231,0.3357,0.2038,-0.0348,0.7745,0.6082,0.8048,-0.1583,-0.052,-0.2121,0.1083,0.5003,-0.1869,8e-04,-0.0985,-0.038,-0.1232,0.0604,0.0218,0.0724,-0.042,-0.0118,0.0624,-0.0948,0.007,-0.2584,-0.39,-0.55,-0.1322,-0.2005,-0.349,-0.1724,0.0862,0.0113,0.1291,0.0023,0.1528,0.0333,-0.3216,0.1174,-0.106,-0.0808,-0.0901,-0.1155,-0.0386,-0.0983,-0.1533,-0.1416,-0.1719,-0.1555,-0.1259,-0.7078,-0.5095,-0.5212,0.2302,0.2023,0.9469,1,-0.1941,-0.0517,-0.2242,0.092,0.4541,-0.1313,-0.0811,-0.1367,0.0097,0.0185,-0.4766,-0.6747,-0.1567,-0.2818
"owner_validator_div_share_lag30","validator_dispersion_lag",-0.3366,-0.0032,-0.2247,-0.3656,-0.1221,-0.1438,-0.0815,0.1375,-0.1002,0.092,,0.0232,-0.0658,-0.2294,-0.0485,-0.0752,-0.0829,-0.0785,-0.0423,-0.0045,-0.267,0.0852,-0.1175,-0.0753,-0.1232,-0.0714,-0.1701,-0.1005,-0.1167,-0.2786,-0.0125,0.174,0.0364,0.0821,0.3467,-0.0732,-0.049,-0.0438,0.1988,-0.0021,-0.0224,-0.0011,0.1254,0.0942,0.0073,0.0102,-0.0053,-0.0025,0.0198,-0.175,-0.0065,0.0233,0.1145,0.0104,0.0038,-0.084,-0.2948,-0.2583,-0.0892,-0.1376,0.1979,0.1393,0.3216,0.172,0.1448,0.2019,0.1514,-0.0199,-0.063,-0.138,-0.1664,-0.1171,-0.1331,-0.1497,-0.178,-0.1352,0.9081,0.4971,0.3826,-0.4766,-0.1136,0.0684,0.0739,0.1435,0.1525,0.1015,-0.1272,-0.1066,-0.0304,-0.0183,-0.0675,-0.0336,0.3488,-0.2666,-0.0456,0.2197,0.1479,0.2732,0.2311,0.1734,0.0058,0.1093,0.0247,0.0631,-0.1093,0.1929,0.1073,-0.1061,0.0805,-0.0201,-0.0401,-0.0092,0.0281,-0.1262,-0.0659,-0.0184,-0.0177,-0.003,0.0485,0.0936,0.2021,0.1875,0.1577,-0.0934,-0.0765,-0.2121,-0.1941,1,0.5972,0.4558,-0.462,-0.0744,0.0968,0.1766,0.1262,-0.1094,0.0424,0.1597,0.1106,0.2253,0.0685
"stake_share_owner_validator_lag30","validator_dispersion_lag",-0.35,-0.1141,-0.2311,-0.3514,-0.1036,-0.2748,-0.0131,0.2888,-0.0882,0.005,,0.0021,0.0244,-0.0795,0.0421,-0.0543,-0.0294,-0.0352,-0.0369,0.0646,-0.1436,-0.0158,-0.0747,0.0018,-0.0361,-0.0333,-0.1464,-0.0554,-0.079,-0.1803,-0.0581,-0.099,-0.1331,-0.0303,0.0738,-0.0798,-0.0454,-0.0505,-0.0222,-0.1671,-0.181,-0.1746,0.0212,-0.0118,0.0205,-0.0683,-0.1435,-0.1632,-0.0278,-0.2818,-0.1249,-0.0296,0.1199,-0.1382,-0.1198,-0.1221,-0.2621,-0.2637,-0.0179,-0.1289,0.0166,0.0097,-0.075,0.0373,0.0081,0.0572,0.0297,-0.0828,-0.0782,0.0277,-0.0381,0.0259,0.0558,-0.0082,-0.008,-1e-04,0.5595,0.8778,0.1574,-0.2594,0.1122,0.3816,0.1337,0.2659,0.2033,0.1193,0.013,0.0519,-0.0726,0.0824,0.0647,-0.0819,0.2774,-0.2926,-0.1524,0,-0.0257,0.2873,0.2687,0.0791,-0.1413,0.2339,0.0724,-0.048,-0.0425,0.1867,0.4084,-0.2711,0.3725,-0.002,-0.035,-0.0196,0.0199,-0.0683,-0.0867,-0.0821,-0.0658,-0.1246,0.1061,0.1027,0.0669,0.0619,0.0598,-0.0332,-0.0569,-0.0464,-0.0517,0.5972,1,0.1959,-0.2552,0.136,0.4095,0.2085,0.1174,-0.2282,0.1997,-0.0437,-0.0314,0.3049,0.0049
"validator_stake_hhi_lag30","validator_dispersion_lag",0.015,0.1383,0.0805,-0.0199,0.1404,0.078,0.1104,0.1006,-0.023,0.0805,,0.134,0.1093,0.004,-0.0213,0.0269,-0.0538,-0.0341,0.0347,0.1042,0.0441,-0.0645,-0.0299,-0.0675,0.1139,0.2033,0.0437,0.1515,-0.1145,-0.015,0.0072,0.1093,0.1517,0.0461,0.307,-0.1112,0.058,0.0658,0.0943,0.0126,0.0013,0.0677,-0.0077,-0.0437,0.0767,0.0417,0.0656,0.061,0.0894,0.0921,0.145,0.1276,0.0703,0.0534,0.146,0.0513,-0.2053,-0.2287,-0.1608,-0.1984,0.2859,0.1983,0.4291,0.1957,0.1686,0.2647,0.2429,0.175,-0.0483,-0.2016,-0.2507,-0.1575,0.1032,-0.2056,-0.1734,-0.1467,0.415,0.0916,0.86,-0.5286,-0.2529,0.017,-0.2828,-0.1045,-0.1115,-0.0505,-0.1246,-0.1307,0.0077,-0.0772,-0.0536,-2e-04,0.0031,-0.0182,0.0752,0.289,0.2223,0.2128,0.1838,0.2753,0.1569,0.1251,0.0835,-0.0761,-0.0546,0.01,0.0136,0.0859,0.0451,0.0549,-0.0495,0.0377,0.1501,-0.0324,-0.096,-0.1432,-0.0783,0.1538,-0.1149,-0.0762,0.3551,0.2942,0.2696,-0.1699,-0.1741,-0.2703,-0.2242,0.4558,0.1959,1,-0.469,-0.2269,0.0223,-0.0853,-0.0299,-0.1012,0.0304,0.2577,0.2565,0.2206,0.1353
"validators_n_lag30","validator_dispersion_lag",0.2983,0.057,0.1126,0.3426,0.1618,0.0725,-0.0491,-0.0415,0.0042,0.005,,0.0737,0.0084,0.0545,-0.0871,-0.224,-0.0857,-0.0317,-0.2491,-0.2978,0.1045,0.2157,-0.0571,4e-04,0.1288,-0.013,0.1089,0.0356,0.2261,0.0147,0.1992,-0.1433,0.027,-0.1735,-0.4258,-0.0878,-0.2496,-0.2643,-0.0753,-0.0538,-0.0541,0.011,0.0134,-0.0735,-0.0202,0.0399,0.0054,0.032,-0.0206,0.0557,0.073,-0.0483,0.0959,0.117,0.0691,-0.0118,0.3494,0.3059,0.1349,0.0758,-0.0834,-0.0985,-0.4216,-0.0829,-0.1079,-0.1606,-0.1441,-0.2013,0.2838,0.1276,0.1122,0.0982,-0.075,0.0869,0.1655,0.0717,-0.3764,-0.1536,-0.3975,0.8292,0.1204,0.0088,0.1133,0.0335,-0.0331,0.051,-0.0221,-0.0756,-0.011,-0.0795,-0.0571,0.0048,-0.317,0.278,0.034,-0.1112,-0.0567,-0.2238,-0.1321,-0.3679,-0.2963,-0.1429,-0.0198,-0.0287,0.0132,-0.3621,-0.0012,0.1212,0.0109,-0.183,-0.0079,-0.1862,-0.2773,0.0459,0.0486,0.1119,0.0771,0.1257,0.1172,0.057,-0.1027,-0.1118,-0.0878,0.0531,0.0692,0.1052,0.092,-0.462,-0.2552,-0.469,1,0.1216,0.0238,-0.0437,0.083,0.1307,-0.1127,-0.0908,-0.1105,-0.2269,-0.2477
"alpha_burned_share_lag30","owner_commitment_lag",-0.2175,-0.4065,-0.1261,-0.1157,-0.2654,-0.0748,-0.1684,-0.093,0.017,-0.3294,,-0.0511,-0.1313,-0.0615,0.0918,-0.0187,-0.0045,-0.037,0.0026,0.0599,-0.1445,-0.0161,0.017,0.0068,-0.2076,-0.3187,-0.161,-0.2853,0.0065,0.0402,-0.2088,-0.0276,-0.178,-0.0906,-0.285,-0.0238,-0.0997,-0.0073,-0.2223,-0.0471,-0.0409,-0.1344,-0.0536,-0.0548,-0.0475,-0.045,-0.1227,-0.0978,0.0054,-0.129,-0.1415,-5e-04,-0.0689,-0.1471,-0.1372,-0.084,-0.0029,-0.0983,-0.0938,-0.0414,-0.382,-0.2768,-0.3424,-0.1586,-0.1852,-0.2638,-0.2936,-0.0311,0.1487,0.1827,0.2062,0.1827,-0.0182,0.4401,0.2711,0.4185,-0.0407,0.0843,-0.205,0.1014,0.9822,-0.0224,0.0835,0.0098,0.0228,-0.006,-0.0295,-0.0983,0.1083,-0.172,-0.1276,0.1054,0.1778,-0.115,-0.1232,-0.1927,-0.3299,-0.0016,-0.0388,-0.109,-0.0143,0.1344,-0.066,0.1052,0.0903,0.0048,0.1,-0.2136,0.1011,-0.0478,-0.0501,-0.0625,-0.0659,0.023,-0.0594,0.0107,0.0514,-0.1869,-0.0317,-0.0245,-0.3792,-0.2468,-0.2511,0.1294,0.103,0.4708,0.4541,-0.0744,0.136,-0.2269,0.1216,1,0.0922,0.0151,0.0335,0.012,-0.0602,-0.1785,-0.2349,-0.0548,-0.0427
"owner_alpha_share_issued_lag30","owner_commitment_lag",-0.1903,0.0012,-0.0318,-0.1022,0.1787,-0.0426,-0.1307,0.1646,-0.1302,0.0743,,0.0311,-0.0227,-0.0127,0.019,-0.2183,-0.1631,-0.0539,-0.2549,-0.2533,-0.0228,0.2307,-0.2563,-0.0807,0.1735,0.0701,-0.0148,0.0352,0.0527,0.0459,-0.0126,-0.1608,0.0675,-0.1428,-0.1169,0.151,-0.1136,0.0219,-0.004,-0.0347,-0.0473,-0.0934,0.0625,0.0226,-0.0487,-0.0359,-0.1222,-0.0831,0.0393,-0.0219,-0.1169,0.0019,-0.007,-0.1569,-0.1213,-0.1324,0.1925,0.1165,-0.0467,-0.1261,0.1313,0.066,-0.4097,-0.1701,-0.1563,-0.0441,-2e-04,0.0716,0.0648,0.1603,0.0736,0.1254,0.0789,-0.1279,-0.1296,-0.1373,0.0643,0.3893,0.0388,-0.0658,0.0472,0.9022,0.0239,0.3715,0.2898,0.1758,0.0812,0.0715,-0.1119,0.0712,0.0779,-0.1033,0.1228,-0.1919,-0.131,-0.0345,0.0718,0.0338,0.0732,0.0245,-0.0923,0.0909,-0.0679,0.0117,0.0546,-0.0709,0.567,-0.0991,0.4371,-0.1349,-0.0288,-0.1548,-0.2012,-0.1675,-0.0521,-0.0635,-0.0597,-0.0652,0.0487,-0.0433,0.2327,0.0299,0.0463,-0.0079,-0.0347,-0.1587,-0.1313,0.0968,0.4095,0.0223,0.0238,0.0922,1,0.2798,0.1908,-0.1426,0.1752,-0.0082,0.1415,0.0538,0.0018
"owner_lock_share_owner_alpha_lag30","owner_commitment_lag",0.0178,0.0739,-0.0966,-0.0167,0.0194,-0.1427,-0.033,0.0315,-0.1069,-0.0054,,0.1156,0.0325,0.0958,0.0962,-0.094,-0.0329,0.0203,-0.0945,-0.1101,-0.1118,0.0428,-0.0636,0.0744,0.0814,-0.037,0.0684,0.0616,0.0714,-0.0425,0.1118,-0.0366,0.0715,-0.0124,0.0344,-0.2183,0.0012,-0.0859,0.2206,0.0027,0.0157,0.2033,0.1287,0.1427,0.1504,0.1892,0.0423,0.1595,0.0209,0.0382,0.0119,0.0075,-0.0065,-0.0223,0.0019,-0.0334,0.116,0.2027,0.173,0.1371,0.068,0.061,-0.1512,-0.0197,-0.0072,0.0639,0.0154,0.0018,-0.0565,0.0935,0.0441,0.0972,0.1914,-0.1083,-0.177,-0.1462,0.0965,0.1801,-0.1155,-0.0292,0.0085,0.2857,0.5248,0.7411,0.9625,0.5426,0.2653,0.2133,-0.0555,0.1448,0.1191,-0.0462,0.0419,0.0748,0.1047,0.0957,0.126,0.0999,0.0689,-0.0176,-0.1149,0.1767,0.0665,0.0448,0.068,0.0361,0.0613,0.0806,-0.0417,-0.1059,0.0404,-0.0658,-0.1439,0.016,0.1268,0.0898,0.1372,0.0772,0.252,0.2931,0.062,0.0654,0.0109,0.0219,0.0384,-0.0937,-0.0811,0.1766,0.2085,-0.0853,-0.0437,0.0151,0.2798,1,0.5478,0.0399,0.0724,0.1064,0.1425,0.1474,-0.0153
"ownerhk_lock_share_issued_lag30","owner_commitment_lag",0.2612,0.2942,0.1593,0.2192,0.2824,-0.0759,0.1681,0.0331,-0.0377,0.0173,,0.1482,0.1993,0.3022,0.1713,0.132,0.1974,0.2179,0.1082,-0.0182,0.1219,-0.1113,0.0969,0.0751,0.3464,0.2438,0.3436,0.3346,0.0364,-0.0435,0.2002,-0.1004,0.2779,0.1085,-0.1827,-0.2622,-0.3119,-0.4605,0.2394,0.1609,0.172,0.2256,-0.0389,-0.1116,0.1947,0.2738,0.1922,0.2156,0.1681,-0.1789,0.3078,0.2587,0.2654,0.0793,0.3039,0.0324,0.2508,0.3273,0.4051,0.3727,0.2575,0.2823,0.2533,0.1821,0.1745,0.2512,0.2059,0.1294,0.2492,-0.1455,-0.1048,-0.1177,-0.0456,-0.1443,-0.1031,-0.1424,0.0537,0.0833,-0.1032,0.1361,0.0193,0.1937,0.3152,0.4893,0.5022,0.9373,0.1164,0.0754,-0.2706,0.214,0.194,-0.2428,-0.1011,0.0134,0.1696,0.3257,0.3521,0.0139,0.0112,0.0379,0.0496,0.0582,0.0248,0.0858,0.084,-0.2751,-0.0167,0.3276,-0.1254,0.1318,0.2739,0.1758,0.0611,0.2046,-0.1701,0.1275,0.1721,0.3313,0.4593,0.4357,0.2343,0.2452,0.2054,-0.0647,-0.0479,-0.1649,-0.1367,0.1262,0.1174,-0.0299,0.083,0.0335,0.1908,0.5478,1,-0.0444,0.1059,0.3432,0.3525,0.0341,0.0943
"owner_cut_sold_ratio_lag30","owner_trading_lag",0.0201,-0.1896,0.0106,0.0215,-0.1531,0.0772,-0.1934,-0.0388,-0.1838,-0.2264,,-0.0182,-0.2084,-0.0969,-0.3543,0.0855,0.0917,0.0248,0.1052,-0.0721,-0.0442,0.1014,-0.0013,-0.1114,-0.1099,-0.1299,-0.0506,-0.0707,-0.1111,-0.1098,-0.021,0.1001,-0.1194,-0.0153,-0.131,-0.357,0.2935,-0.2778,0.0513,0.0872,0.1025,-0.1009,0.0027,-0.0709,0,-0.1118,0.031,-0.0924,0.0675,0.0534,-0.0843,-0.1392,-0.0012,-0.0411,-0.0921,-0.1426,0.1324,0.1213,0.1226,0.1,-0.0899,-0.088,0.0087,-0.0607,-0.0885,-0.1336,-0.1928,-0.1422,-0.0494,0.0906,-0.0032,0.1183,0.0703,0.0218,-0.048,-0.0308,-0.0748,-0.1813,-0.1266,0.0508,0.0165,-0.1525,-0.0708,-0.0375,0.0506,-0.0328,0.075,0.1307,0.5474,-0.4923,-0.6809,0.5564,0.033,0.1098,0.1172,-0.1036,-0.0475,-0.0774,-0.0409,-0.111,-0.0709,-0.1031,-0.1411,-0.0164,0.0613,0.0377,-0.1729,0.0033,-0.1381,0.0381,0.0289,0.0486,-0.0709,0.0131,-0.0846,-0.0369,-0.141,-0.0488,-0.0598,-0.063,-0.1001,-0.1411,-0.1987,0.1866,0.2111,0.0618,0.0097,-0.1094,-0.2282,-0.1012,0.1307,0.012,-0.1426,0.0399,-0.0444,1,-0.8561,-0.1124,-0.1104,-0.1507,-0.1153
"owner_net_buy_tao_lag30","owner_trading_lag",-0.0511,0.1441,-0.117,-0.0644,0.1362,-0.1208,0.3002,0.0823,0.2252,0.1472,,0.0548,0.2811,0.1191,0.3319,-0.058,-0.0438,-0.0076,-0.0892,0.0802,0.1358,-0.099,0.0021,0.1877,0.1402,0.1442,0.0717,0.1071,0.108,0.1586,0.1056,-0.1459,0.0955,0.0179,-0.015,0.2441,-0.2647,0.1198,-0.0208,-0.1129,-0.1348,0.0519,-0.0328,0.0234,-0.0485,0.0801,-0.0432,0.0395,-0.0828,-0.0577,0.012,0.1156,-0.0306,-0.0173,0.0207,0.1236,-0.0448,-0.0068,-0.0038,0.0112,-0.0119,-0.0168,-0.0239,0.0362,0.0574,0.0507,0.0855,0.0137,0.0061,-0.012,0.0427,-0.0291,0.031,0.0364,0.1266,0.075,0.0119,0.1558,0.0385,-0.0497,-0.0508,0.1986,0.1541,0.0798,0.0712,0.1167,0.2696,0.1696,-0.513,0.6161,0.8092,-0.5232,-0.011,-0.062,-0.1261,-0.0318,-0.0624,-0.0036,-0.0162,-0.0037,-0.0481,0.1791,0.0896,0.0484,-0.0905,7e-04,0.1963,-0.063,0.1512,-0.025,-0.0079,-0.0487,0.0617,-0.0013,0.0537,0.0208,0.1341,0.0051,0.0678,0.0947,0.0317,0.0714,0.1044,-0.0546,-0.0731,-0.0219,0.0185,0.0424,0.1997,0.0304,-0.1127,-0.0602,0.1752,0.0724,0.1059,-0.8561,1,-0.0051,0.0103,0.0901,0.0519
"emission_flag_on_share_lag30","emissions_lag",0.2797,0.389,0.3569,0.2756,0.3799,0.119,0.0249,-0.0126,0.0898,0.2491,,0.0021,0.0921,0.0852,0.165,0.2891,0.3226,0.3454,0.2628,0.1564,0.3124,-0.2357,0.3605,0.139,0.3038,0.4655,0.3903,0.4335,0.3101,0.1316,0.2209,0.0982,0.4678,0.1521,0.1151,-0.1251,-0.4947,0.0767,0.293,0.2597,0.2633,0.5323,0.0682,0.1497,0.2967,0.383,0.3754,0.4856,0.0967,-0.0816,0.5261,0.3776,0.3211,0.2147,0.5251,0.179,0.2309,0.3038,0.169,0.1596,0.5527,0.5961,0.3183,0.3654,0.3824,0.5973,0.5746,0.2992,0.3279,-0.3953,-0.3263,-0.3779,-0.0589,-0.4584,-0.3734,-0.4253,0.0817,-0.0878,0.2061,-0.0534,-0.2156,3e-04,-0.0864,0.2057,0.0267,0.2695,-0.1597,-0.0854,-0.1887,0.0439,0.0459,-0.1595,-0.0282,0.0473,0.433,0.8582,0.6594,0.0907,0.0941,0.3799,0.2972,-0.0587,0.1266,0.063,0.0062,-0.3618,-0.2862,0.6038,-0.388,0.3462,0.4393,0.3673,0.3181,0.4048,0.1189,0.226,0.3548,0.545,0.3124,0.2922,0.6548,0.6711,0.629,-0.4295,-0.4113,-0.5409,-0.4766,0.1597,-0.0437,0.2577,-0.0908,-0.1785,-0.0082,0.1064,0.3432,-0.1124,-0.0051,1,0.8586,0.084,0.3156
"tao_emission_on_share_lag30","emissions_lag",0.2516,0.3898,0.3674,0.2386,0.445,0.1031,0.0065,0.0616,0.0611,0.2131,,0.086,0.1137,0.0636,0.1245,0.2355,0.2602,0.2633,0.1845,0.0834,0.3209,-0.1925,0.2369,0.0628,0.3848,0.5197,0.3499,0.4775,0.3094,0.1841,0.2197,0.1157,0.4671,0.1599,0.3007,0.017,-0.2738,0.1601,0.317,0.2549,0.2584,0.4854,0.127,0.1519,0.2904,0.386,0.3723,0.4422,-0.0169,-0.0119,0.4,0.3058,0.3123,0.1384,0.3972,0.0287,0.2814,0.3052,0.1548,0.1478,0.6745,0.6805,0.2395,0.3865,0.4167,0.6836,0.6614,0.3168,0.2759,-0.4023,-0.3568,-0.3763,-0.0037,-0.627,-0.5,-0.606,0.0416,-0.0698,0.2132,-0.0659,-0.286,0.1564,0.0035,0.21,0.0727,0.2919,-0.0963,-0.018,-0.1338,0.0243,0.0349,-0.1085,5e-04,0.0431,0.4174,0.7355,0.7792,0.1092,0.1276,0.4234,0.3162,-0.0486,0.0957,0.0164,0.0363,-0.361,-0.1321,0.5857,-0.2521,0.2778,0.3532,0.2818,0.2844,0.2876,0.0846,0.2263,0.2979,0.4335,0.298,0.2654,0.7971,0.7133,0.689,-0.4746,-0.4564,-0.7132,-0.6747,0.1106,-0.0314,0.2565,-0.1105,-0.2349,0.1415,0.1425,0.3525,-0.1104,0.0103,0.8586,1,0.1457,0.4084
"reg_cost_tao_mean_lag30","registrations_lag",-0.2442,-0.1462,-0.2457,-0.2258,-0.0933,-0.0791,0.1335,0.2043,-0.0242,0.0223,,0.0849,0.0965,-0.067,0.0823,0.1541,0.0568,0.0434,0.1589,0.2392,-0.0226,-0.1945,0.1195,0.0551,-0.0573,0.0252,-0.0268,0.0241,0.0073,0.1163,0.01,0.0289,0.0578,0.1591,0.4166,0.0278,0.1317,0.011,0.0077,-0.082,-0.0801,-0.1148,0.0682,0.0627,0.0327,-0.0267,-0.0621,-0.0938,-0.1378,-0.004,-0.0523,-0.0331,0.1088,-0.1248,-0.0397,-0.0388,-0.3142,-0.2565,-0.0932,-0.0844,0.1701,0.2265,0.2218,0.1072,0.111,0.2731,0.2659,0.1422,-0.3398,-0.0582,-0.0487,-0.0469,0.0373,-0.191,-0.1953,-0.1985,0.2479,0.2692,0.2328,-0.239,-0.072,0.061,0.0688,0.1808,0.1609,0.0785,0.0452,0.1107,-0.0014,0.0604,0.0243,0.0051,0.298,-0.1688,0.0022,0.1007,0.202,0.8912,0.8136,0.4926,-0.0061,0.1053,0.1206,-0.2309,0.0042,0.0453,0.1129,-0.0468,0.1431,0.184,0.1118,0.1445,0.2352,0.0564,-0.0257,-0.0886,-0.1188,-0.0513,-0.0072,0.0808,0.1239,0.272,0.294,-0.2496,-0.2641,-0.1419,-0.1567,0.2253,0.3049,0.2206,-0.2269,-0.0548,0.0538,0.1474,0.0341,-0.1507,0.0901,0.084,0.1457,1,0.1509
"registrations_lag30","registrations_lag",0.0503,0.1084,0.1166,0.0454,0.142,0.0079,-0.0886,0.1774,-0.0536,0.096,,-0.0717,0.0029,0.0348,-0.0213,0.2767,0.214,0.1767,0.247,0.2644,0.034,-0.2354,0.0274,0.04,0.0677,0.2423,0.1668,0.255,-0.0089,0.152,-0.0633,0.0978,0.2546,0.1496,0.0877,0.0755,-0.0935,0.0219,0.1193,0.1058,0.1181,0.1935,0.0759,0.1513,0.1991,0.1999,0.2171,0.2046,-0.051,0.0151,0.1213,0.1442,0.0122,0.0606,0.1182,0.0021,-0.0132,0.0346,0.0237,0.0755,0.3128,0.443,0.2173,0.3815,0.4404,0.4922,0.5458,0.4816,0.1871,-0.5502,-0.3689,-0.5465,-0.1167,-0.3218,-0.3382,-0.2847,0.1418,0.0334,0.0695,-0.2606,-0.0861,-0.0119,-0.1089,-0.066,-0.0423,0.0556,-0.0121,-0.0041,-0.0696,0.0095,-0.0195,-0.0651,0.0309,-0.123,0.1812,0.3844,0.422,0.0714,0.051,0.5762,0.6854,-0.0981,-0.0449,-0.0268,0.0158,-0.2231,-0.0245,0.3337,-0.1354,0.3335,0.2735,0.3174,0.3683,0.0627,0.1107,0.1086,0.1223,0.0614,0.2303,0.2447,0.271,0.4998,0.5347,-0.5411,-0.5291,-0.2893,-0.2818,0.0685,0.0049,0.1353,-0.2477,-0.0427,0.0018,-0.0153,0.0943,-0.1153,0.0519,0.3156,0.4084,0.1509,1
