"netuid","subnet_name","team_id","category8","log_price_spot","log_price_avg30","log_price_lag30","logret_30d","price_tao","full_window","has_repo","has_x","miner_paid","miner_paid_lag","has_holders","started","started_lag","owner_changed_180d","identity_changed_180d","log_age","renamed_project","miner_scale","miner_concentration","miner_scale_lag","miner_concentration_lag","development","development_lag","dev_popularity","presence","x_reach","attention","attention_lag","owner_commitment","owner_commitment_lag","holder_dispersion","validator_dispersion","validator_dispersion_lag","miner_scale_pc1","miner_concentration_pc1","miner_scale_lag_pc1","miner_concentration_lag_pc1","development_pc1","development_lag_pc1","dev_popularity_pc1","presence_pc1","x_reach_pc1","attention_pc1","attention_lag_pc1","owner_commitment_pc1","owner_commitment_lag_pc1","holder_dispersion_pc1","validator_dispersion_pc1","validator_dispersion_lag_pc1","team_n_subnets","flag_placeholder_identity","startup_mode","flag_full_burn_30d","burn_now","burn_mean_30d","burn_time_share_ge50_30d","burn_mean_lag30","burn_time_share_ge50_lag30","miners_paid_hotkeys_30d","miners_paid_coldkeys_30d","miner_paid_days_30d","miner_hhi_coldkey_30d","miner_top1_share_30d","miners_paid_hotkeys_lag30","miners_paid_coldkeys_lag30","miner_paid_days_lag30","miner_hhi_coldkey_lag30","miner_top1_share_lag30","miners_lineage_clusters_ub_30d","miners_lineage_clusters_best_30d","miner_hhi_lineage_best_30d","owner_linked_incentive_share_30d","miners_active_now","uids_registered_now","uids_immune_share_now","gh_commits_30d_repo","gh_commits_30d_org","gh_authors_30d_org","gh_prs_merged_30d_org","gh_active_days_30d_org","gh_commits_lag30_repo","gh_commits_lag30_org","gh_authors_lag30_org","gh_prs_merged_lag30_org","gh_active_days_lag30_org","gh_authors_90d_org","gh_contributors_alltime_repo","gh_stars_repo","gh_forks_repo","gh_stars_org","gh_repo_age_days","gh_days_since_push","gh_releases_repo","doc_license","doc_contributing","doc_miner_guide","doc_validator_guide","doc_incentive_desc","doc_requirements","doc_site","doc_score","website_live","whitepaper_available","api_public","mcp_server","team_named","product_live","x_followers","x_account_age_days","x_posts_30d","x_posts_original_30d","x_posts_lag30","x_posts_original_lag30","kol_posts_90d","kol_accounts_90d","kol_pos_posts_90d","kol_posts_30d","kol_pos_posts_30d","kol_posts_lag30","kol_pos_posts_lag30","days_since_registration","days_since_first_emission","project_age_days","owner_buy_tao_30d","owner_sell_tao_30d","owner_net_buy_tao_30d","owner_cut_sold_ratio_30d","owner_net_buy_tao_lag30","owner_cut_sold_ratio_lag30","owner_net_buy_tao_90d","owner_bought_any_90d","tao_emission_on_share_30d","emission_flag_on_share_30d","tao_emission_on_share_lag30","emission_flag_on_share_lag30","baskets_net_buyers_n_30d","basket_net_buy_tao_30d","basket_alpha_share_issued","podcast_episodes_12m","podcast_shows_12m","podcast_episodes_12m_lag30","podcast_novelty_search_12m","podcast_hash_rate_12m","podcast_ventura_labs_12m","podcast_revenue_search_12m","exploit26_presented","exploit26_sessions_n","exploit26_mentions_n","owner_lock_share_owner_alpha","ownerhk_lock_share_issued","owner_lock_perpetual","owner_cut_autolock","owner_lock_share_owner_alpha_lag30","ownerhk_lock_share_issued_lag30","holders_positions_n","holders_top10_share","holders_hhi","stake_share_owner_validator","owner_alpha_share_issued","alpha_burned_share","stake_share_owner_validator_lag30","owner_alpha_share_issued_lag30","alpha_burned_share_lag30","reg_cost_tao_now","reg_cost_tao_mean_30d","reg_cost_tao_mean_lag30","reg_recycled_tao_30d","registrations_30d","registrations_lag30","validators_n","owner_validator_div_share","validator_stake_hhi","validators_n_lag30","owner_validator_div_share_lag30","validator_stake_hhi_lag30","commit_reveal_on","yuma3_on"
1,"Apex","T001","Science & robotics",-5.01856,-4.95618,-4.89835,-0.120204,0.00661407,1,1,1,1,1,1,1,1,0,0,6.9868,0,0.216358,-0.368389,0.596804,-0.496158,1.0597,1.50104,1.85994,-0.393735,0.74961,0.590087,0.899558,-0.589615,-0.531464,0.460964,0.344379,0.340585,0.366044,-0.520662,0.844009,-0.496158,2.65753,2.60061,2.63036,-1.0112,1.06011,1.20211,1.27217,-1.19665,-0.908408,0.756256,0.616791,0.682061,1.38629,0,0,0,0.538113,0.592675,1,0.489529,0.725,3.82864,2.94444,3.43399,0.258938,0.482466,3.85015,3.2581,3.43399,0.213636,0.425482,2.77259,2.77259,0.284966,0,1.38629,5.54908,0.0117188,2.56495,4.45435,1.79176,3.93183,2.70805,2.3979,4.91998,2.89037,3.97029,3.04452,2.99573,3.17805,4.94164,4.17439,6.15486,6.90377,0.874137,4.34381,1,0,1,1,0,0,1,5,1,0,0,0,0,0,8.94572,6.84809,3.2581,2.56495,3.7612,2.30259,2.07944,1.79176,0,1.09861,0,1.60944,0,6.9868,6.31404,6.9868,0,0,0,0,0,0,0,0,1,1,1,1,0,-3.03306,0.00172176,0.693147,0.693147,0.693147,0,0.693147,0,0,1,1.38629,0,0,0.0320111,0,0,0,0.0332167,8.06746,0.630195,0.069926,0.00775747,0.0476918,0.1512,0.00519925,0.0461461,0.147851,0.000499875,0.000551117,0.000512808,0.105409,4.7185,5.09987,2.30259,0,0.562044,2.30259,0,0.524846,1,0
2,"DSperse","T002","Compute & inference",-5.78682,-5.74654,-5.77673,-0.0100873,0.00306772,1,1,1,1,1,1,1,1,0,0,6.8076,0,0.577113,-0.501001,0.388776,-0.330448,0.538759,-0.122019,2.21622,-0.0606763,1.59868,-0.15688,0.379893,1.5738,1.80458,-0.188099,-1.264,-1.18856,0.981714,-0.706903,0.549812,-0.330448,0.337709,-0.221732,3.13421,0.026911,2.26087,-0.435868,0.537249,3.11607,3.1588,-0.368626,-2.59223,-2.42068,0.693147,0,0,0,0.805682,0.850355,1,0.852815,1,4.07754,2.48491,3.43399,0.229455,0.320014,3.43399,2.56495,3.43399,0.272373,0.416678,2.07944,2.07944,0.229653,0,3.89182,5.54908,0.0078125,2.19722,2.19722,0.693147,1.60944,1.38629,2.3979,2.48491,0.693147,2.19722,1.38629,1.09861,2.30259,5.79792,4.86888,6.53049,6.80693,3.14371,6.00638,1,1,1,1,1,1,1,8,1,0,0,0,0,1,10.5616,7.16004,3.80666,3.43399,3.7612,3.43399,0,0,0,0,0,0,0,6.8076,6.31404,6.8076,0,0,0,0,0,0,0,0,0.833333,1,0.841667,1,0,-0.806011,0.00191229,1.09861,1.09861,1.09861,0,0.693147,0,0,0,0,0,0.75711,0.195133,1,0,0.807049,0.202594,7.66294,0.708033,0.201375,0.451355,0.190284,0.12961,0.446659,0.185335,0.121215,0.000499875,0.000502302,0.000502414,0.0197208,3.66356,3.04452,1.94591,0.867143,0.754839,2.07944,0.883272,0.683354,1,1
3,"Teutonic","T003","Training & optimisation",-3.58838,-3.51377,-3.55378,-0.0345923,0.0276432,1,1,1,1,1,1,1,1,1,1,6.55134,1,0.197305,-0.747229,0.364753,-0.10989,-0.549855,0.0687374,0.354504,0.787706,-2.25879,0.694729,0.491056,-0.591707,-0.536367,1.15755,-1.02464,-1.29055,0.323834,-1.05471,0.515839,-0.10989,-0.93837,0.136394,0.501345,1.64056,-3.19441,1.41596,0.694457,-1.11694,-0.746381,1.98898,-2.45671,-2.79723,1.09861,0,0,0,0,0,0,0,0,3.3673,2.48491,3.43399,0.149615,0.285812,3.55535,2.48491,3.43399,0.350552,0.564209,2.48491,2.48491,0.149615,0,1.79176,5.54908,0.0078125,2.83321,2.83321,1.09861,0.693147,2.30259,4.57471,4.57471,1.09861,0.693147,2.70805,1.09861,1.38629,2.56495,2.89037,2.56495,5.14772,2.01747,0,0,0,1,0,0,0,0,2,1,1,0,0,1,1,2.36923,3.57647,0,0,0.693147,0.693147,2.30259,1.60944,1.38629,0.693147,0,2.07944,1.09861,6.55134,6.31404,3.87832,0,0,0,0,0,0,0,0,1,1,1,1,2.19722,-4.36268,0.00335816,0,0,0,0,0,0,0,0,0,1.94591,0,0.0627517,0,0,0,0.0654224,8.48053,0.418163,0.0449295,0.0302182,0.0104071,0.0937531,0.0339987,0.00399839,0.0976256,0.693147,0.523469,0.00973064,3.4782,6.08677,7.36645,2.19722,0.978508,0.96142,1.79176,0.942853,0.963558,1,0
4,"Targon","T004","Compute & inference",-2.95078,-2.88157,-2.87759,-0.0731932,0.0522988,1,1,1,1,1,1,1,1,0,0,6.99783,0,0.024982,0.0649123,0.243064,-0.157468,-0.223575,-0.5263,1.34011,1.16169,0.125441,2.38999,1.98404,-0.307533,-0.163643,0.924781,-0.0857109,-0.213151,0.011457,0.0924926,0.343744,-0.157468,-0.737969,-0.910174,1.89521,2.77228,0.1774,4.70589,2.80586,-0.809107,-0.531745,1.49151,-0.102596,-0.407407,0.693147,0,0,0,3.24792e-05,0.0351621,0.00833333,0.0743195,0,1.79176,1.79176,3.43399,0.413298,0.54662,2.30259,2.07944,3.43399,0.333687,0.479885,1.79176,1.79176,0.413298,0,1.60944,5.54908,0,1.60944,1.60944,0.693147,0,1.38629,1.09861,1.79176,0.693147,0.693147,1.38629,0.693147,2.94444,4.31749,4.11087,4.45435,6.94531,1.91242,0,1,1,1,1,0,0,0,5,1,1,1,0,1,1,8.65155,6.15144,1.94591,1.38629,2.19722,1.60944,3.61092,2.07944,2.63906,2.56495,1.94591,1.94591,0.693147,6.989,6.31404,6.989,0,0,0,0,0,0,0,0,1,1,1,1,1.60944,-3.19,0.00253094,1.60944,1.09861,1.60944,0.989137,1.09861,0,0,1,1.09861,2.12937,0,0.0288589,0,0,0,0.0300191,8.94437,0.562027,0.103835,0.421301,0.137025,0.0884817,0.399828,0.133092,0.0915195,0.000499875,0.000499875,0.000506794,0.00212411,1.60944,3.55535,2.56495,0.532968,0.343219,2.48491,0.511398,0.387995,1,0
5,"Hone","T005","Training & optimisation",-4.35631,-4.35399,-4.36713,0.0108173,0.0128256,1,1,0,1,1,1,1,1,0,1,6.84786,1,1.26422,-0.442472,1.04563,-0.850762,-0.230012,-0.0517405,-0.710093,-0.393735,0,-0.360239,-0.0153579,-0.863307,-0.912976,0.14369,0.201141,0.117917,2.21157,-0.636626,1.47875,-0.850762,-0.286475,-0.0960754,-1.00422,-1.0112,0,-0.80168,-0.0217194,-1.66394,-1.48274,0.180495,0.495915,0.330305,0.693147,0,0,0,0,0,0,0.21948,0.1625,6.30445,4.46591,3.43399,0.0929539,0.139946,6.66803,4.75359,3.43399,0.0879435,0.124242,2.70805,2.70805,0.389089,0,5.48894,5.54908,0.128906,3.89182,3.89182,0.693147,1.94591,2.56495,3.09104,3.09104,0.693147,2.07944,2.30259,0.693147,0.693147,1.09861,1.09861,1.09861,4.16121,0.147262,0,1,0,1,1,0,0,0,4,1,0,0,0,0,0,0,0,0,0,0,0,0,0,0,0,0,0,0,6.84786,6.31404,6.04047,0,0,0,0,0,0,0,0,1,1,1,1,1.38629,-4.05989,0.00276872,0.693147,0.693147,0.693147,0,0.693147,0,0,0,0,0,0,0.00112587,0,0,0,0.00117319,7.98752,0.733792,0.09611,0.25466,0.00148505,0.252027,0.255814,0.00102753,0.26262,0.280451,0.131575,0.127548,4.7257,6.80793,7.11802,2.3979,0,0.506412,2.3979,0,0.512211,0,0
6,"Numinous","T006","Finance & forecasting",-6.07778,-5.95118,-5.79423,-0.28355,0.00229326,1,1,1,1,1,1,1,1,0,0,6.72558,1,1.13497,-0.769863,0.802965,-0.712133,-0.312057,0.223456,0.452954,0.31331,0.308589,-0.15688,0.379893,-0.376388,-0.218186,0.477807,1.07537,1.04242,1.98602,-1.09017,1.13556,-0.712133,-0.780255,0.384064,0.640574,1.15863,0.43641,-0.435868,0.537249,-0.681038,-0.139579,0.816735,2.1388,2.06312,0.693147,0,0,0,0,0,0,0.233333,0.233333,5.16479,4.38203,3.43399,0.0984539,0.164308,5.0876,4.26268,3.17805,0.137082,0.225015,2.83321,2.83321,0.181831,0,4.86753,5.54908,0.0507812,1.79176,1.79176,1.09861,1.09861,1.09861,2.89037,2.89037,1.38629,2.19722,2.30259,1.38629,1.60944,3.04452,2.77259,3.04452,5.74256,2.22401,0,1,0,1,1,1,0,0,5,1,0,1,0,0,1,7.49165,5.75908,3.13549,2.48491,3.3673,2.70805,0,0,0,0,0,0,0,6.72558,6.31404,5.73767,0,0,0,0,0,0,0,0,1,1,0.766667,1,0,-0.680273,0.00175052,1.09861,1.09861,1.09861,0,0,0.693147,0.693147,0,0,0,0,0.112441,0,0,0,0.116755,7.89915,0.573599,0.0822677,0.0423195,0.0164864,0.0314614,0.023707,0.0102668,0.0326684,0.182322,0.182703,0.182983,2.25313,3.7612,3.95124,2.94444,0,0.249082,2.89037,0,0.256343,1,0
7,"Allways","T007","DeFi & crypto infrastructure",-6.00187,-5.87194,-5.7397,-0.26217,0.00247413,1,1,1,1,1,1,1,1,0,0,6.82574,1,-0.104057,0.260375,0.0350351,0.776596,0.538764,0.805657,0.971878,0.31331,0.0158085,0.111741,-0.0153579,-0.759128,-0.802217,0.0369059,0.323495,0.218699,-0.21571,0.368596,0.0495471,0.776596,1.3505,1.37466,1.37444,1.15863,0.0223566,0.251282,-0.0217194,-1.5191,-1.36718,0.0720847,0.593841,0.428688,1.09861,0,0,0,0.050862,0.129697,0.0291667,0.927575,1,2.89037,1.60944,3.43399,0.47676,0.534719,1.38629,1.38629,3.43399,0.664774,0.787887,1.60944,1.60944,0.47676,0,1.09861,5.54908,0,3.80666,3.80666,1.09861,3.93183,2.63906,4.48864,4.48864,1.09861,4.48864,2.77259,1.38629,3.09104,2.94444,4.31749,2.94444,5.32869,1.79417,0,1,1,1,1,0,1,1,7,1,0,1,0,0,1,5.36129,5.19498,3.43399,3.13549,2.77259,2.48491,2.3979,1.60944,1.79176,2.3979,1.79176,0,0,6.82574,6.31404,5.24747,0,0,0,0,0,0,0,0,1,1,0.791667,1,0.693147,0.0837573,0.00235941,0.693147,0.693147,0.693147,0.693147,0,0,0,0,0,0,0,0.000597505,0,0,0,0.000621536,7.39449,0.672544,0.0830487,0.0987044,0.0337197,0.00671417,0.0818577,0.0266846,0.00698421,0.139762,0.146851,0.142117,0.71784,2.19722,1.09861,2.83321,0,0.724846,2.70805,0,0.740913,1,0
8,"Vanta","T008","Finance & forecasting",-3.55473,-3.5743,-3.57063,0.015903,0.0285891,1,1,1,1,1,1,1,1,0,1,6.98944,0,0.618363,0.895027,0.649593,0.431049,0.841555,0.847435,1.355,0.31331,1.4914,-0.0873735,0.378675,0.983513,0.956486,0.376883,1.05115,0.93532,1.07014,1.26495,0.918663,0.431049,2.29198,1.45659,1.91625,1.15863,2.10916,-0.192932,0.535527,1.96904,1.61404,0.56984,2.05654,1.83442,0.693147,0,0,0,0,0,0,0,0,4.80402,3.3322,3.43399,0.681158,0.820598,4.34381,3.43399,3.43399,0.542292,0.721189,1.79176,1.79176,0.684313,4.9711e-05,3.17805,5.54908,0,3.49651,3.58352,2.19722,3.63759,2.89037,3.49651,3.82864,1.79176,3.78419,2.89037,2.30259,2.89037,4.33073,3.68888,5.01728,6.88753,0.0973178,0,1,1,1,1,0,1,1,7,1,0,1,0,0,1,9.1884,7.01585,4.86753,4.03031,3.95124,3.52636,1.38629,1.09861,0.693147,0.693147,0,0.693147,0,6.989,6.31404,6.989,0,0,0,0,6.34882,0,6.70196,1,0.766667,0.766667,1,1,2.07944,3.40091,0.00274236,0.693147,0.693147,0.693147,0,0.693147,0,0,0,0,0,0.658138,0.0984671,1,0,0.669265,0.102432,8.36823,0.62989,0.166429,0.00906597,0.14775,0.129405,0.0116108,0.151145,0.132671,0.000499875,0.000504627,0.000505842,0.0352547,4.18965,3.98898,2.99573,0,0.31634,2.94444,0,0.374163,1,0
9,"iota","T001","Training & optimisation",-3.7261,-3.60563,-3.52418,-0.20193,0.0240865,1,1,1,1,1,1,1,1,0,0,6.98783,0,-0.206753,1.43656,0.131881,0.316704,0.417221,1.50104,1.5064,-0.393735,0.74961,1.69408,1.16796,-0.455634,-0.312358,1.21938,0.821118,0.68408,-0.403829,2.01755,0.186508,0.316704,1.31241,2.60061,2.13038,-1.0112,1.06011,3.37333,1.65174,-0.848951,-0.353121,2.07238,1.60429,1.34842,1.38629,0,0,0,0.079547,0.220399,0.025,0.3398,0.433333,1.09861,1.09861,3.43399,0.702107,0.817889,1.79176,1.79176,3.3673,0.501761,0.675616,0.693147,0.693147,1,0,1.09861,5.54908,0,0,4.45435,1.79176,3.93183,2.70805,1.09861,4.91998,2.89037,3.97029,3.04452,2.99573,2.3979,3.55535,3.17805,6.15486,6.19312,3.4857,1.60944,0,0,1,1,0,1,1,5,1,0,0,0,0,0,8.94572,6.84809,3.2581,2.56495,3.7612,2.30259,3.21888,2.07944,2.48491,2.07944,1.38629,1.38629,0.693147,6.98783,6.31404,6.98783,0,0,0,0,-2.62194,0.00514157,-2.62194,0,0.7625,0.766667,0.883333,1,1.94591,3.55361,0.00228993,1.09861,1.09861,1.09861,0,0.693147,0,0,1,1.38629,1.38629,0,0.0913699,0,0,0,0.0950258,8.66164,0.447613,0.026069,0.00505078,0.0175673,0.194517,0.00327184,0.0167411,0.191853,0.000499875,0.000499935,0.00050197,0.01807,3.61092,3.43399,2.56495,0,0.313387,2.63906,0,0.426607,0,0
10,"Pareton","T010","Training & optimisation",-5.09828,-4.97386,-4.95174,-0.146547,0.00610722,1,1,1,1,0,1,1,1,1,1,6.78263,1,0.00387062,-0.0739284,-1.6602,0,0.433957,1.33174,-0.458628,-0.393735,-0.0869846,0.242443,-0.691043,-0.774431,-0.747096,0.661906,0.556577,0.644341,-0.00540286,-0.103797,-2.34788,0,1.75713,2.29197,-0.648598,-1.0112,-0.123015,0.576748,-0.977282,-1.48962,-1.17998,1.15922,1.08772,1.31408,0.693147,0,0,0,0.822438,0.879709,1,1,1,2.99573,2.63906,3.3322,0.366099,0.580658,0,0,0,0,0,2.48491,2.48491,0.370134,0,0.693147,5.54908,0,4.99043,5.28827,1.94591,4.14313,3.09104,5.20401,5.94803,1.60944,4.95583,3.3673,1.94591,2.19722,1.38629,1.38629,1.60944,4.42972,1.54263,0,1,0,0,0,1,0,1,4,1,0,0,0,0,0,6.21261,4.61817,3.3673,2.3979,1.79176,1.60944,2.07944,1.38629,1.38629,2.07944,1.38629,0,0,6.78263,6.31404,4.22342,0,1.38592,-1.81797,0.0113941,-2.4903,0.0210623,-0.875864,1,0.825,0.966667,0,0,1.38629,3.64822,0.00378741,0,0,0,0,0,0,0,1,0.693147,0,0.0743989,0.00322781,0,0,0.132295,0.0035465,7.86557,0.520383,0.0448274,0.133698,0.00993638,0.140993,0.124868,0.00730085,0.13286,0.000499875,0.000501404,0.000513831,0.0353604,4.17439,5.01728,2.63906,0.245442,0.294392,2.70805,0.00254392,0.378149,0,0
11,"TrajectoryRL","T011","Agents, data & search",-4.86245,-4.79194,-4.86842,0.00597241,0.00773151,1,1,1,1,1,1,1,1,0,0,6.77488,1,0.0147062,-0.71653,0.243064,-0.472522,0.165792,-0.238199,0.722881,-0.393735,-1.59363,-0.707883,-0.691043,-0.643401,-0.639617,0.242126,-0.332794,-0.965262,0.00915161,-1.01202,0.343744,-0.472522,0.485052,-0.41712,1.02231,-1.0112,-2.25373,-1.42704,-0.977282,-1.33771,-1.15535,0.394746,-0.832001,-2.08519,0.693147,0,0,0,0,0.00416667,0.00416667,0,0,2.70805,2.56495,3.43399,0.1511,0.284519,2.3979,2.07944,3.43399,0.222014,0.325,2.19722,2.19722,0.167241,0,0.693147,5.54908,0.00390625,4.00733,4.00733,1.09861,2.3979,1.79176,2.19722,2.48491,0.693147,1.60944,1.38629,1.38629,2.3979,3.17805,3.04452,3.63759,5.48137,2.3724,0,1,0,1,1,1,1,0,6,1,0,0,0,0,0,4.76217,8.56126,0,0,0.693147,0.693147,0,0,0,0,0,0,0,6.77488,6.31404,5.48136,0,0,0,0,0,0,-5.61358,0,0.995833,1,1,1,0,-3.13336,0.00199837,0,0,0,0,0,0,0,0,0,0,0,0.00763471,0,0,0,0.00793555,7.7757,0.661847,0.0784964,0.178117,0.0604374,0.189572,0.166024,0.0539976,0.196915,0.0198026,0.0203324,0.0200221,1.46945,5.05625,4.94876,2.30259,0.732552,0.504143,2.07944,0.86204,0.779934,1,0
12,"Compute Horde","T012","Compute & inference",-5.35247,-5.34226,-5.31832,-0.0341534,0.00473643,1,1,1,1,1,1,1,1,0,0,6.88272,0,-0.288267,1.80595,-0.172994,1.72234,0.317184,-0.143672,0.914138,-0.10944,-1.029,-0.707883,-0.691043,-0.16664,-0.00655805,-1.12448,0.01282,-0.0807752,-0.553148,1.30139,-0.24465,1.72234,0.286999,-0.255104,1.29279,0.118605,-1.45522,-1.42704,-0.977282,-0.687252,-0.516411,-2.04367,0.400153,0.0826776,0.693147,0,0,0,0.994208,0.994241,1,0.994107,1,1.09861,0.693147,3.43399,1,1,1.09861,0.693147,3.43399,1,1,0,0,0.401283,1,1.09861,5.54908,0,0.693147,1.38629,1.09861,1.09861,1.09861,1.09861,1.79176,1.09861,1.79176,1.79176,1.79176,3.3673,3.2581,3.58352,3.63759,6.89683,2.58922,3.09104,1,0,1,1,1,1,0,6,0,0,1,0,0,1,6.79347,6.34157,0,0,0,0,0,0,0,0,0,0,0,6.88272,6.31404,6.88272,0,0.806153,-1.04088,0.00658121,0,0,-1.04088,0,0,0.716667,0,0,0,-1.13378,0.00159724,0,0,0,0,0,0,0,0,0,0,0,0.000612249,0,0,0,0.000633908,7.49776,0.830416,0.46421,0.665189,0.213444,0.263637,0.646935,0.205932,0.258543,0.000499875,0.000501061,0.000500697,0.00186165,1.38629,1.38629,2.56495,0,0.379792,2.56495,0,0.388481,1,1
13,"Data Universe","T001","Agents, data & search",-5.35536,-5.21335,-5.13227,-0.223088,0.00472279,1,1,1,1,1,1,1,1,0,0,6.93263,0,1.38604,-0.9666,1.18246,-1.06017,1.31167,1.50104,1.94668,1.3758,0.74961,0.317221,-0.0153579,-0.658866,-0.637734,0.532715,0.679497,0.703539,2.4354,-1.36961,1.67225,-1.06017,2.96049,2.60061,2.75303,3.14162,1.06011,0.593359,-0.0217194,-1.33904,-1.11267,0.898077,1.3209,1.40353,1.38629,0,0,0,0.706302,0.705505,1,0.711727,1,5.86079,5.10595,3.43399,0.0152628,0.0402894,5.75257,5.20949,3.43399,0.013717,0.0391972,4.82147,2.89037,0.135399,0,5.45104,5.54908,0.398438,2.30259,4.45435,1.79176,3.93183,2.70805,3.17805,4.91998,2.89037,3.97029,3.04452,2.99573,2.70805,4.38203,4.41884,6.15486,6.94531,0.0924547,5.29832,1,1,1,1,1,0,1,7,1,0,1,1,1,1,8.94572,6.84809,3.2581,2.56495,3.7612,2.30259,0.693147,0.693147,0,0,0,0,0,6.93263,6.31404,6.93263,0,0,0,0,0,0,0,0,1,1,1,1,0,-2.73523,0.00159703,0.693147,0.693147,0.693147,0,0.693147,0,0,1,1.38629,0,0,0.0152135,0,0,0,0.0157657,8.00803,0.594029,0.0606146,0.00795156,0.0467102,0.113027,0.00468181,0.0444432,0.106615,0.00122973,0.00261034,0.0260633,1.54394,6.64639,7.19369,2.3979,0,0.34822,2.48491,0,0.337187,1,0
14,"Cacheon","T014","Training & optimisation",-4.72035,-4.68896,-4.66111,-0.0592393,0.00891203,1,1,1,1,1,1,1,1,0,1,6.40564,1,0.416648,-0.660342,-0.730959,0.467333,0.553734,1.44785,0.171476,0.0806611,-0.0945317,0.518969,-0.0153579,-0.669721,-0.238388,-0.522354,-0.105674,-0.0831286,0.706855,-0.475851,-1.03373,0.467333,1.31685,2.51338,0.242503,-0.159569,-0.133688,0.941517,-0.0217194,-1.24268,-0.159982,-1.00156,-0.427405,-0.262526,1.09861,0,0,0,0,0.00403824,0.00416667,0.879167,0.879167,3.46574,2.63906,3.43399,0.156287,0.276514,1.38629,1.09861,1.60944,0.555153,0.666062,0,0,0.401283,1,2.83321,5.54908,0,3.8712,4.15888,1.79176,3.4012,2.77259,5.9108,6.04025,2.48491,3.66356,3.3322,2.70805,1.38629,0.693147,0.693147,4.60517,4.8158,1.68233,1.09861,1,1,1,1,1,1,1,8,1,0,0,0,1,0,6.51767,5.12618,2.19722,2.19722,1.94591,1.94591,0,0,0,0,0,0,0,6.40564,6.31404,6.26795,0,0,0,0,-5.61699,0.341915,-5.90778,0,1,1,0.120833,0.670833,1.60944,3.46489,0.00288349,0.693147,0.693147,0.693147,0.693147,0,0,0,1,1.38629,0.693147,0.220359,0.0083643,0,0,0.654091,0.00933805,7.86327,0.772792,0.326692,0.026732,0.00417905,0.20359,0.0287111,0.00379831,0.212217,0.000499875,0.000504955,0.000765555,0.0394951,4.33073,5.92426,2.19722,0.578062,0.503812,2.19722,0.439734,0.528309,1,1
15,"ORO","T015","Agents, data & search",-3.73074,-3.53088,-3.38704,-0.343701,0.023975,1,1,1,1,1,1,1,1,1,0,5.53695,0,1.16451,-0.958281,1.05077,-0.897579,0.628889,0.489904,0.595332,0.454647,0.085216,0.390808,-0.0665157,-0.547384,-0.549929,0.434,0.628297,0.597623,2.0533,-1.3535,1.48601,-0.897579,1.96677,0.836695,0.841926,0.602447,0.120514,0.907743,-0.0940675,-1.2222,-1.09796,0.74636,1.41009,1.27992,0.693147,0,0,0,0,0.204042,0.204167,0,0,6.48158,5.04986,3.3322,0.0727392,0.123643,6.57508,4.77068,3.43399,0.071349,0.128762,3.09104,3.09104,0.0886332,0,4.43082,5.54908,0.164062,4.30407,4.30407,1.94591,4.31749,3.17805,3.17805,3.2581,1.38629,3.2581,2.56495,1.94591,2.07944,2.94444,3.13549,3.09104,5.4969,0.65309,1.09861,1,0,1,1,0,0,1,5,1,1,0,0,1,0,7.83558,5.58801,2.48491,1.79176,2.83321,1.79176,2.83321,1.94591,1.60944,2.07944,1.09861,1.09861,0.693147,5.53695,5.49296,5.53695,0,0,0,0,0,0,0,0,0.795833,1,1,1,1.09861,-5.33089,0.0122786,0,0,0,0,0,0,0,1,0.693147,0,0,0.000461099,0,0,0,0.00052164,7.82244,0.581118,0.0792623,0.281738,0.0981185,0.170152,0.230171,0.0836528,0.183052,0.177141,0.272211,0.298844,5.748,7.47647,7.49708,2.56495,0,0.230779,2.56495,0,0.251567,1,1
16,"kenju","T016","Media, marketing & other",-6.85844,-6.59211,-6.31545,-0.542994,0.00105055,1,0,0,1,1,1,1,1,1,1,4.62261,1,-0.361597,1.87195,-0.172994,1.72234,0,0,0,-0.816485,0,-0.571451,-0.691043,-0.0667707,-0.479289,-0.106024,-0.323892,-0.737139,-0.680167,2.64504,-0.24465,1.72234,0,0,0,-2.05123,0,-1.12267,-0.977282,-0.00800508,-0.781177,-0.0656656,-0.771366,-1.46335,0.693147,0,0,0,0,0,0,0.025,0.025,0.693147,0.693147,3.43399,1,1,0.693147,0.693147,3.43399,1,1,0.693147,0.693147,1,0,0.693147,2.94444,0,0,0,0,0,0,0,0,0,0,0,0,0,0,0,0,0,0,0,0,0,0,0,0,0,0,0,0,0,0,0,0,0,0,0,0,0,0,0,0.693147,0.693147,0,0.693147,0,0,0,4.62261,4.6225,2.81307,0,0,0,0,-5.62916,1.21954,-6.40231,0,0.716667,0.716667,0,0,0,-1.13481,0.056706,0,0,0,0,0,0,0,0,0,0,0.255154,0,1,0,0.285419,0,6.54965,0.583813,0.0617952,0.0965249,0.0332144,0.0738484,0.292273,0.0396622,0.0986442,0.693147,0.693147,0.693147,0,0,0.693147,1.60944,0.521514,0.398411,1.60944,0.620781,0.404122,1,1
17,"404—GEN","T017","Media, marketing & other",-4.73559,-4.66877,-4.64522,-0.0903715,0.00877727,1,1,1,1,1,1,1,1,0,0,6.78742,0,-0.177388,-0.268536,0.102005,-0.261813,0.656114,0.932096,0.685894,-0.393735,0.737156,1.26645,-0.0153579,0.531077,0.233712,-0.0106501,0.522349,0.19977,-0.342729,-0.378524,0.144257,-0.261813,2.49867,1.63715,0.970001,-1.0112,1.0425,2.50717,-0.0217194,1.05094,0.337141,-0.0655846,1.11979,0.418119,0.693147,0,0,0,0,0,0,0,0,1.94591,1.60944,3.43399,0.305035,0.420833,1.60944,1.60944,3.43399,0.296701,0.4,1.60944,1.60944,0.305035,0,0.693147,5.54908,0,0.693147,7.6267,3.17258,3.29584,3.3673,1.09861,6.92854,1.79176,1.79176,3.13549,3.52636,1.94591,2.19722,2.07944,4.68213,5.76307,3.30172,0,1,0,1,1,0,1,0,5,1,0,0,0,0,0,8.36218,7.23876,3.52636,2.89037,2.94444,2.48491,2.07944,1.60944,0,1.38629,0,0,0,6.78742,6.31404,6.78742,0,0,0,0,-0.983579,0.00315728,-0.983579,0,1,1,1,1,1.38629,5.36339,0.00626294,0.693147,0.693147,0.693147,0.693147,0,0,0,1,0.693147,1.38629,0.218445,0.0897321,1,1,0.173597,0.0869444,7.73456,0.738214,0.109585,0.301016,0.115497,0.0557419,0.291066,0.11323,0.0580817,0.000499875,0.000502675,0.00050476,0.0110588,2.94444,3.3673,2.83321,0.284834,0.24028,2.56495,0.33763,0.308933,1,0
18,"Zeus","T018","Finance & forecasting",-5.50338,-5.53297,-5.41961,-0.0837716,0.00407297,1,1,1,1,1,1,1,1,1,0,6.97299,1,0.631128,0.0672053,0.619046,0.189764,0.0731938,-0.0262617,0.864443,1.16169,-0.00334053,0.871643,1.05436,0.67648,0.534893,0.486669,-0.280047,-0.453806,1.09429,0.0957257,0.875463,0.189764,-0.515406,-0.0494322,1.22251,2.77228,-0.00472422,1.72831,1.49109,1.42943,1.00472,0.837811,-0.563338,-0.98202,0.693147,0,0,0,0.0189879,0.0747088,0,0.175626,0,3.66356,3.43399,3.43399,0.413968,0.484402,3.55535,3.3322,3.43399,0.456767,0.529536,2.19722,2.19722,0.414109,0,3.13549,5.54908,0.0155642,1.38629,1.38629,0.693147,1.38629,1.38629,1.79176,1.79176,1.38629,1.79176,1.79176,1.38629,1.94591,3.68888,3.4012,3.68888,6.43865,3.20473,3.52636,1,1,1,1,1,1,0,7,1,1,1,0,1,1,7.81883,6.56537,1.94591,1.60944,2.70805,2.19722,1.79176,1.09861,0.693147,0,0,0.693147,0,6.97299,6.31404,6.31976,0,0,0,0,0,0,0,0,1,1,1,1,0,-0.968299,0.0023187,0.693147,0.693147,1.38629,0.693147,0,0,0,1,0.693147,0.693147,0.63103,0.0640393,1,0,0.701367,0.0666201,7.85671,0.572883,0.0706748,0.348137,0.101484,0.0585184,0.315075,0.0949861,0.0597026,0.693147,0.693284,0.693147,1.60944,1.60944,1.79176,2.30259,0.609358,0.396065,2.30259,0.789062,0.404764,1,0
19,"blockmachine","T019","DeFi & crypto infrastructure",-4.70539,-4.62221,-4.54281,-0.162585,0.00904635,1,1,1,1,1,1,1,1,0,0,6.92604,1,0.731786,-0.702318,0.78081,-0.575733,0.297735,1.35681,-0.161736,1.16169,0.365431,-0.166856,-0.691043,0.159833,-0.201844,0.591941,0.21333,0.188291,1.27273,-0.99127,1.10423,-0.575733,1.02729,2.34543,-0.228729,2.77228,0.516798,-0.336375,-0.977282,0.451837,-0.25054,1.02206,0.308934,0.292734,1.09861,0,0,0,0,0,0,0.229197,0.316667,3.66356,3.63759,3.43399,0.164172,0.319371,4.39445,3.8712,3.43399,0.18543,0.324125,3.21888,3.21888,0.164217,0,3.46574,5.54908,0,0,5.09375,1.94591,4.31749,3.17805,0,4.83628,2.48491,4.14313,2.99573,2.77259,1.38629,1.09861,0.693147,3.46574,5.54204,4.20345,0,1,1,1,1,1,1,0,7,1,1,1,0,1,1,6.93537,5.50603,3.52636,2.94444,4.04305,3.21888,0,0,0,0,0,0,0,6.92604,6.31404,5.52046,0,6.01488,-6.70558,1.05785,-6.90337,1.20875,-7.99819,0,1,1,0.995833,1,1.38629,-4.29126,0.00453041,0,0,0,0,0,0,0,1,1.09861,0,0.368848,0.0277538,1,0,0.383412,0.028926,7.91826,0.552914,0.0554268,0.10981,0.0444116,0.166046,0.111786,0.0445114,0.171774,0.693147,0.693387,0.44378,2.3979,2.3979,3.97029,2.3979,0.517659,0.313253,2.3979,0.504368,0.306945,0,0
20,"Witness","T020","Training & optimisation",-6.08106,-5.96872,-5.87788,-0.203187,0.00228574,1,1,0,1,1,1,1,1,1,1,6.92401,1,-0.301162,0.817069,-0.72731,1.72234,-0.561884,-1.22276,-1.4212,-0.393735,0,-0.707883,-0.691043,0.303268,0.978711,-0.37548,-0.217723,0.0126223,-0.543997,1.15496,-1.02857,1.72234,-1.15835,-2.12332,-2.00988,-1.0112,0,-1.42704,-0.977282,0.501195,1.7112,-0.666479,-0.342923,0.0803574,0.693147,0,0,0,0,0.855725,0.979167,0.829167,0.829167,2.07944,1.60944,2.94444,0.657505,0.789997,0.693147,0.693147,1.94591,1,1,1.60944,1.60944,0.657505,0,0.693147,5.54908,0.0195312,3.04452,3.04452,0.693147,0,1.38629,0,0,0,0,0,0.693147,0.693147,0,0,0,3.19829,0.461635,0,0,0,1,1,0,0,0,3,1,0,0,0,0,0,0,0,0,0,0,0,0,0,0,0,0,0,0,6.92401,6.31404,3.10008,0,0,0,0,-1.20223,0.0135386,-2.55968,0,0.483333,0.716667,0,0,0,-0.675338,0.00176755,0,0,0,0,0,0,0,0,0,0,0.519579,0.0832403,0,0,0.716691,0.108759,7.39018,0.685117,0.250989,0.474909,0.145714,0.238497,0.403104,0.138024,0.234294,0.182322,0.122908,0.000503488,1.36117,4.97673,4.69135,2.56495,0.540002,0.394706,2.48491,0.397454,0.277765,1,0
21,"AdTAO","T021","Media, marketing & other",-5.67506,-5.66359,-5.58192,-0.0931311,0.00343048,1,1,1,1,1,1,1,1,0,1,6.73613,1,0.68508,-0.656203,0.710697,-0.827291,-0.0119122,0.336454,-0.76984,1.27539,-1.26913,-0.275402,0.327517,-0.867478,-0.917592,0.901454,1.16704,0.975238,1.19476,-0.932284,1.00508,-0.827291,-0.371353,0.593541,-1.08872,3.05201,-1.79482,-0.462197,0.463179,-1.66956,-1.4886,1.63348,2.25852,1.90115,0.693147,0,0,0,0,0.071328,0,0.351873,0.00833333,3.85015,3.78419,3.43399,0.101943,0.179081,5.03044,3.63759,3.43399,0.0962631,0.242788,2.56495,2.56495,0.24891,0,3.04452,5.54908,0.00390625,4.40672,4.40672,0.693147,0,3.04452,5.1358,5.1358,1.09861,1.60944,3.2581,1.09861,1.38629,1.38629,0.693147,1.38629,5.45773,2.05832,1.38629,1,1,1,1,1,1,0,7,1,1,1,1,0,1,5.92959,8.4546,0,0,0,0,2.19722,1.09861,1.79176,1.38629,0.693147,1.79176,1.60944,6.73613,6.31404,5.2385,0,0.182704,-0.19914,0.00146149,-0.149245,0.00111058,-0.418176,0,1,1,0.995833,1,0,-0.951545,0.00183542,0,0,0,0,0,0,0,0,0,0,0,0.0012143,0,0,0,0.000995612,7.67136,0.392442,0.0213074,0.000469705,0.000114304,0.137076,0.000466606,0.000213884,0.141222,0.0953102,0.0954693,0.0959596,1.09861,3.04452,3.55535,3.4012,0,0.40547,3.04452,0,0.401663,1,0
22,"Desearch","T022","Agents, data & search",-5.82789,-5.76761,-5.76659,-0.0612962,0.00294429,1,1,1,1,1,1,1,1,0,0,6.91869,0,-0.0801602,-0.181907,0.596804,-0.760494,0.943073,-0.691447,1.68099,1.27539,0.531623,0.396704,1.27188,1.02516,1.01026,-0.355291,0.233096,0.179183,-0.144945,-0.271048,0.844009,-0.760494,2.14849,-1.19016,2.37728,3.05201,0.751828,0.736802,1.79871,1.99415,1.67846,-0.669925,0.517511,0.428813,0.693147,0,0,0,1,0.591497,1,0.522481,1,5.1299,2.89037,3.29584,0.146375,0.214316,5.16479,3.2581,3.43399,0.11994,0.15745,1.94591,1.94591,0.501845,0,0,5.54908,0.222656,5.23644,5.34711,1.38629,2.77259,3.13549,1.60944,1.60944,0.693147,0,0.693147,1.38629,2.56495,5.79792,3.8712,5.9108,6.92893,0.300859,2.07944,1,1,1,1,1,1,1,8,1,1,1,1,0,1,7.44833,6.43801,3.4012,2.99573,2.56495,2.56495,2.07944,1.38629,1.60944,1.09861,1.09861,0.693147,0,6.91869,6.31404,6.91869,0,0,0,0,0,0,0,0,0.85,1,1,1,0,-0.849973,0.00164779,1.38629,1.09861,1.60944,0.989137,0,0.693147,0,0,0,0,0.485967,0.123837,1,0,0.519944,0.12834,7.61283,0.756214,0.219595,0.205643,0.167175,0.204814,0.196459,0.161932,0.20347,0.000589545,0.000523619,0.0005319,0.113334,5.28827,4.58497,2.48491,0,0.559136,2.3979,0,0.519491,1,0
23,"Trishool","T023","Security & verification",-5.22041,-5.41378,-5.49692,0.276515,0.00540511,1,1,1,1,1,1,1,1,0,0,6.91093,1,-0.140734,-0.462567,-0.100494,-0.0525112,0.238072,0.0826623,-0.379448,-0.0197485,0.25966,0.159907,0.379893,0.575238,0.564141,0.23581,0.347753,0.275633,-0.275587,-0.652605,-0.14212,-0.0525112,0.559195,0.143596,-0.536621,-0.249183,0.367215,0.270867,0.537249,1.42654,1.43521,0.400521,0.757948,0.581563,0.693147,0,0,0,0.799998,0.800871,1,0.804383,0.8875,1.79176,1.79176,3.43399,0.242037,0.28283,2.07944,1.60944,2.89037,0.37089,0.539919,1.79176,1.79176,0.242037,0,0.693147,5.54908,0,3.7612,3.7612,1.09861,2.19722,2.3979,3.21888,3.2581,1.09861,1.79176,1.94591,1.09861,1.38629,1.09861,1.60944,1.60944,5.28171,0.232993,0,0,1,1,1,1,1,1,7,1,1,0,0,0,0,7.18311,5.74107,2.89037,2.56495,3.43399,3.17805,1.60944,1.09861,0.693147,0,0,0,0,6.91093,6.31404,5.71181,0,0,0,0,0,0,0,0,1,1,0.529167,1,0,-2.9005,0.00169162,1.09861,1.09861,1.09861,0.693147,0,0.693147,0,0,0,0,0.527885,0.138462,1,0,0.596846,0.160687,7.65586,0.647157,0.0713399,0.323699,0.00422908,0.197051,0.35476,0.00387728,0.192242,0.0953102,0.0953102,0.0954174,0.530628,2.07944,2.3979,2.70805,0.387649,0.240969,2.70805,0.361256,0.248772,1,0
24,"Quasar","T024","Training & optimisation",-5.31887,-5.39595,-5.52205,0.203179,0.00489829,1,1,1,0,1,1,1,1,1,0,6.84063,1,-1.49453,0,-0.577649,-0.212869,-1.13403,-1.22276,0.665052,-0.816485,-0.720519,0.197425,1.2337,0.269608,0.0436622,0.761459,0.198887,0.135389,-2.56438,0,-0.816919,-0.212869,-3.20872,-2.12332,0.940525,-2.05123,-1.01897,0.442438,1.74471,0.740895,0.295498,1.34304,0.354862,0.276987,1.09861,0,0,1,1,1,1,0.879167,0.879167,0,0,0,0,0,1.60944,1.60944,1.60944,0.31405,0.381444,0,0,0,0,0,5.54908,0,0,0,0,0,0,0,0,0,0,0,0.693147,0.693147,2.63906,2.63906,3.93183,5.9632,4.58104,0,1,0,1,1,1,0,0,5,0,0,0,0,0,0,7.90323,5.74308,0,0,1.09861,0.693147,2.83321,2.07944,0,0,0,2.19722,0,6.84063,6.31404,5.64372,0,0,0,0,0,0,0,0,0,1,0.120833,1,0.693147,3.86965,0.00243526,0.693147,0.693147,0.693147,0,0,0.693147,0,0,0,0,0.724035,0,1,0,0.8909,0,7.86404,0.488152,0.031096,0.0686856,0.0343949,0.120462,0.0633256,0.0289902,0.109714,0.000499875,0.000505503,0.000500366,0.0839944,5.17048,2.3979,2.30259,0,0.62181,2.30259,0.0554043,0.596704,1,0
25,"UR","T025","Compute & inference",-4.99362,-4.7527,-4.6842,-0.309426,0.00678107,1,1,1,0,0,1,1,1,1,1,6.76202,1,-1.49453,0,-1.6602,0,0.355229,0.74883,-0.560709,0.787706,0.454526,0.412701,0.72155,1.30968,-0.0763941,0.295027,0.519841,0.808604,-2.56438,0,-2.34788,0,1.18191,1.31792,-0.792963,1.64056,0.642796,0.956585,1.02043,2.71236,-0.307526,0.523443,1.11638,1.59504,0.693147,0,0,1,1,1,1,1,1,0,0,0,0,0,0,0,0,0,0,0,0,0,0,0,5.54908,0.414062,7.27742,7.28619,1.60944,0,3.43399,4.04305,6.45677,1.60944,1.60944,3.3673,2.30259,1.38629,1.38629,1.09861,1.60944,4.75446,0.00367657,0,1,0,1,1,1,1,0,6,1,1,0,0,1,1,8.3185,6.76505,2.94444,2.30259,2.63906,1.09861,2.94444,0.693147,2.63906,2.07944,2.07944,2.48491,1.94591,6.76202,6.31404,3.79051,0,0,0,0,-0.441585,0.00128539,-0.441585,0,0,0.716667,0,0,0.693147,0.236245,0.00158707,0,0,0,0,0,0,0,1,0.693147,0,0.73259,0.188277,1,0,0,0.055229,7.59388,0.59313,0.0837256,0.248862,0.123607,0.167619,0.0164868,0.120621,0.158681,0.000499875,0.000519117,0.000513585,0.162948,5.80513,5.17048,2.70805,0.124402,0.326938,2.77259,0,0.38391,0,0
26,"Perturb","T026","Security & verification",-6.06055,-5.69181,-5.53825,-0.522299,0.00233312,1,1,1,1,1,1,1,1,0,0,5.00115,0,0.256715,-0.0499392,0.659121,-0.00267717,-0.342548,-0.122019,0.183094,0.787706,-0.503116,-0.360239,-0.0153579,-0.797822,-0.76744,-0.495102,-0.591214,-0.892845,0.435948,-0.0718979,0.932138,-0.00267717,-0.794201,-0.221732,0.258934,1.64056,-0.711514,-0.80168,-0.0217194,-1.52478,-1.19265,-0.839107,-1.41532,-1.99295,0.693147,0,0,0,0.900571,0.274153,0.304167,0.207072,0.4125,2.94444,2.94444,3.43399,0.34897,0.54671,3.73767,3.46574,3.43399,0.388554,0.581468,2.19722,2.19722,0.400426,0,1.60944,5.54908,0,2.56495,2.56495,0.693147,1.94591,1.60944,2.48491,2.48491,0.693147,2.19722,1.79176,0.693147,0.693147,1.79176,3.04452,1.79176,5.09174,1.24588,0,0,0,1,1,1,1,0,5,1,1,0,0,1,1,5.46383,4.96229,1.94591,1.94591,1.38629,1.38629,0,0,0,0,0,0,0,5.00115,5.00111,5.00115,0,0.13977,-0.149452,0.00122986,-0.0998491,0.000645782,-0.342506,0,1,1,0.675,0.675,0,-3.31384,0.0176735,0.693147,0.693147,0.693147,0,0,0.693147,0,0,0,0,0,0.018689,0,0,0,0.0270664,6.88244,0.797515,0.0979035,0.147494,0.000411694,0.0706074,0.0551734,0.000818485,0.0647103,0.0953102,0.0953574,0.0954488,0.752221,2.48491,3.29584,2.19722,0.833932,0.621408,1.94591,0.944045,0.715873,1,1
27,"Orion","T024","Agents, data & search",-6.12369,-6.04483,-5.97578,-0.147911,0.00219035,1,1,0,0,0,1,1,1,1,1,6.95682,1,-1.49453,0,-1.6602,0,-1.10149,-1.22276,-0.271391,-0.816485,0,-0.491643,-0.691043,-0.815615,-0.871774,0.738191,1.01555,1.0259,-2.56438,0,-2.34788,0,-3.12396,-2.12332,-0.383805,-2.05123,0,-0.944618,-0.977282,-1.58728,-1.4193,1.36118,2.02782,2.04045,1.09861,0,0,1,1,1,1,1,1,0,0,0,0,0,0,0,0,0,0,0,0,0,0,0,5.54908,0,0,0,0,0,0,0,0,0,0,0,0.693147,0.693147,1.09861,0,3.93183,4.4272,4.23512,0,1,0,1,1,1,0,0,5,0,0,0,0,0,0,0,0,0,0,0,0,1.09861,1.09861,0,0.693147,0,0,0,6.95682,6.31404,4.39794,0,0,0,0,0,0,-0.543454,0,0,0.716667,0,0,0,-0.580646,0.00163054,0,0,0,0,0,0,0,0,0,0,0,0.00473509,0,0,0,0.00490659,7.46737,0.421379,0.025422,0.0426252,0.0116502,0.221846,0.0229171,0.00555253,0.215031,0.000499875,0.000501299,0.000505104,0.0223707,3.82864,4.98361,2.77259,0,0.22216,2.77259,0.000118525,0.213418,0,0
28,"SayGM","T019","Compute & inference",-3.89106,-3.85738,-3.99397,0.102909,0.0204237,1,1,1,1,1,1,1,1,1,0,6.39869,0,0.963848,-0.429721,0.677316,-0.724065,0.998376,1.35681,0.0842201,0.31331,0.789291,1.35037,0.772708,-0.00466691,-0.376666,0.59734,-0.252589,-0.100241,1.6845,-0.618577,0.95787,-0.724065,2.40223,2.34543,0.119105,1.15863,1.11623,2.73669,1.09277,0.106688,-0.505783,1.03071,-0.564968,-0.258526,1.09861,0,0,0,0.165104,0.163509,0.0125,0.250707,0.170833,4.75359,4.12713,3.43399,0.0975629,0.27681,4.41884,3.52636,3.43399,0.132852,0.278707,3.17805,3.17805,0.392806,0,4.20469,5.54908,0,4.60517,5.09375,1.94591,4.31749,3.17805,4.57471,4.83628,2.48491,4.14313,2.99573,2.77259,1.60944,1.09861,1.38629,3.46574,4.93215,1.28057,4.11087,1,1,1,1,1,1,0,7,1,0,1,0,0,1,7.1869,4.84602,4.56435,3.71357,3.95124,3.21888,3.21888,1.94591,2.56495,2.70805,2.07944,1.38629,0.693147,6.39869,6.31404,6.39869,0,0,0,0,0,0,0,0,1,1,0.995833,1,2.27414,5.90416,0.00590335,0.693147,0.693147,0.693147,0.693147,0,0,0,1,1.09861,1.09861,0.0275008,0.0601842,1,0,0.0368427,0.0728074,7.91535,0.560429,0.0454555,0.308209,0.0292737,0.227898,0.300246,0.0227489,0.233248,0.0953102,0.0957195,0.0959458,2.11669,4.18965,4.29046,2.63906,0.596289,0.556767,2.63906,0.606787,0.412567,1,0
29,"hoτfloaτ","T014","Training & optimisation",-5.87767,-5.88143,-5.88213,0.00446076,0.00280131,1,1,1,1,1,1,1,1,0,1,6.69706,0,-0.361597,1.80595,-0.172994,1.72234,-0.772638,-1.22276,-0.813095,-0.393735,-0.0945317,-0.391096,-0.691043,-0.258677,-0.124804,-1.09461,0.499376,0.371464,-0.680167,1.30139,-0.24465,1.72234,-2.59068,-2.12332,-1.14989,-1.0112,-0.133688,-0.720305,-0.977282,-0.816713,-0.64333,-1.98068,0.910231,0.721841,1.09861,0,0,0,0,0,0,0,0,0.693147,0.693147,3.43399,1,1,0.693147,0.693147,3.43399,1,1,0,0,0.401283,1,0.693147,5.54908,0,0,0,0,0,0,0,0,0,0,0,0,1.79176,0,0,2.07944,4.66032,4.68468,0,1,1,1,1,0,1,1,7,1,0,0,0,0,0,6.51767,5.12618,2.19722,2.19722,1.94591,1.94591,1.60944,0.693147,1.09861,0,0,0,0,6.69706,6.31404,6.69706,0,0,0,0,0,0,0,0,0.0125,0.0125,0,0,0,-0.906816,0.00167747,0,0,0,0,0,0,0,0,0,0,0,0.000520065,0,0,0,0.000539203,7.30653,0.905616,0.342994,0.00151842,0.185633,0.100339,0.0100755,0.179411,0.104031,0.000499875,0.000499875,0.000499875,0.000499875,0.693147,0.693147,2.63906,0,0.590761,2.56495,0,0.621978,1,0
30,"Endure Network","T030","DeFi & crypto infrastructure",-5.73516,-5.63826,-5.56191,-0.173256,0.00323035,1,0,1,0,0,1,1,1,0,1,6.72051,1,-1.49453,0,-1.6602,0,0,0,0,-0.0197485,0.27361,-0.571451,-0.691043,-0.869037,-0.918455,0.32807,0.592753,0.611312,-2.56438,0,-2.34788,0,0,0,0,-0.249183,0.386944,-1.12267,-0.977282,-1.67281,-1.49027,0.615872,1.1253,1.19897,0.693147,0,0,1,1,1,1,1,1,0,0,0,0,0,0,0,0,0,0,0,0,0,0,0,5.54908,0.0078125,0,0,0,0,0,0,0,0,0,0,0,0,0,0,0,0,0,0,0,0,0,0,0,0,0,0,1,1,0,0,0,0,6.43935,5.09528,3.04452,3.04452,2.63906,2.63906,0.693147,0.693147,0,0.693147,0,0,0,6.72051,6.31404,4.80753,0,0,0,0,0,0,0,0,0,0.716667,0,0,0,-0.821052,0.00166242,0,0,0,0,0,0,0,0,0,0,0,0.000821217,0,0,0,0.000851658,7.37901,0.55112,0.0661299,0.0239326,0.000110098,0.141589,0.000466606,0.000202912,0.131639,0.000499875,0.000501703,0.00050522,0.0133988,3.17805,5.09987,2.63906,0.00546123,0.498397,2.63906,0,0.484268,0,0
31,"rec4ll","T031","Agents, data & search",-5.50256,-5.46491,-5.31643,-0.186125,0.00407634,1,0,0,0,0,1,1,1,0,1,5.63751,1,-1.49453,0,-1.6602,0,0,0,0,-0.816485,0,-0.391096,-0.691043,2.00244,1.93758,-0.97216,0.0649736,0.0847942,-2.56438,0,-2.34788,0,0,0,0,-2.05123,0,-0.720305,-0.977282,3.94284,3.27412,-1.72017,0.30056,0.227521,0.693147,0,0,1,1,1,1,1,1,0,0,0,0,0,0,0,0,0,0,0,0,0,0,0,5.54908,0,0,0,0,0,0,0,0,0,0,0,0,0,0,0,0,0,0,0,0,0,0,0,0,0,0,0,0,0,0,0,0,0,0,0,0,0,0,0,1.60944,0.693147,1.09861,0,0,0,0,5.63751,5.61209,4.71614,0,0,0,0,0,0,0,0,0,0.716667,0,0,0,-3.07728,0.00886073,0,0,0,0,0,0,0,0,0,0,0.986526,0.228467,1,1,0.853734,0.189734,7.0579,0.839668,0.301987,0.540625,0.231225,0.342469,0.496683,0.221781,0.335647,0.405465,0.405465,0.121808,0,0,2.19722,2.83321,0.457658,0.287115,2.83321,0.430663,0.285721,1,0
32,"ItsAI","T032","Security & verification",-5.90106,-5.83789,-5.77662,-0.124439,0.00273655,1,1,1,1,1,1,1,1,0,0,6.84422,0,0.996005,-0.606045,0.585033,-0.654276,-0.764756,-1.22276,0.911008,0.31331,-0.330293,0.0593606,0.379893,1.00661,0.984861,0.0746557,-0.116428,0.954867,1.72033,-0.862582,0.827362,-0.654276,-2.56177,-2.12332,1.28836,1.15863,-0.467105,0.0465535,0.537249,2.01923,1.70389,0.10034,-0.302628,1.80583,0.693147,0,0,0,0,0,0,0,0,6.32794,3.13549,3.43399,0.103814,0.181311,6.1203,3.21888,3.43399,0.15759,0.327484,1.79176,1.79176,0.278212,0,5.4848,5.54908,0.230469,0,0,0,0,0,0,0,0,0,0,1.09861,1.60944,3.93183,3.3322,3.93183,6.84422,4.25217,0,1,1,1,1,1,1,0,7,1,0,1,0,0,1,7.48829,6.8433,1.38629,1.09861,1.38629,1.38629,1.09861,1.09861,1.09861,0,0,0,0,6.84422,6.31404,6.84422,0,0,0,0,0,0,0,0,1,1,1,1,0,-0.791579,0.00196407,1.09861,1.09861,1.09861,0,0,0.693147,0.693147,0,0,0,0.665159,0.103531,1,0,0.709876,0.107208,7.67462,0.703037,0.0933134,0.024573,0.147208,0.0028427,0.0136559,0.142833,0.00294365,0.0343175,0.0223223,0.012513,3.61637,7.49499,7.40732,1.79176,0,0.682996,3.664,0,0.700153,1,0
33,"ReadyAI","T033","Agents, data & search",-5.53039,-5.39891,-5.3106,-0.219787,0.00396445,1,1,0,1,1,1,1,1,0,0,6.77082,0,1.24631,0.450314,0.955826,-0.829005,0.126813,-0.352598,0.769758,0.104664,0,-0.571451,-0.691043,0.168531,-0.210077,0.50804,0.772544,0.564356,2.17863,0.597727,1.35174,-0.829005,0.0133874,-0.610583,1.0886,0.11824,0,-1.12267,-0.977282,0.459401,-0.334009,0.878478,1.5434,1.16153,0.693147,0,0,0,0,0,0,0,0,6.55793,4.36945,3.43399,0.0471576,0.0648044,6.30628,4.45435,3.43399,0.0956555,0.113276,3.3322,0.693147,0.982088,0,5.49717,5.54908,0.234375,1.60944,1.60944,1.09861,1.09861,1.38629,2.3979,2.3979,0.693147,1.09861,1.79176,1.09861,3.04452,3.17805,3.55535,3.17805,6.77765,2.0075,0,1,1,1,1,1,1,0,7,0,0,0,1,0,1,0,0,0,0,0,0,0.693147,0.693147,0.693147,0,0,0,0,6.77082,6.31404,6.77082,2.89425,0,3.53133,0,0,0,3.96384,1,1,1,1,1,0,-2.30087,0.00243132,0,0,0,0,0,0,0,0,0,0,0.371677,0.0254049,1,0,0.311266,0.0264234,7.85903,0.557411,0.0762535,0.0394448,0.0492421,0.107631,0.0358069,0.0611566,0.111213,0.0528768,0.0755259,0.0602572,4.844,7.4961,7.49665,2.3979,0,0.25181,2.19722,0,0.277476,0,0
34,"BitMind","T034","Security & verification",-4.43704,-4.43743,-4.41449,-0.0225492,0.0118309,1,1,1,1,1,1,1,1,0,0,6.67713,0,1.13552,-0.723452,0.585033,-0.170759,0.894131,0.362871,0.974475,1.16169,-0.677494,0.250807,-0.0153579,-0.145208,0.0672722,0.746973,-1.70363,-1.67634,1.98956,-1.02276,0.827362,-0.170759,1.96644,0.615101,1.37812,2.77228,-0.958121,0.4596,-0.0217194,-0.0998831,0.406773,1.24843,-3.39223,-3.3566,0.693147,0,0,0,0,0.132592,0.154167,0,0,5.74939,4.51086,3.43399,0.136813,0.286866,4.89784,3.21888,3.43399,0.328976,0.403032,3.04452,3.04452,0.175868,0.125984,4.72739,5.54908,0.0273438,4.58497,5.16479,1.09861,4.21951,3.2581,2.19722,4.21951,0.693147,3.29584,2.30259,1.09861,1.79176,3.91202,3.43399,4.02535,6.73604,1.13531,4.33073,1,1,1,1,1,1,0,7,1,1,1,0,1,1,8.05801,6.19887,0,0,3.09104,2.70805,1.38629,1.09861,0.693147,0.693147,0.693147,0,0,6.67713,6.31404,6.67713,0,0,0,0,0,0,0,0,0.770833,0.770833,1,1,1.79176,-2.55664,0.00211899,0.693147,0.693147,0.693147,0,0,0,0.693147,0,0,0.693147,0.844179,0.0226298,0,1,0.844734,0.0241623,8.30573,0.575001,0.0434079,0.663958,0.012095,0.0624089,0.639079,0.0133143,0.064767,0.405465,0.408093,0.407012,4.4234,5.0876,3.68888,2.07944,0.962079,0.912119,2.19722,0.953264,0.895723,1,0
35,,"T035","Media, marketing & other",-5.77022,-5.42448,,,0.00311907,0,0,0,1,0,1,1,0,0,0,3.00321,0,-0.472403,1.80595,0,0,0,0,0,-0.816485,0,-0.707883,-0.691043,-0.867666,0,-1.56776,-0.785635,0,-0.860346,1.30139,-1.45802e-16,0,0,0,0,-2.05123,0,-1.42704,-0.977282,-1.67309,0,-2.57182,-1.84708,0,0.693147,1,0,0,0,0,0,0,0,0.693147,0.693147,2.99573,1,1,2.83815,2.31018,2.59558,0,0,0,0,0.401283,1,0.693147,2.02053,0,0,0,0,0,0,0,0,0,0,0,0,0,0,0,0,0,0,0,0,0,0,0,0,0,0,0,0,0,0,0,0,0,0,0,0,0,0,0,0,0,0,0,0,0,0,3.00321,3.01485,3.00321,5.80212,6.37112,-6.2542,2.65115,-0.551637,0,-6.2542,1,0,0,0.595451,0.668502,0,-1.20493,0.0956529,0,0,0,0,0,0,0,0,0,0,0,0,0,0,0,0,5.26269,0.860659,0.188553,0.00698485,0.00150495,0,0,0,0.158636,0.693147,0.68193,0.13685,1.32662,1.60944,3.9619,1.38629,0.751967,0.59318,0,0,0,1,1
36,"Epago","T036","Training & optimisation",-5.54817,-4.13275,-5.24358,-0.304583,0.00389459,1,1,1,1,0,1,1,0,0,0,3.75443,0,-0.447307,1.78982,-1.6602,0,-0.152619,-1.22276,-1.4212,-0.0197485,-1.2939,-0.707883,-0.691043,1.44008,0,-2.74485,-1.13277,0,-0.802768,2.52668,-2.34788,0,-0.152472,-2.12332,-2.00988,-0.249183,-1.82985,-1.42704,-0.977282,2.72703,0,-4.66473,-2.11192,0,0.693147,0,0,0,0,0.551735,0.564706,0,0,1.09861,1.09861,2.77259,0.94381,0.971068,0,0,0,0,0,0.693147,0.693147,1,0.971068,0.693147,3.4012,0,3.73767,3.73767,1.09861,2.63906,2.19722,0,0,0,0,0,1.09861,1.09861,0,0,0,3.30615,2.34612,0,1,0,1,1,1,0,0,5,1,1,0,0,0,0,2.3979,3.34043,2.56495,2.07944,0,0,0,0,0,0,0,0,0,3.75443,3.1017,3.75443,6.64555,6.37112,6.07177,1.51507,0,0,6.77575,1,0,0.0125,0,0,0,-1.24588,0.103611,0,0,0,0,0,0,0,0,0,0,0.956607,0.221583,0,0,0,0,5.04713,0.948638,0.579021,0.563945,0.231634,0.139918,0,0,0,0.0953102,0.544425,0.693147,3.09597,3.29584,1.09861,1.38629,0.550454,0.514037,0,0,0,1,1
37,"Aurelius","T037","Training & optimisation",-5.90464,-5.7301,-5.56676,-0.337878,0.00272677,1,1,1,0,0,1,1,1,0,0,6.72688,1,-1.49453,0,-1.6602,0,-0.82017,-1.22276,-0.608012,1.27539,-0.771893,-0.360239,-0.0153579,-0.561278,-0.502613,0.0380276,0.939771,0.846987,-2.56438,0,-2.34788,0,-2.23724,-2.12332,-0.859859,3.05201,-1.09162,-0.80168,-0.0217194,-1.22304,-1.01023,0.0708231,1.84655,1.68233,0.693147,0,0,1,1,1,1,1,1,0,0,0,0,0,0,0,0,0,0,0,0,0,0,0,5.54908,0.128906,0,1.09861,0.693147,0,0.693147,0,0,0,0,0,1.38629,1.09861,0,1.38629,1.09861,5.78109,4.33146,0,1,0,1,1,0,1,0,5,1,1,1,1,0,1,6.57088,6.17402,0.693147,0.693147,0.693147,0.693147,0,0,0,0,0,0,0,6.72688,6.31404,5.91423,0,0,0,0,0,0,0,0,0,0.716667,0,0,0,-0.73275,0.0016146,0.693147,0.693147,0.693147,0,0,0,0.693147,0,0,0,0,0.00740288,0,0,0,0.00767244,7.43189,0.665598,0.0964437,0.00916905,0.0856274,0.220371,0.00802305,0.0852001,0.213464,0.000627367,0.000507621,0.000499875,0.08655,5.18739,1.09861,2.70805,0,0.280108,2.63906,0,0.298904,1,0
38,"ChronoLLM","T038","Training & optimisation",-3.92591,-4.40529,-4.89768,0.971772,0.0197242,1,1,1,1,1,1,1,1,1,1,5.5812,1,0.351788,-0.0145149,0.411017,-0.646912,-0.276664,-0.00223914,-0.58271,0.787706,-0.274063,0.669895,-0.0153579,-0.363735,-0.206222,0.0385518,-0.88788,-0.655327,0.595892,-0.0198649,0.581266,-0.646912,-0.864589,-0.0059627,-0.824076,2.01026,-0.387584,1.38015,-0.0217194,-0.883026,-0.532755,0.0967583,-1.97457,-1.4353,0.693147,0,0,0,0,0,0,0,0,3.43399,2.70805,3.43399,0.385481,0.596731,3.63759,2.63906,3.43399,0.1602,0.260002,2.63906,2.48491,0.389341,0,2.3979,5.54908,0.0117188,1.94591,1.94591,0.693147,1.38629,1.60944,2.70805,2.70805,1.09861,1.79176,2.30259,1.38629,1.60944,0.693147,1.79176,0.693147,4.74034,2.27264,0,1,0,1,1,1,1,0,6,1,0,1,0,1,1,6.28786,5.66008,2.77259,1.94591,1.38629,1.38629,2.48491,1.60944,0.693147,0.693147,0,0,0,5.5812,5.55445,4.72827,0,0,0,0,0,0,0,0,1,1,1,1,1.09861,4.80021,0.0113774,0.693147,0.693147,0.693147,0,0.693147,0,0,1,0.693147,0,0.0895202,0.011069,0,0,0.138782,0.0157501,7.24993,0.648378,0.0763874,0.223769,0.121927,0.203281,0.266774,0.112231,0.230239,0.553885,0.554506,0.553885,2.55862,2.83321,3.58352,2.07944,0.827231,0.73751,2.48491,0.805758,0.678589,0,0
39,"deprecated","T039","Media, marketing & other",-4.96464,-4.89924,-4.78403,-0.180606,0.00698049,1,0,0,0,1,1,1,1,1,1,6.71546,1,-1.49453,0,-0.93577,1.72234,0,0,0,-0.816485,0,-0.707883,-0.691043,-0.581355,-0.42839,0.150163,0.355174,0.344123,-2.56438,0,-1.32338,1.72234,0,0,0,-2.05123,0,-1.42704,-0.977282,-1.08071,-0.531049,0.253086,0.647203,0.70902,0.693147,1,0,1,1,1,1,0.929167,0.929167,0,0,0,0,0,0.693147,0.693147,1.38629,1,1,0,0,0,0,0,5.54908,0,0,0,0,0,0,0,0,0,0,0,0,0,0,0,0,0,0,0,0,0,0,0,0,0,0,0,0,0,0,0,0,0,0,0,0,0,0,0,0,0,0,0,0,0,0,6.71546,6.31404,5.1641,0,0,0,0,-0.480738,0.00154041,-0.480738,0,0,1,0.0708333,1,0,-3.1647,0.00140479,0,0,0,0,0,0,0,0,0,0,0,0.070819,0,0,0,0.084654,7.57763,0.668611,0.0733118,0.0885333,0.00392924,0.259429,0.173498,0.00381699,0.253961,0.000499875,0.000499875,0.00050137,0.00288858,1.79176,2.77259,2.48491,0.200022,0.446189,2.48491,0.160135,0.367139,0,0
40,"Ralph","T040","Training & optimisation",-5.94699,-5.62592,-5.22417,-0.722814,0.0026137,1,1,1,1,1,1,1,1,0,0,4.68968,0,-0.109744,0.747176,-0.172994,1.72234,-0.534936,0.354292,-1.0158,-0.0606763,-1.1345,-0.707883,-0.691043,0.456376,0.143976,-1.7657,-0.841265,-0.723812,-0.218819,1.05623,-0.24465,1.72234,-1.13022,0.611516,-1.43655,0.026911,-1.60443,-1.42704,-0.977282,0.698197,-0.079774,-3.08708,-1.5116,-1.38054,0.693147,0,0,0,0,0,0,0,0,2.07944,1.94591,3.43399,0.634813,0.766667,0.693147,0.693147,3.43399,1,1,1.79176,1.79176,0.634813,0,0.693147,5.54908,0,2.99573,3.17805,0.693147,1.79176,2.07944,5.09987,5.09987,0.693147,2.56495,3.09104,2.30259,0.693147,0,0,1.38629,4.33383,2.71021,0,0,0,1,1,1,0,0,4,1,0,0,0,0,1,4.59512,4.8402,1.94591,1.09861,1.38629,1.09861,0,0,0,0,0,0,0,4.68968,4.68966,4.68968,0,0,0,0,0,0,0,0,0.770833,0.770833,0.883333,0.883333,0,-3.30716,0.0401249,0,0,0,0,0,0,0,0,0,0,0.10904,0.0215525,1,0,0.159685,0.0274345,6.59987,0.863391,0.536763,0.640723,0.197657,0.0214773,0.512623,0.171804,0.0273388,0.688135,0.688755,0.691391,1.09192,1.09861,2.30259,2.07944,0.628275,0.47457,2.07944,0.606196,0.426678,0,1
41,"Almanac","T041","Finance & forecasting",-4.87059,-5.1946,-5.32463,0.454042,0.00766888,1,1,1,1,1,1,1,1,0,1,6.69458,1,1.21021,-1.10224,1.00996,-1.05685,-0.15069,0.224557,-0.853968,-0.393735,0.860194,-0.571451,-0.29701,0.477246,0.250038,0.705298,0.251301,0.235412,2.12529,-1.55787,1.4283,-1.05685,-0.149506,0.383992,-1.20769,-1.0112,1.2165,-1.12267,-0.420036,1.06196,0.537465,1.21875,0.418379,0.473377,0.693147,0,0,0,0,0.0567616,0,0.692609,0.9375,5.03695,4.82831,3.43399,0.0131904,0.0215147,4.66344,4.63473,3.43399,0.014894,0.0357157,4.46591,3.8712,0.0534615,0,4.78749,5.54908,0.0273438,3.04452,3.04452,0.693147,2.19722,2.07944,3.4012,3.4012,1.09861,2.3979,2.3979,1.38629,1.38629,1.09861,0.693147,1.09861,5.03901,0.190429,0,0,0,1,1,0,1,0,4,1,0,0,0,0,0,7.65728,5.90092,5.03263,3.58352,4.65561,3.55159,0.693147,0.693147,0,0,0,0.693147,0,6.69458,6.31404,5.53415,0,0,0,0,0,0,0,0,1,1,1,1,0.693147,5.84844,0.00612123,0,0,0,0,0,0,0,0,0,0,0.563145,0.0462971,1,0,0.636113,0.0460351,8.01169,0.522636,0.05258,0.00721624,0.076799,0.177232,0.0176898,0.0708895,0.179928,0.0953102,0.0957087,0.095683,2.07758,4.21951,3.21888,2.30259,0,0.632916,2.30259,0,0.593218,1,0
42,"Unknown","T042","Media, marketing & other",-6.20195,-6.04389,-5.98559,-0.216361,0.00202548,1,0,0,0,0,1,1,1,0,0,6.65564,1,-1.49453,0,-1.6602,0,0,0,0,-0.816485,0,-0.707883,-0.691043,-0.71667,-0.740758,0.402297,0.978843,0.969763,-2.56438,0,-2.34788,0,0,0,0,-2.05123,0,-1.42704,-0.977282,-1.45857,-1.29962,0.722471,1.98069,1.94722,0.693147,1,0,1,1,1,1,1,1,0,0,0,0,0,0,0,0,0,0,0,0,0,0,0,5.54908,0,0,0,0,0,0,0,0,0,0,0,0,0,0,0,0,0,0,0,0,0,0,0,0,0,0,0,0,0,0,0,0,0,0,0,0,0,0,0,0,0,0,0,0,0,0,6.65564,6.31404,5.24367,0,0,0,0,0,0,0,0,0,0.716667,0,0,0,-0.573355,0.00181792,0,0,0,0,0,0,0,0,0,0,0,0.000941905,0,0,0,0.000978466,7.56216,0.5733,0.0490505,0.0663001,0.0461895,0.0996626,0.0415023,0.0400767,0.0876139,0.000499875,0.000505429,0.000502016,0.0830734,5.15906,2.56495,2.63906,0,0.174485,2.63906,0,0.175615,0,0
43,"Graphite","T043","Science & robotics",-5.53125,-5.42524,-5.36268,-0.168563,0.00396105,1,1,1,1,1,1,1,1,0,0,6.69208,0,0.179812,0.0187619,0.560009,0.0082168,-0.850902,-1.22276,0.433738,-0.816485,-1.10037,-0.707883,-0.691043,-0.748905,-0.79359,-0.919346,-1.62554,-1.72447,0.291791,0.0273023,0.791972,0.0082168,-2.80161,-2.12332,0.613398,-2.05123,-1.55616,-1.42704,-0.977282,-1.50484,-1.35815,-1.70207,-3.13797,-3.41741,0.693147,0,0,0,0.7999,0.800645,1,0.806537,1,2.56495,2.3979,3.43399,0.398314,0.545495,3.46574,3.13549,3.43399,0.392416,0.47029,1.60944,1.60944,0.398314,0,1.79176,5.54908,0,0,0,0,0,0,0,0,0,0,0,0,1.94591,2.70805,2.99573,2.70805,6.69006,5.81149,0,1,1,1,1,1,1,0,7,0,0,0,0,0,0,6.53669,6.68654,0,0,0,0,0,0,0,0,0,0,0,6.69208,6.31404,6.69208,0,0,0,0,0,0,0,0,0.716667,0.716667,0,0,0,-1.09407,0.00185128,0,0,0,0,0,0,0,0,0,0,0,0.000564447,0,0,0,0.00058511,7.58019,0.914426,0.312065,0.831396,0.0368603,0.159462,0.7815,0.0286747,0.153272,0.0953102,0.0953102,0.0953102,0.405465,1.79176,2.89037,2.48491,0.986412,0.870208,2.3979,0.981274,0.883238,1,0
44,"Score","T044","Media, marketing & other",-3.41994,-3.29982,-3.25702,-0.162915,0.0327145,1,1,1,1,1,1,1,1,0,0,6.66717,0,0.57707,-0.701727,0.754696,-0.697461,-0.467718,0.217123,0.698831,-0.0606763,1.41191,1.67798,1.91934,0.183757,-0.156045,1.56518,0.820659,0.67496,1.00857,-0.991399,1.0673,-0.697461,-1.00165,0.378026,0.988297,0.026911,1.99674,3.37971,2.71435,0.476407,-0.172189,2.70469,1.68442,1.39449,0.693147,0,0,0,0,0.0180372,0,0.00311502,0,4.77912,3.82864,3.43399,0.15226,0.309565,4.64439,3.78419,3.43399,0.142283,0.308296,3.21888,2.99573,0.175341,0,2.3979,5.54908,0.0429688,2.3979,2.3979,0.693147,0,2.07944,3.68888,3.93183,1.09861,1.94591,2.94444,1.09861,1.79176,1.94591,3.04452,3.55535,5.97029,1.06489,0,0,0,1,1,0,0,0,3,1,0,0,0,0,1,9.20069,6.68335,4.30407,3.85015,4.15888,3.4012,3.85015,2.19722,2.94444,3.09104,2.56495,2.70805,1.38629,6.66717,6.31404,6.66717,0,0,0,0,0,0,0,0,1,1,1,1,2.19722,4.33585,0.00342132,1.09861,1.09861,1.09861,0,0.693147,0,0.693147,1,1.09861,1.09861,0.295949,0.0403968,1,0,0.337762,0.0420964,8.74289,0.311857,0.0177483,0.0889939,0.0522779,0.0835031,0.0760858,0.0477334,0.0867153,0.0487902,0.0293302,0.0019281,2.77254,6.58617,6.09131,2.3979,0,0.174485,2.30259,0,0.207428,0,0
45,"AlphaRidge.ai","T045","Finance & forecasting",-5.9564,-5.97988,-5.95539,-0.00100585,0.00258922,1,1,1,1,1,1,1,1,0,1,6.65212,1,1.14833,-0.464615,0.761441,-0.80504,-0.0983962,-0.277546,-0.159355,0.9014,-0.671199,-0.360239,-0.0153579,-0.70257,-0.71046,0.117448,0.751946,0.622818,1.99973,-0.662486,1.07684,-0.80504,-0.291266,-0.46267,-0.225362,2.28999,-0.949218,-0.80168,-0.0217194,-1.39005,-1.16978,0.16784,1.45367,1.23731,0.693147,0,0,0,0.770447,0.630433,0.929167,0.505598,0.604167,6.21661,3.91202,3.43399,0.153711,0.266172,6.38182,3.80666,3.43399,0.10415,0.200245,2.3979,2.3979,0.320538,0,5.46383,5.54908,0.234375,4.29046,4.5326,0.693147,0,2.99573,3.04452,3.21888,1.09861,0,2.19722,1.09861,1.09861,1.79176,2.07944,1.79176,5.79563,0.220018,0,1,0,1,1,1,1,0,6,1,0,1,1,0,1,4.11087,4.64687,2.3979,2.3979,2.70805,2.70805,0,0,0,0,0,0,0,6.65212,6.31404,5.85881,0,0,0,0,0,0,0,0,1,1,0.341667,0.341667,0,-0.730625,0.00261342,0.693147,0.693147,0.693147,0,0,0,0.693147,0,0,0,0,0.0190622,0,0,0,0.0197411,7.79359,0.67293,0.126247,0.000585714,0.0288632,0.18955,0.000594895,0.0229915,0.186417,0.0100536,0.025058,0.0363133,3.72066,7.49276,7.49708,2.56495,0,0.369411,2.48491,0,0.402032,0,0
46,"Instant","T046","Compute & inference",-5.66839,-5.61522,-5.59609,-0.0722964,0.00345344,1,1,1,1,1,1,1,1,0,1,6.59914,1,-0.504626,0.0450671,-0.00808025,1.67437,-0.215404,-1.22276,-1.4212,-0.393735,-0.230149,0.700935,0.609169,0.400018,-0.0058824,0.587103,0.227542,0.202362,-0.843277,0.06446,-0.0114272,1.67437,-0.465388,-2.12332,-2.00988,-1.0112,-0.325479,1.36153,0.861496,1.03526,0.182377,1.01578,0.413703,0.415996,0.693147,0,0,0,0.684097,0.9876,1,0.974149,1,1.94591,1.79176,1.09861,0.406854,0.577099,4.29046,3.78419,1.38629,0.982998,0.991461,1.79176,1.79176,0.406854,0,1.94591,5.54908,0.0195312,3.13549,3.2581,0.693147,1.79176,2.07944,0,0,0,0,0,0.693147,0.693147,0,0,0,2.65972,0.979535,1.60944,0,0,1,1,0,1,0,4,1,0,0,0,0,0,5.29832,3.29728,3.58352,2.63906,0,0,1.60944,1.38629,0.693147,1.09861,0.693147,1.09861,0,6.59914,6.31404,4.01324,0,0,0,0,0,0,0,0,0.0416667,1,0.0875,1,0.693147,-0.466362,0.00184383,1.09861,1.09861,0.693147,0,0.693147,0.693147,0,1,1.09861,0,0.780482,0.029,1,0,0.637864,0.0300624,7.89506,0.555291,0.0507381,0.11763,0.0272392,0.181088,0.132059,0.0332146,0.172542,0.0953102,0.0956056,0.0953102,0.817339,2.56495,1.38629,2.30259,0.208983,0.437159,2.30259,0.175222,0.416749,1,1
47,"GPUForge","T047","Compute & inference",-6.21398,-6.02143,-5.72229,-0.491699,0.00200125,1,1,1,1,0,1,1,1,1,1,5.55138,1,-0.185213,1.7724,-1.6602,0,-0.392784,-1.22276,-1.4212,-0.393735,-0.454604,-0.707883,-0.691043,-0.216535,0.199729,-0.482879,-0.334863,1.03705,-0.341538,2.50443,-2.34788,0,-0.594285,-2.12332,-2.00988,-1.0112,-0.642908,-1.42704,-0.977282,-0.36165,-0.0758412,-0.838679,-0.485831,2.06234,0.693147,0,0,0,0,0.419689,0.429167,1,1,1.94591,1.94591,3.13549,0.96768,0.98367,0,0,0,0,0,1.79176,1.79176,0.96768,0,0.693147,5.0689,0,3.17805,3.17805,0.693147,2.3979,2.30259,0,0,0,0,0,0.693147,0.693147,0,0,0,2.507,0.787926,0,1,0,0,1,0,0,0,3,1,0,0,0,0,0,5.63835,6.31966,1.94591,1.94591,0,0,0,0,0,0,0,0,0,5.55138,5.52373,2.33772,0,0,0,0,-2.89526,0.0771236,-2.89526,0,0.583333,0.716667,0,0,0,-2.63748,0.010177,0,0,0,0,0,0,0,0,0,0,0.671018,0.000515515,0,0,0.257752,0.000574884,7.04054,0.81075,0.111393,0.610653,0.0540727,0.325279,0.00696271,0.197784,0.338909,0.0487902,0.0489959,0.0488876,1.07252,3.46574,2.83321,2.56495,0.53835,0.372202,2.70805,0,0.188738,1,0
48,"Quantum Compute","T048","Compute & inference",-5.52021,-5.49883,-5.45145,-0.0687592,0.00400499,1,1,1,1,1,1,1,1,0,0,6.61088,1,-0.135028,1.87195,-0.172994,1.72234,-0.385993,-0.451879,-0.76984,-0.393735,0.699829,0.317221,0.379893,-0.352268,-0.238756,-0.299222,0.844776,1.16445,-0.287717,2.64504,-0.24465,1.72234,-1.08358,-0.79001,-1.08872,-1.0112,0.989708,0.593359,0.537249,-0.903519,-0.675596,-0.571335,1.62133,2.28277,1.09861,0,0,0,0,0,0,0,0,1.94591,0.693147,3.43399,1,1,1.94591,0.693147,3.43399,1,1,0.693147,0.693147,1,0,1.94591,5.54908,0,0,2.3979,0.693147,2.19722,2.19722,0,1.38629,0.693147,1.38629,1.38629,0.693147,1.60944,1.38629,0.693147,1.38629,5.8203,4.46578,0,1,0,1,1,1,1,0,6,1,0,0,0,0,0,8.42288,8.58224,2.94444,2.77259,1.79176,1.38629,0.693147,0.693147,0,0.693147,0,0,0,6.61088,6.31404,6.00655,0,0,0,0,0,0,0,0,0.770833,0.770833,1,1,0,-1.05971,0.00168322,0.693147,0.693147,1.09861,0,0,0,0.693147,1,0.693147,0,0,0.0171034,0,0,0,0.017785,7.6044,0.770823,0.17971,0.0139023,0.137469,0.116778,0.00211281,0.13176,0.121431,0.000499875,0.000499875,0.000499875,0.0009995,1.09861,1.60944,2.99573,0,0.468492,3.09104,0,0.278997,1,0
49,"Nepher Robotics","T049","Science & robotics",-4.6082,-4.86529,-4.74023,0.13203,0.00996978,1,1,1,1,1,1,1,1,0,0,5.81422,1,0.193997,1.31878,0.585033,1.16911,-0.179132,0.117526,-0.281052,0.687296,-0.013072,-0.235903,-0.29701,1.43203,1.66843,-0.245741,-0.8227,-0.92571,0.325084,1.86365,0.827362,1.16911,-0.57217,0.21479,-0.397467,1.92065,-0.0184865,-0.374078,-0.420036,2.82082,2.89256,-0.444654,-1.55608,-1.82609,0.693147,0,0,0,0,0.412604,0.416667,0.0286488,0.0291667,3.04452,2.83321,3.43399,0.820398,0.901163,3.71357,3.21888,3.43399,0.803902,0.895129,1.60944,1.60944,0.820398,0,1.38629,5.54908,0.0078125,1.38629,2.3979,1.60944,0,1.94591,0,3.61092,1.38629,1.09861,2.3979,1.60944,1.38629,0.693147,1.60944,1.94591,5.48,2.61828,0.693147,1,0,1,1,1,0,1,6,1,1,1,0,0,1,6.47851,5.55945,3.04452,2.3979,4.34381,2.94444,2.3979,1.38629,1.79176,2.07944,1.79176,0.693147,0,5.81422,5.78012,5.78012,0,0,0,0,0,0,0,0,0.55,0.770833,0.979167,1,0.693147,-3.81256,0.00665318,0,0,0,0,0,0,0,0,0,0,0.765516,0.157503,1,0,0.862876,0.170173,7.41758,0.722575,0.164545,0.618208,0.190332,0.266818,0.604455,0.18413,0.275132,0.0487902,0.0492319,0.035581,1.15716,3.7612,4.86753,2.48491,0.776355,0.561999,2.48491,0.76088,0.603069,1,0
50,"Synth","T050","Finance & forecasting",-5.52076,-5.38755,-5.15362,-0.367143,0.0040028,1,1,1,1,1,1,1,1,0,0,6.42501,0,1.16405,-0.882977,0.862424,-0.886348,0.855044,0.479946,1.31344,1.27539,1.80658,0.123838,1.05436,-0.459905,-0.371716,0.879192,1.06291,0.478961,2.02776,-1.24778,1.21965,-0.886348,1.65068,0.825856,1.85749,3.05201,2.55488,0.128054,1.49109,-1.00295,-0.71375,1.53321,2.07997,0.967815,0.693147,0,0,0,2.11899e-06,9.33699e-07,0,1.39055e-06,0,5.66988,3.95124,3.43399,0.0890209,0.217919,5.77455,4.14313,3.43399,0.0753299,0.139178,3.2581,3.2581,0.120459,0,5.50719,5.54908,0.0429688,1.09861,4.07754,1.38629,3.29584,2.83321,0.693147,3.73767,1.38629,2.83321,2.56495,1.79176,2.63906,4.62497,3.8712,4.65396,6.53845,2.8525,4.09434,1,1,1,1,1,1,1,8,1,1,1,1,0,1,11.8772,7.08369,3.09104,3.09104,2.89037,2.83321,0.693147,0.693147,0.693147,0,0,0.693147,0.693147,6.42501,6.31404,6.42501,0,0,0,0,0,0,0,0,1,1,1,1,0.693147,0.816154,0.00482896,1.38629,1.38629,1.38629,0.693147,0.693147,0.693147,0,0,0,0,0,0.0363268,0,0,0,0.0378099,8.07527,0.458691,0.0488376,0.0514409,0.0818965,0.0799398,0.0347721,0.0762839,0.0832034,0.587787,0.589699,0.591514,3.73625,3.95124,4.60517,3.3673,0,0.427972,2.3979,0,0.438658,0,0
51,"lium.io","T051","Compute & inference",-2.34444,-2.41627,-2.48811,0.143671,0.0959012,1,1,1,1,1,1,1,1,0,0,6.59019,0,1.08773,-0.151158,0.995028,0.320144,1.54124,1.1133,1.09993,0.9014,0.0988895,0.429518,1.39724,0.922767,0.80301,0.881125,0.204316,0.178179,1.90964,-0.19103,1.40718,0.320144,3.9638,1.91198,1.55553,2.28999,0.139851,1.00851,1.97599,2.02004,1.61156,1.41798,0.587674,0.487439,0.693147,0,0,0,0,0,0,0,0,4.65396,4.65396,3.43399,0.61519,0.782889,4.58497,4.58497,3.43399,0.502981,0.704575,3.3322,3.3322,0.0974639,0.782967,4.30407,5.54908,0,4.98361,5.77144,2.30259,5.69972,3.2581,3.97029,4.49981,1.79176,4.60517,3.09104,2.30259,3.09104,3.71357,3.43399,4.45435,6.70919,0.285971,3.61092,1,1,0,1,1,1,1,7,1,0,1,1,0,1,8.55603,6.56558,2.30259,1.38629,2.56495,2.19722,4.06044,2.19722,3.63759,3.42083,2.87942,2.48491,2.19722,6.59019,6.31404,6.59019,6.64555,0,6.07177,0,6.34882,0,6.77575,1,1,1,1,1,1.09861,3.19563,0.00253104,0,0,0.693147,0,0,0,0,0,0,0.693147,0.94478,0.0862517,1,1,0.975209,0.0831988,8.84994,0.600653,0.0681542,0.373974,0.0822228,0.2049,0.369847,0.076151,0.202758,0.405465,0.406256,0.406788,2.89037,3.55535,3.89182,2.48491,0,0.441896,2.56495,0,0.442961,1,0
52,"Dojo","T052","Training & optimisation",-5.0985,-5.07859,-5.05233,-0.0461661,0.00610592,1,1,1,0,0,1,1,1,0,0,6.58567,0,-1.49453,0,-1.6602,0,-0.771165,-1.22276,-0.446742,-0.0606763,-0.168176,-0.707883,-0.691043,-0.565346,-0.523717,-0.698696,0.622554,0.623623,-2.56438,0,-2.34788,0,-2.63451,-2.12332,-0.631788,0.026911,-0.237837,-1.42704,-0.977282,-1.17432,-0.923765,-1.28414,1.18366,1.21927,0.693147,0,0,1,1,1,1,1,1,0,0,0,0,0,0,0,0,0,0,0,0,0,0,0,5.54908,0,0,0,0,0,0,0,0,0,0,0,0,1.79176,0,0,3.3322,6.04704,5.81149,2.99573,0,1,1,1,0,0,1,5,1,0,0,0,0,1,9.8903,6.95037,0,0,0,0,0,0,0,0,0,0,0,6.58567,6.31404,6.58567,0,0,0,0,0,0,0,0,0,0.716667,0,0,0,-1.35218,0.0015428,0,0,0,0,0,0,0,0,0,0,0,0.0276437,0,0,0,0.0286647,7.49499,0.839255,0.268969,0.0243917,0.0602614,0.2016,0.0046878,0.0536927,0.193902,0.693147,0.693147,0.693147,0,0,0.693147,2.70805,0,0.507551,2.70805,0,0.503978,0,0
53,"engy","T053","Compute & inference",-3.34601,-3.53397,-3.49721,0.151201,0.0352246,1,1,1,1,1,1,1,1,1,1,6.5437,1,0.791276,-0.569438,1.11467,-0.895968,0.0583985,0.332586,-0.216357,0.31331,0.0276178,0.650196,1.07143,0.499815,0.16121,0.67196,0.756954,0.622228,1.39536,-0.803608,1.57638,-0.895968,0.468756,0.581074,-0.305974,1.15863,0.0390575,1.44121,1.51523,1.28115,0.586819,1.11686,1.37349,1.1249,0.693147,0,0,0,0,0,0,0,0,5.23111,4.61512,3.43399,0.206827,0.34562,5.57215,4.98361,3.43399,0.0719201,0.215655,2.48491,2.48491,0.207801,0,2.70805,5.54908,0,2.70805,2.70805,1.79176,2.07944,1.60944,2.94444,3.04452,1.79176,1.79176,2.19722,2.07944,1.38629,1.94591,1.79176,1.94591,4.46705,0.953029,1.94591,0,0,1,1,0,0,0,3,1,0,1,0,0,1,7.93021,7.67863,1.79176,1.60944,2.77259,2.48491,4.17656,2.07944,3.63759,3.04452,2.48491,3.10038,2.51984,6.5437,6.31404,4.46771,0,4.1699,-4.84753,0.0616989,0,0,-4.9445,0,1,1,1,1,1.94591,5.5543,0.00458671,0,0,0,0,0,0,0,0,0,1.09861,0.989644,0.0224447,1,1,0.982847,0.01676,8.31654,0.553932,0.0981028,0.0366071,0.0203345,0.0874442,0.0275448,0.0146019,0.0892395,0.000499875,0.000500904,0.00106347,0.0104453,3.09104,5.95842,2.94444,0.433088,0.240752,2.70805,0.437606,0.23948,1,0
54,"Yanez","T054","Security & verification",-5.12818,-5.27426,-5.50192,0.373733,0.00592731,1,1,1,1,1,1,1,1,0,0,6.42965,1,1.06875,0.0223225,0.857622,-0.109553,0.187817,0.37607,0.230477,-0.393735,0.638209,0.913215,1.27188,-0.449456,-0.291099,0.823672,-0.785147,-0.864306,1.86416,0.031396,1.21286,-0.109553,0.212796,0.655973,0.325943,-1.0112,0.902564,1.72441,1.79871,-0.79668,-0.24347,1.46357,-1.70112,-1.81461,0.693147,0,0,0,0.313263,0.313742,0.0291667,0.31325,0.00833333,5.17615,4.02535,3.43399,0.387731,0.589567,5.22036,4.12713,3.43399,0.350671,0.512106,2.63906,2.63906,0.41007,0,4.89784,5.54908,0,1.60944,2.99573,1.38629,1.09861,1.94591,3.61092,3.61092,1.60944,1.94591,2.3979,1.79176,1.94591,1.79176,3.17805,1.79176,6.37548,1.85418,0,1,1,1,1,1,1,1,8,1,0,0,0,0,0,7.6004,6.31957,3.46574,3.13549,3.17805,2.77259,1.38629,0.693147,0.693147,1.09861,0.693147,0.693147,0,6.42965,6.31404,6.1703,0,0,0,0,0,0,0,0,1,1,1,1,0.693147,5.38454,0.00542468,1.60944,1.38629,1.60944,0.693147,1.09861,0,0.693147,1,1.09861,0,0,0.107584,0,0,0,0.111761,7.84776,0.446647,0.0394818,0.319321,0.000110098,0.101653,0.335316,0.000202912,0.100774,0.000499875,0.00050985,0.000510319,0.0478713,4.43082,4.52179,2.30259,0.821236,0.677786,2.30259,0.812534,0.684284,1,0
55,"NIOME","T055","Agents, data & search",-6.01731,-5.86487,-5.75913,-0.258182,0.00243622,1,1,0,1,1,1,1,1,0,0,6.43838,1,0.497729,-0.856805,1.09337,-0.498389,-0.600363,-0.502554,-1.03137,-0.0197485,0,-0.00756545,-0.0153579,-0.860703,-0.874476,0.643789,0.160432,0.00011943,0.863229,-1.21023,1.54626,-0.498389,-1.78248,-0.857411,-1.45857,-0.249183,0,-0.0148843,-0.0217194,-1.6562,-1.43338,1.13428,0.209667,-0.0641349,0.693147,0,0,0,0.0201268,0.024492,0.00416667,0.0733077,0.0541667,5.72031,3.43399,3.43399,0.104775,0.129432,5.5835,4.91265,3.43399,0.212845,0.427269,3.13549,2.77259,0.122402,0,2.3979,5.54908,0.234375,1.09861,1.09861,0.693147,0,1.09861,2.83321,2.83321,0.693147,0,2.30259,0.693147,0.693147,0,1.09861,0,4.38699,2.14141,0,1,1,1,1,0,1,0,6,1,1,0,0,0,0,0,0,0,0,0,0,1.79176,1.09861,1.60944,0,0,0,0,6.43838,6.31404,5.44386,0,0,0,0,0,0,0,0,0.995833,1,0.945833,1,0,-0.786859,0.00255512,0.693147,0.693147,0.693147,0,0,0,0.693147,0,0,0,0,0.00264705,0,0,0,0.00275183,7.80221,0.52156,0.0391441,0.0763634,0.00046135,0.0574692,0.0627095,0.0076898,0.0593555,0.0159538,0.0147458,0.00300584,3.2041,7.49443,6.62274,2.30259,0.359707,0.433629,2.19722,0.380399,0.467697,0,0
56,"Gradients","T056","Training & optimisation",-4.185,-4.13528,-4.14151,-0.0434876,0.0152222,1,1,1,1,1,1,1,1,0,0,6.52155,0,0.559833,-0.186078,0.388776,0.493979,0.109013,0.40508,0.976433,0.31331,-0.246926,-0.491643,-0.691043,-0.521158,-0.429653,0.652682,0.897025,0.786584,0.978709,-0.267453,0.549812,0.493979,0.67468,0.691411,1.38088,1.15863,-0.349206,-0.944618,-0.977282,-1.07048,-0.738509,1.05988,1.766,1.56645,0.693147,0,0,0,0,0.113326,0.154167,0.6997,1,3.93183,3.82864,3.43399,0.263999,0.433105,3.46574,2.56495,3.43399,0.564598,0.721633,2.07944,1.94591,0.393043,0,2.30259,5.54908,0,3.3322,3.3322,1.38629,3.3322,2.56495,3.04452,3.04452,1.38629,2.99573,2.30259,1.60944,2.07944,3.66356,3.73767,3.66356,6.5124,1.4003,0,1,0,1,1,0,0,0,4,1,0,1,0,0,1,7.78821,6.25249,1.79176,1.09861,0,0,1.09861,0.693147,0,1.09861,0,0,0,6.52155,6.31404,6.52155,0,0,0,0,0,0,0,0,1,1,1,1,1.94591,-3.08067,0.00337606,0,0,0,0,0,0,0,0,0,0,0,0.0431934,0,0,0,0.0449699,8.43011,0.603531,0.0825612,0.00657003,0.0551275,0.137229,0.00939152,0.054106,0.138355,0.000499875,0.000502117,0.000499875,0.020067,3.63759,2.07944,2.56495,0.00491287,0.251818,2.56495,0.00256631,0.306697,0,0
57,,"T057","Media, marketing & other",-6.00421,-5.64568,-5.25934,-0.744874,0.00246834,1,0,0,0,0,1,1,1,0,0,5.06166,0,-1.49453,0,-1.6602,0,0,0,0,-0.816485,0,-0.707883,-0.691043,-0.0866288,0.466708,-2.02508,-0.653507,-0.890065,-2.56438,0,-2.34788,0,0,0,0,-2.05123,0,-1.42704,-0.977282,-0.574368,-0.0087458,-3.56943,-1.0414,-1.62305,0.693147,1,0,1,1,1,1,1,1,0,0,0,0,0,0,0,0,0,0,0,0,0,0,0,5.54908,0,0,0,0,0,0,0,0,0,0,0,0,0,0,0,0,0,0,0,0,0,0,0,0,0,0,0,0,0,0,0,0,0,0,0,0,0,0,0,0,0,0,0,0,0,0,5.06166,5.0615,5.06166,0,6.17549,-6.78224,2.65115,0,0,-6.86656,0,0,0.716667,0,0,0,-2.84274,0.0214618,0,0,0,0,0,0,0,0,0,0,0,0.00081845,0,0,0,0.000952721,6.70073,0.901101,0.634964,0.749995,0.237471,0.302102,0.798092,0.312152,0.284396,0.000499875,0.000502445,0.000503203,0.0310141,4.15888,4.59512,2.30259,0.595389,0.354953,2.30259,0.643993,0.379501,1,1
58,,"T058","Media, marketing & other",-5.05503,-4.9258,-4.77837,-0.276662,0.00637715,1,0,0,1,1,1,1,1,1,1,4.54964,1,-0.610731,1.87195,-0.396785,1.72234,0,0,0,-0.816485,0,-0.707883,-0.691043,2.03484,0.716268,-1.29774,-0.500251,-0.980135,-1.09857,2.64504,-0.561139,1.72234,0,0,0,-2.05123,0,-1.42704,-0.977282,3.98208,0.772255,-2.24349,-0.688029,-1.82804,0.693147,1,0,0,1,0.420833,0.420833,0.470833,0.470833,0.693147,0.693147,2.94444,1,1,0.693147,0.693147,2.83321,1,1,0.693147,0.693147,1,0,0,5.54908,0,0,0,0,0,0,0,0,0,0,0,0,0,0,0,0,0,0,0,0,0,0,0,0,0,0,0,0,0,0,0,0,0,0,0,0,0,0,0,0,0,0,0,0,0,0,4.54964,4.49449,2.59557,0,0,0,0,2.09471,0,6.41018,1,0.295833,0.716667,0,0,0,-3.77719,0.0587623,0,0,0,0,0,0,0,0,0,0,0.870524,0.2516,1,0,0.246077,0.0594531,6.42325,0.940781,0.224572,0.674407,0.238429,0.147882,0.637713,0.241604,0.143037,0.0953102,0.0953102,0.0953102,0.182322,1.38629,1.38629,2.07944,0.255565,0.407293,1.94591,0.578913,0.459378,1,1
59,,"T059","Media, marketing & other",-5.27406,-5.27419,-5.27446,0.000398297,0.00512275,1,0,0,0,0,0,0,0,0,0,3.55968,0,-1.49453,0,-1.6602,0,0,0,0,-0.816485,0,-0.707883,-0.691043,0,0,0,0,0,-2.56438,0,-2.34788,0,0,0,0,-2.05123,0,-1.42704,-0.977282,0,0,0,0,0,0.693147,1,1,0,0,0,0,0,0,0,0,0,0,0,0,0,0,0,0,0,0,0,0,0,5.50126,0,0,0,0,0,0,0,0,0,0,0,0,0,0,0,0,0,0,0,0,0,0,0,0,0,0,0,0,0,0,0,0,0,0,0,0,0,0,0,0,0,0,0,0,0,0,3.55968,0,3.55968,0,0,0,0,0,0,0,0,0,0.716667,0,0,0,0,0,0,0,0,0,0,0,0,0,0,0,0,0,0,0,0,0,0,0,0,0,0,0,0,0,0,0.000499875,0.000506872,0.0152429,0.100445,5.34233,3.58352,0,0,0,0,0,0,1,1
60,"Bitsec.ai","T060","Security & verification",-5.51702,-5.437,-5.19634,-0.320675,0.00401782,1,1,1,1,1,1,1,1,0,0,6.41737,0,-0.104057,1.08236,0.202988,-0.497564,0.139053,0.0421655,0.326049,-0.393735,0.352248,1.19431,0.379893,1.37788,1.55196,0.417388,0.689228,0.547922,-0.21571,1.52918,0.287069,-0.497564,0.00264882,0.0722586,0.461103,-1.0112,0.498154,2.36029,0.537249,2.80614,2.83093,0.740266,1.35628,1.09957,0.693147,0,0,0,0.350003,0.45825,0.720833,0.439802,0.845833,1.60944,1.60944,3.43399,0.737209,0.85316,2.07944,1.94591,3.43399,0.213137,0.240338,1.09861,1.09861,0.749444,0,1.09861,5.54908,0,2.48491,2.48491,1.38629,0,1.79176,2.99573,2.99573,1.09861,1.79176,1.94591,1.79176,1.94591,1.94591,2.63906,2.77259,5.95844,1.05391,0,1,1,1,1,1,1,1,8,1,0,0,0,0,0,7.79276,6.76862,2.63906,2.3979,3.52636,2.63906,2.3979,1.38629,1.38629,1.60944,0.693147,0,0,6.41737,6.31404,6.41737,0,0,0,0,0,0,0,0,1,1,1,1,0,-1.08766,0.00178443,1.09861,0.693147,1.09861,0,1.09861,0,0,1,0.693147,0.693147,0.757328,0.182113,1,0,0.807614,0.191377,7.67415,0.549082,0.087224,0.0467327,0.146326,0.120814,0.0340476,0.142595,0.118212,0.000499875,0.000499875,0.000503549,0.001998,1.60944,4.15888,2.56495,0,0.378755,2.48491,0,0.428507,1,0
61,"RedTeam","T061","Security & verification",-4.50085,-4.3362,-4.42256,-0.0782865,0.0110996,1,1,0,1,1,1,1,1,0,0,6.49146,0,1.33742,-0.843986,1.19843,-1.05722,1.11177,0.4379,0.701134,-0.0197485,0,0.0490593,-0.29701,-0.178897,0.108315,0.679002,0.839084,0.651036,2.35939,-1.19998,1.69483,-1.05722,2.21287,0.77461,0.991554,-0.249183,0,0.111442,-0.420036,-0.263162,0.492841,1.1987,1.78571,1.3754,0.693147,0,0,0,0,0,0,0,0,5.59099,5.51513,3.43399,0.010378,0.0349881,5.34233,5.26269,3.43399,0.0147641,0.0560665,3.43399,3.4012,0.215572,0,4.72739,5.54908,0.488281,3.55535,5.0814,1.60944,0.693147,3.04452,4.18965,5.31812,1.38629,1.38629,3.09104,1.60944,3.4012,3.3322,3.17805,3.4012,6.53398,1.00144,4.46591,1,1,1,1,1,1,1,8,1,1,0,0,0,0,0,0,0,0,0,0,2.07944,1.09861,1.60944,1.79176,1.38629,0.693147,0.693147,6.49146,6.31404,6.49146,0,0,0,0,0,0,0,0,1,1,1,1,1.60944,5.52331,0.00608985,0.693147,0.693147,0,0.693147,0,0,0,0,0,0,0,0.164737,0,0,0,0.171307,7.82285,0.499178,0.048746,0.205635,0.0140495,0.130393,0.200119,0.0143065,0.135593,0.0574251,0.0665019,0.00676719,4.71985,7.49731,7.14677,2.70805,0,0.19404,2.56495,0,0.238289,1,0
62,"Ridges","T062","Agents, data & search",-4.55981,-4.51781,-4.52163,-0.038179,0.010464,1,1,1,1,1,1,1,1,0,0,6.48803,1,0.554884,-0.82689,0.431723,-0.738475,0.734647,0.822167,1.3949,-0.0606763,0.409365,0.226135,0.660327,-0.700304,-0.556887,1.3242,0.910132,0.84479,0.952419,-1.16795,0.610549,-0.738475,2.20553,1.42876,1.97268,0.026911,0.578929,0.418618,0.933844,-1.32988,-0.784742,2.248,1.75461,1.66326,0.693147,0,0,0,0,0.00143573,0,0.0559918,0.00833333,3.52636,2.94444,3.43399,0.114817,0.200681,2.99573,2.70805,3.43399,0.127745,0.225193,2.89037,2.89037,0.131818,0,3.2581,5.54908,0.242188,4.98361,5.12396,1.60944,3.46574,2.89037,5.36129,5.44242,1.60944,2.77259,3.09104,1.60944,3.09104,4.51086,4.07754,4.68213,6.20722,0.850205,3.13549,0,0,1,0,0,0,1,3,1,0,0,0,0,1,9.00172,7.11006,2.19722,1.79176,0.693147,0.693147,1.94591,1.09861,0,1.09861,0,0,0,6.48803,6.31404,6.219,0,3.47589,-4.13787,0.0745557,-6.84531,1.01878,-7.12854,0,1,1,0.991667,1,1.09861,-3.56461,0.00275933,1.09861,0.693147,1.38629,0,0,0,0.693147,0,0,0,0.0636118,0.0263007,0,0,0.210407,0.027633,8.79482,0.423098,0.0294202,0.00654497,0.00723634,0.0343083,0.00411218,0.00288238,0.0345659,0.0257125,0.0171167,0.000557455,3.28735,7.16162,5.81711,2.99573,0,0.425118,2.77259,0,0.367692,0,0
63,"Enigma","T048","Security & verification",-5.50164,-5.20908,-4.79764,-0.704002,0.00408006,1,1,1,1,1,1,1,1,0,0,6.39693,1,0.333051,1.87104,0.156724,1.72179,-0.301121,-0.451879,-0.523884,-0.393735,0.699829,0.563804,1.39845,-0.417685,-0.32763,-0.036706,0.0848812,0.616398,0.557221,2.64376,0.221641,1.72179,-0.956832,-0.79001,-0.740883,-1.0112,0.989708,1.14347,1.97771,-1.0093,-0.798602,-0.105423,0.069719,1.26659,1.09861,0,0,0,3.28345e-05,2.25322e-05,0,0,0,3.13549,2.3979,3.43399,0.999705,0.999853,2.48491,1.79176,3.43399,0.999805,0.999902,0.693147,0.693147,0.999705,0,2.63906,5.54908,0,2.07944,2.3979,0.693147,2.19722,2.19722,1.38629,1.38629,0.693147,1.38629,1.38629,0.693147,0.693147,0,1.38629,1.38629,5.04441,2.73312,0,1,1,1,1,1,1,0,7,1,0,0,0,0,0,8.42288,8.58224,2.94444,2.77259,1.79176,1.38629,1.94591,1.38629,1.60944,0.693147,0,1.79176,1.60944,6.39693,6.31404,6.15338,0,0,0,0,0,0,0,0,0.770833,0.770833,1,1,0,-1.08153,0.00168558,0.693147,0.693147,1.09861,0,0,0.693147,0,1,0.693147,0,0,0.0119203,0,0,0,0.0123972,7.7012,0.723104,0.128544,0.014059,0.123803,0.119444,0.0962684,0.118602,0.124222,0.000499875,0.000500692,0.000500843,0.00299551,1.94591,3.13549,2.30259,0,0.753182,2.48491,0,0.320352,1,0
64,"Chutes","T064","Compute & inference",-2.65306,-2.64806,-2.59438,-0.0586844,0.070435,1,1,1,1,1,1,1,1,0,0,6.47589,0,0.545731,-0.931205,0.532706,-0.777756,-0.124937,0.642055,1.46943,0.31331,0.902545,2.21182,1.83799,1.15106,1.13334,1.22878,0.692678,0.72341,0.939502,-1.31477,0.75336,-0.777756,-0.509795,1.11414,2.07809,1.15863,1.27639,4.41909,2.59931,2.45081,2.1788,2.05256,1.44307,1.4684,0.693147,0,0,0,0,0,0,0,0,3.17805,3.09104,3.43399,0.0875057,0.159009,3.13549,3.04452,3.43399,0.113821,0.231211,2.94444,2.94444,0.0920275,0,3.04452,5.54908,0,0,2.07944,1.09861,2.56495,1.60944,0,3.4012,2.07944,2.48491,1.94591,2.07944,2.30259,4.51086,3.52636,5.6058,6.54325,4.86188,0,1,0,1,1,1,1,1,7,1,0,1,0,0,1,9.37322,6.54274,3.09104,2.63906,4.2485,3.52636,4.00733,2.27414,3.09104,2.89037,2.19722,2.56495,1.38629,6.47589,6.31404,6.47589,0,0,0,0,-4.48516,0.0133416,-4.48516,0,1,1,1,1,1.60944,-5.00371,0.00209361,1.09861,1.09861,1.09861,0.693147,0.693147,0,0,1,1.09861,2.12937,0.956676,0.124651,1,1,0.98185,0.12332,8.94437,0.461868,0.0644579,0.233671,0.103139,0.0433509,0.214122,0.0980343,0.0450904,0.000499875,0.000500424,0.000500103,0.00399202,2.19722,2.48491,2.89037,0.187073,0.248275,2.89037,0.126018,0.255242,0,0
65,"True Performance Network","T065","Training & optimisation",-6.20283,-6.01241,-5.85237,-0.350466,0.00202369,1,1,1,1,1,1,1,1,0,1,6.38159,1,0.179812,-0.55936,-0.576704,0.42467,-0.18055,0.0647172,-0.545138,0.31331,0.278145,-0.15688,0.379893,-0.752203,-0.671217,0.291501,0.225415,0.296571,0.291791,-0.792878,-0.815582,0.42467,-0.623509,0.109553,-0.770942,0.788928,0.393357,-0.435868,0.537249,-1.43402,-1.07616,0.506842,0.504354,0.603463,0.693147,0,0,0,0.750009,0.752593,1,0.963427,1,2.63906,2.3979,3.43399,0.166126,0.213527,1.79176,1.38629,1.79176,0.540031,0.700025,2.07944,2.07944,0.250785,0,1.79176,5.54908,0,2.30259,2.30259,1.09861,1.79176,1.79176,2.94444,2.94444,1.09861,1.94591,2.3979,1.09861,1.09861,0.693147,0,2.99573,4.72248,2.67006,0,1,1,1,1,1,1,0,7,1,1,0,0,0,1,7.38212,6.2523,2.94444,2.48491,3.46574,2.63906,0,0,0,0,0,0,0,6.38159,6.31404,6.24337,0,0,0,0,0,0,0,0,0.9625,1,0.15,1,0,-0.582181,0.0032366,1.09861,1.09861,1.09861,0,0.693147,0,0.693147,0,0,0,0,0.0286242,0,0,0,0.0296878,7.64348,0.617345,0.0724078,0.370061,0.00240576,0.176558,0.346615,0.0191569,0.171597,0.405465,0.405845,0.213096,1.3376,2.70805,3.46574,2.83321,0.480296,0.293306,2.89037,0.359441,0.328113,1,0
66,"conjectures","T066","Science & robotics",-5.67577,-5.74646,-5.9246,0.248825,0.00342802,1,1,1,1,1,1,1,1,1,1,6.37989,1,0.593293,0.471813,-0.172994,1.72234,1.07762,1.28845,-0.853968,-0.393735,0.407083,-0.235903,-0.691043,0.717407,0.599363,0.684322,0.26069,0.0228739,1.02278,0.70146,-0.24465,1.72234,3.40312,2.22148,-1.20769,-1.0112,0.575702,-0.374078,-0.977282,1.55876,1.18206,1.23595,0.585471,0.138559,0.693147,0,0,0,0,0,0,0,0,4.40672,3.13549,3.43399,0.974302,0.987054,0.693147,0.693147,3.43399,1,1,1.60944,1.60944,0.158081,0.987054,3.2581,5.54908,0.15625,4.69135,6.09582,2.99573,5.14749,3.21888,5.35186,5.71373,1.79176,4.54329,3.04452,2.99573,1.79176,0,0.693147,1.09861,4.18832,0.140687,1.60944,0,0,1,1,1,0,1,5,1,0,0,0,0,0,7.17472,6.37998,3.46574,2.89037,2.89037,1.94591,2.3979,1.79176,2.07944,2.3979,2.07944,0,0,6.37989,6.31404,4.18748,0,0,0,0,0,0,0,0,1,1,1,1,1.09861,3.60598,0.0031807,0,0,0,0,0,0,0,0,0,0,0.741122,0.0666109,1,0,0.812342,0.0692292,7.64874,0.461285,0.0474879,0.241549,0.0871507,0.148615,0.280105,0.0826354,0.154457,0.00723109,0.00393335,0.000501976,1.86228,4.94164,2.94444,2.3979,0.139349,0.390468,2.19722,0.121622,0.398621,0,0
67,"Harnyx","T067","Agents, data & search",-5.61438,-5.41416,-5.17272,-0.441662,0.00364505,1,1,1,1,1,1,1,1,0,0,5.60567,0,1.03047,-0.91188,0.852742,-0.931931,-0.273916,0.0978614,-0.0801746,-0.0197485,-0.452081,-0.707883,-0.691043,-0.160867,-0.043217,-1.22849,-0.96533,-0.873109,1.79559,-1.28919,1.20596,-0.931931,-0.388422,0.197478,-0.113384,0.120523,-0.639339,-1.42704,-0.977282,-0.679978,-0.557091,-2.19351,-1.76846,-1.68293,0.693147,0,0,0,0.019921,0.0400351,0,0.0313368,0,6.11368,3.91202,3.43399,0.0723018,0.136281,6.42649,4.11087,3.43399,0.0591727,0.102816,3.29584,3.29584,0.117699,0,4.81218,5.54908,0.46875,4.40672,4.40672,1.38629,0,2.70805,4.89035,4.89035,1.38629,0,3.21888,1.38629,1.38629,1.79176,2.30259,1.79176,5.31276,2.16224,0,0,0,1,1,1,0,0,4,1,0,1,0,0,0,5.90263,5.47944,2.19722,1.79176,3.55535,2.48491,0,0,0,0,0,0,0,5.60567,5.24179,5.60567,0,0,0,0,0,0,0,0,1,1,1,1,0,-3.49947,0.0165483,0,0,0,0,0,0,0,0,0,0,0,0.000303231,0,0,0,0.000348171,7.22911,0.810006,0.475791,0.684249,0.215564,0.163045,0.612639,0.198036,0.185022,0.0180844,0.0375347,0.0525323,4.11821,7.49499,7.49443,2.19722,0.710882,0.533355,2.30259,0.696984,0.504757,1,0
68,"NOVA","T068","Science & robotics",-3.84891,-3.83363,-3.80982,-0.0390925,0.021303,1,1,1,1,1,1,1,1,0,0,6.3765,0,-0.206753,0.612881,-0.0513046,0.570872,-0.18866,0.204213,0.801414,-0.393735,0.57036,0.700237,-0.0153579,-0.0532809,0.340524,0.717522,0.262677,-0.177112,-0.403829,0.44165,-0.0725557,0.570872,-0.126804,0.351319,1.13337,-1.0112,0.80661,1.44785,-0.0217194,-0.130218,0.679994,1.19342,0.498823,-0.322158,0.693147,0,0,0,0,0,0,0,0,1.09861,1.09861,3.43399,0.591854,0.714305,1.09861,1.09861,3.43399,0.591854,0.714305,0,0,0.401283,1,1.09861,4.17439,0.599492,2.48491,3.78419,1.38629,1.79176,2.63906,3.29584,3.52636,1.09861,2.19722,2.70805,1.38629,1.60944,3.13549,3.61092,3.21888,6.41047,2.71461,0,0,0,1,1,0,1,0,4,1,0,0,0,0,0,8.43338,6.51276,2.94444,2.48491,2.30259,2.19722,2.63906,1.94591,1.38629,2.19722,1.09861,0,0,6.3765,6.31404,6.3765,0,6.00574,-6.69642,0.46485,-6.74165,0.466341,-7.91636,0,1,1,1,1,2.27414,5.26384,0.00535804,0.693147,0.693147,0.693147,0,0.693147,0,0,1,1.09861,0,0.259913,0.0915575,0,0,0.352665,0.101499,8.33399,0.569324,0.0671969,0.0526047,0.0834923,0.115571,0.0410258,0.0807457,0.120175,0.183664,0.14439,0.115873,5.52726,7.49731,7.4961,2.07944,0,0.493422,1.94591,0,0.714763,1,0
69,"Herald","T069","Media, marketing & other",-5.11368,-4.90089,-4.78484,-0.328843,0.00601392,1,1,1,1,0,1,1,1,0,0,4.98745,0,-0.572667,0.473109,-1.6602,0,0.0348358,-1.22276,-0.972541,-0.0606763,-0.512408,-0.391096,-0.29701,-0.870306,-0.919617,-2.10748,-0.355895,-0.00697541,-1.01991,0.669096,-2.34788,0,0.367491,-2.12332,-1.37538,0.026911,-0.724654,-0.720305,-0.420036,-1.67614,-1.49448,-3.72318,-0.314522,0.163422,0.693147,0,0,0,1,0.545833,0.545833,1,1,1.60944,1.09861,2.77259,0.545829,0.651376,0,0,0,0,0,1.09861,1.09861,0.545829,0,0,5.54908,0,4.02535,4.02535,1.09861,2.94444,2.63906,0,0,0,0,0,1.09861,1.09861,0.693147,0.693147,0.693147,4.54728,0.831922,0,1,0,1,1,0,1,0,5,1,0,0,0,0,1,4.68213,4.5474,2.3979,2.3979,0.693147,0.693147,1.60944,1.09861,1.09861,1.09861,1.09861,0.693147,0,4.98745,4.98741,4.98745,0,0,0,0,0,0,0,0,0.454167,0.716667,0,0,0,-4.43076,0.0110564,0,0,0,0,0,0,0,0,0,0,0,0.000245312,0,0,0,0.000279281,6.73102,0.917225,0.661935,0.831396,0.000411502,0.1953,0.467401,0.000670541,0.194598,0.000499875,0.000505334,0.000505714,0.0226806,3.61092,4.95583,2.56495,0.311492,0.338847,2.30259,0.0661272,0.333038,1,1
70,,"T070","Media, marketing & other",-6.5926,-5.4476,-4.49636,-2.09623,0.00137048,1,0,0,1,0,1,1,1,1,0,3.92937,0,-0.562582,1.80595,-1.6602,0,0,0,0,-0.816485,0,-0.707883,-0.691043,-0.866119,-0.661569,-0.795199,-0.474614,-0.917478,-1.00699,1.30139,-2.34788,0,0,0,0,-2.05123,0,-1.42704,-0.977282,-1.67092,-1.22003,-1.15444,-1.06653,-1.76995,0.693147,1,0,0,0,0.654167,0.654167,1,1,0.693147,0.693147,2.63906,1,1,0,0,0,0,0,0,0,0.401283,1,0.693147,2.63906,0,0,0,0,0,0,0,0,0,0,0,0,0,0,0,0,0,0,0,0,0,0,0,0,0,0,0,0,0,0,0,0,0,0,0,0,0,0,0,0,0,0,0,0,0,0,3.92937,3.92921,3.92937,0,5.29405,-5.98217,1.35572,0,0,-5.98217,0,0.345833,0.716667,0,0,0,-1.52046,0.103285,0,0,0,0,0,0,0,0,0,0,0,0,0,0,0,0,5.27811,0.643079,0.0569435,0.0101814,0.00197431,0.248203,0.325818,0.0591649,0.230372,0.405465,0.574817,0.688662,0.153627,2.19722,1.60944,1.09861,0.287323,0.50727,1.43092,0.497354,0.494452,1,1
71,"Leadpoet","T071","Media, marketing & other",-5.57186,-5.44258,-5.40073,-0.171121,0.00380342,1,1,1,1,1,1,1,1,0,0,6.35837,1,-0.137619,-0.459793,-0.626876,-0.23958,0.93764,1.24934,0.42571,0.787706,0.197538,1.21991,2.1269,-0.778607,-0.828105,1.05947,-0.309635,-0.215444,-0.235477,-0.650502,-0.886536,-0.23958,2.94255,2.16053,0.602045,2.01026,0.279362,2.40863,3.0079,-1.51874,-1.33928,1.90648,-0.70721,-0.479322,0.693147,0,0,0,0.700003,0.879015,1,0.980213,1,4.40672,2.63906,2.77259,0.220161,0.412252,3.04452,2.07944,1.09861,0.304582,0.499289,2.19722,2.19722,0.263508,0,0.693147,5.54908,0.0078125,7.27742,7.6267,1.79176,3.13549,3.43399,7.02496,7.04491,1.38629,4.14313,3.46478,2.3979,3.4012,2.56495,3.09104,2.56495,5.86773,0.0347145,0,1,0,1,1,1,0,0,5,1,0,1,0,1,1,7.98446,6.31202,2.56495,1.94591,1.94591,1.60944,2.94444,1.94591,2.07944,1.60944,1.09861,2.19722,1.09861,6.35837,6.31404,5.86776,0,0,0,0,0,0,0,0,0.454167,1,0.0666667,1,0.693147,3.50918,0.00364473,1.60944,1.38629,1.60944,0,1.09861,0.693147,0.693147,1,0.693147,0,0,0.0109042,0,0,0,0.0113238,7.81319,0.348999,0.020788,0.207741,0.0155222,0.173435,0.170554,0.00721305,0.166256,0.000499875,0.000646973,0.000499875,0.318005,5.73334,2.30259,2.07944,0.568795,0.464782,2.07944,0.532043,0.392495,1,1
72,"StreetVision by NATIX","T072","Science & robotics",-6.18699,-6.08908,-6.0073,-0.179694,0.002056,1,1,1,0,1,1,1,1,1,0,6.35454,0,-1.49453,0,-1.04293,1.72234,-0.452109,-1.22276,0.210629,0.31331,1.83236,-0.707883,-0.691043,0.117222,0.686971,-0.0363399,0.835421,0.798134,-2.56438,0,-1.47493,1.72234,-2.04416,-2.12332,0.297874,0.788928,2.59135,-1.42704,-0.977282,0.169667,1.24099,-0.0523913,1.64366,1.60093,0.693147,0,0,1,1,1,1,0.975,0.975,0,0,0,0,0,0.693147,0.693147,1.09861,1,1,0,0,0,0,0,5.54908,0,0,0,0,0,0,0,0,0,0,0,0,2.48491,2.56495,2.48491,2.56495,6.40074,4.9937,2.3979,1,1,1,1,1,1,0,7,1,1,0,0,0,1,11.8259,7.39364,3.61092,3.17805,1.94591,1.94591,0,0,0,0,0,0,0,6.35454,6.31404,6.35454,2.48407,0,3.0922,0,4.97426,0.552001,5.11572,1,0,0.716667,0,0,0,-0.692925,0.00181162,0,0,0,0,0,0,0,0,0,0,0.49382,0.0627349,0,0,0.694664,0.0819071,7.36518,0.656495,0.124347,0.00693394,0.119262,0.0962521,0.0153742,0.11119,0.0834083,0.000499875,0.000499875,0.000500384,0.000499875,0.693147,2.83321,2.48491,0,0.267505,2.48491,0,0.255857,1,0
73,"Parked","T073","Media, marketing & other",-5.77576,-5.71303,-5.72317,-0.0525912,0.00310184,1,0,0,0,0,1,1,1,1,1,6.33115,1,-1.49453,0,-1.6602,0,0,0,0,-0.816485,0,-0.707883,-0.691043,0.910532,0.93786,-0.199613,0.099724,0.0425825,-2.56438,0,-2.34788,0,0,0,0,-2.05123,0,-1.42704,-0.977282,2.15771,2.08191,-0.351442,0.273179,0.10783,0.693147,1,0,1,1,1,1,1,1,0,0,0,0,0,0,0,0,0,0,0,0,0,0,0,5.54908,0,0,0,0,0,0,0,0,0,0,0,0,0,0,0,0,0,0,0,0,0,0,0,0,0,0,0,0,0,0,0,0,0,0,0,0,0,0,0,0,0,0,0,0,0,0,6.33115,6.31404,4.95709,0,0,0,0,0,0,0,0,0,0.716667,0,0,0,-0.82463,0.00183784,0,0,0,0,0,0,0,0,0,0,0.863884,0.161591,1,1,0.860385,0.164897,7.30988,0.734813,0.111625,0.40875,0.0060907,0.279171,0.421885,0.0267839,0.274094,0.405465,0.405465,0.121808,0,0,2.19722,2.70805,0.509771,0.286781,2.70805,0.48516,0.295259,1,0
74,"Gittensor","T007","Agents, data & search",-5.72766,-5.66665,-5.61467,-0.112985,0.00325469,1,1,1,1,1,1,1,1,0,0,6.34924,0,0.579315,-0.601331,0.518063,-0.69533,0.974666,0.831674,1.44458,-0.0606763,-0.100943,-0.223806,-0.0153579,-0.414723,-0.301656,0.00971045,0.288519,0.196023,1.00102,-0.851074,0.732652,-0.69533,2.43212,1.42662,2.04295,0.026911,-0.142755,-0.497306,-0.0217194,-0.845124,-0.452756,0.0160645,0.536808,0.396777,1.09861,0,0,0,0.62465,0.635151,1,0.510119,0.808333,3.43399,3.2581,3.43399,0.166174,0.335611,2.99573,2.99573,3.43399,0.143038,0.247409,2.70805,2.70805,0.224808,0,3.04452,5.54908,0,4.02535,4.02535,1.60944,4.02535,2.63906,3.97029,3.97029,1.60944,3.97029,2.56495,2.94444,3.4012,3.89182,4.86888,3.89182,5.90833,0.00376605,0,1,1,1,1,1,1,1,8,1,0,0,0,0,1,6.6896,5.75049,2.89037,2.07944,1.60944,1.60944,0.693147,0.693147,0,0,0,0,0,6.34924,6.31404,6.34924,0,0,0,0,0,0,0,0,1,1,1,1,0.693147,-0.226707,0.00323865,0.693147,0.693147,0.693147,0.693147,0,0,0,0,0,0,0,0.071432,0,0,0,0.0736389,7.41216,0.702226,0.0706697,0.113706,0.0537493,0.100433,0.0990886,0.046408,0.103536,0.139762,0.159875,0.146402,1.25087,2.83321,2.07944,2.77259,0,0.713544,2.63906,0,0.70965,1,0
75,"Hippius","T075","Compute & inference",-4.12501,-4.06459,-4.03852,-0.086491,0.0161633,1,1,1,1,1,1,1,1,0,0,6.34521,0,1.06816,0.531025,0.837606,1.56702,0.948336,2.3775,0.424303,0.31331,0.735278,1.1036,1.62895,0.429523,0.204725,0.886336,0.222627,0.209605,1.86205,0.784128,1.18455,1.56702,3.11505,4.12101,0.600055,1.15863,1.03984,2.20057,2.30368,0.975016,0.50525,1.48525,0.420632,0.385534,0.693147,0,0,0,0,0,0,0.198164,0.208333,4.97673,3.97029,3.43399,0.981337,0.990619,5.11799,4.06044,3.43399,0.944948,0.972046,1.09861,1.09861,0.188314,0.990619,4.95583,5.54908,0,2.48491,6.32972,2.94444,5.56834,3.3322,5.3799,7.19213,3.5354,5.29832,3.4012,3.90045,2.07944,2.30259,2.3979,3.4012,6.33281,1.80868,0,1,0,1,1,1,1,0,6,1,0,1,0,0,1,8.26591,6.52698,3.98898,2.94444,4.04305,3.29584,2.99573,1.60944,2.48491,2.19722,1.79176,2.19722,1.60944,6.34521,6.31404,6.34521,4.70163,6.33476,-6.78224,0.844498,-6.94829,0.717219,-7.99819,1,1,1,1,1,2.19722,5.90416,0.00752378,0.693147,0.693147,1.09861,0.693147,0,0,0,0,0,1.79176,0.298277,0.0970011,1,0,0.319031,0.101344,8.45787,0.540633,0.0445983,0.219989,0.0588489,0.137724,0.201733,0.0574842,0.14389,0.693147,0.694625,0.329961,4.1749,4.47734,4.54329,2.56495,0.406117,0.350562,2.56495,0.393894,0.350806,0,0
76,"Ormas","T076","Agents, data & search",-5.1229,-5.16083,,,0.00595872,0,1,1,1,0,1,1,0,0,0,3.26238,0,-0.781679,1.81295,0,0,-0.395659,-1.22276,-1.4212,0.31331,-1.42397,-0.707883,-0.691043,-0.556506,0,-1.745,-0.161392,0,-1.35978,2.56001,-1.45802e-16,0,-0.656574,-2.12332,-2.00988,1.15863,-2.0138,-1.42704,-0.977282,-1.23624,0,-2.88179,-0.324109,0,0.693147,0,0,0,1,0.577778,0.577778,0,0,1.09861,1.09861,1.94591,0.959633,0.979392,2.83815,2.31018,2.59558,0,0,0.693147,0.693147,1,0.979392,0,4.91265,0.00740741,3.95124,3.98898,1.09861,1.79176,1.94591,0,0,0,0,0,1.38629,0.693147,0,0,0,3.03896,2.71106,0,1,1,1,0,0,0,0,4,1,0,1,0,0,1,2.70805,4.60418,2.3979,1.60944,2.19722,1.09861,0,0,0,0,0,0,0,3.26238,3.01485,3.26238,3.43399,0,4.09462,0,-0.551637,0,4.09462,1,0.189055,0.855721,0.595451,0.668502,0,-2.85235,0.108201,0,0,0,0,0,0,0,0,0,0,0,0,0,0,0,0,5.14166,0.904749,0.200991,0.241418,0.0959011,0.109283,0,0,0.158636,0.000499875,0.00495525,0.13685,1.32662,4.90527,3.9619,1.94591,0.418351,0.357134,0,0,0,1,1
77,"Liquidity","T077","DeFi & crypto infrastructure",-5.28027,-5.213,-5.15378,-0.126492,0.00509103,1,1,1,1,1,1,1,1,0,0,6.33893,0,0.418655,-0.73275,0.502669,-0.724917,-1.13554,-1.22276,-0.216357,-0.393735,-0.31669,-0.707883,-0.691043,0.919905,0.940964,-1.84044,-0.819855,-0.961242,0.715367,-1.03425,0.710881,-0.724917,-3.21264,-2.12332,-0.305974,-1.0112,-0.447867,-1.42704,-0.977282,1.45815,0.932778,-3.31319,-1.40643,-1.84009,0.693147,0,0,0,0,0,0,0,0,2.89037,2.89037,3.43399,0.154316,0.230208,2.94444,2.94444,3.43399,0.132551,0.178953,2.63906,2.63906,0.154316,0,2.56495,5.54908,0,0,0,0,0,0,0,0,0,0,0,0,0.693147,1.94591,1.79176,1.94591,6.33894,4.59703,0,0,1,1,1,0,0,1,5,1,0,0,0,0,0,8.20849,8.41882,3.52636,0.693147,3.49651,0.693147,0,0,0,0,0,0,0,6.33893,6.31404,6.33893,0,0,0,0,0,0,0,0,1,1,0.575,0.575,0,-2.85519,0.00177296,0,0,0,0,0,0,0,0,0,0,0.0949937,0.0652437,1,0,0.0995547,0.068218,7.26892,0.930365,0.638958,0.830855,0.289208,0.0248716,0.798092,0.312152,0.0260054,0.000499875,0.000499875,0.000499875,0,0,0.693147,2.83321,0.723819,0.560834,2.77259,0.759371,0.592664,0,0
78,"Umi","T078","Media, marketing & other",-5.68801,-5.45895,-5.23713,-0.450872,0.00338634,1,1,1,1,1,1,1,1,1,1,5.13893,1,1.27531,-0.971765,-0.0513046,1.333,0.620094,-0.543961,-1.2185,0.31331,0.573772,-0.435018,-0.691043,-0.715392,-0.590689,0.482358,-0.215848,-0.264164,2.25575,-1.3742,-0.0725557,1.333,1.9482,-0.930352,-1.72322,0.788928,0.811436,-0.818292,-0.977282,-1.35273,-0.83894,0.894495,-0.533048,-0.66732,0.693147,0,0,0,0.306171,0.255179,0.185345,0.05,0.05,5.57215,5.47646,3.2581,0.0476059,0.208386,1.09861,1.09861,3.43399,0.861996,0.925439,4.82147,3.98427,0.102999,0,4.67283,5.54908,0,6.1181,6.25767,1.38629,4.94164,3.2581,2.56495,2.56495,0.693147,0,1.94591,1.38629,0.693147,0.693147,0,0.693147,3.56695,0.0335064,2.19722,1,1,1,1,0,0,0,5,1,1,0,0,0,1,6.1506,3.66526,4.17439,3.8712,2.56495,2.3979,1.38629,1.09861,0,1.38629,0,0,0,5.13893,5.13892,3.31745,0,0,0,0,-1.42464,0.00977384,-1.42464,0,0.725,0.770833,0.95,1,0,-3.57225,0.0221026,0,0,0,0,0,0,0,0,0,0,0,0.0396361,0,0,0,0.0587839,7.40184,0.519214,0.0329431,0.0917665,0.000444423,0.0605753,0.0873683,0.000219643,0.0540908,0.559616,0.312361,0.000501501,2.60795,5.78996,1.79176,1.60944,0.458238,0.357697,2.19722,0.706825,0.462928,0,0
79,"MVTRX","T079","Finance & forecasting",-5.77426,-5.57946,-5.02566,-0.748595,0.0031065,1,1,1,1,1,1,1,1,0,0,6.3277,0,1.23927,-0.790864,0.959295,-0.968466,-0.390469,-0.639512,0.210861,-0.0197485,-1.64007,-0.360239,-0.0153579,2.14902,2.44213,-0.999886,-2.47574,-2.2441,2.16565,-1.12235,1.35665,-0.968466,-1.1592,-1.09867,0.298202,-0.249183,-2.3194,-0.80168,-0.0217194,4.09813,3.96082,-1.85908,-4.87214,-4.46823,0.693147,0,0,0,0,0,0,0,0,6.55793,4.33073,3.43399,0.0601656,0.134763,6.66803,4.46591,3.43399,0.0462223,0.123648,3.29584,3.09104,0.203433,0,5.50126,5.54908,0.222656,2.3979,2.3979,0.693147,0,2.30259,1.94591,1.94591,0.693147,0,1.60944,0.693147,0.693147,1.94591,2.99573,1.94591,6.23917,0.908725,0,1,0,1,1,1,1,0,6,1,1,0,0,0,0,4.59512,5.57212,0,0,0,0,0,0,0,0,0,0,0,6.3277,6.31404,6.3277,0,0,0,0,0,0,0,0,1,1,1,1,0,-2.3403,0.00236187,0.693147,0.693147,0.693147,0,0,0,0.693147,0,0,0,0.795505,0.2516,1,0,0.842174,0.219987,7.80221,0.83797,0.462723,0.763443,0.289208,0.0847457,0.595708,0.299356,0.0882378,0.0409282,0.0536737,0.114722,4.49173,7.49276,7.49665,1.09861,0.996707,0.983299,1.43092,0.99564,0.976431,1,0
80,"OpenRoboto","T080","Science & robotics",-3.56051,-3.8988,-4.16701,0.606499,0.0284242,1,1,1,1,1,1,1,1,1,1,5.64824,1,0.38314,0.143556,0.398803,-0.586575,-0.234166,0.501753,-0.233778,-0.393735,0.911782,1.76182,1.62773,0.818362,1.10531,0.78753,0.719899,0.598595,0.656939,0.196215,0.563992,-0.586575,-0.292411,0.876158,-0.330613,-1.0112,1.28945,3.5795,2.30196,1.80092,2.30127,1.41515,1.42349,1.19097,0.693147,0,0,0,0,0.169,0.216667,0.892687,1,3.46574,3.04452,3.43399,0.346429,0.434433,2.77259,2.63906,3.4012,0.181587,0.330248,2.83321,2.83321,0.522279,0.389957,2.19722,5.54908,0.0234375,2.3979,3.89182,1.38629,2.63906,2.77259,1.38629,4.84419,1.38629,2.07944,2.48491,1.79176,0.693147,1.09861,0,4.06044,4.167,3.16485,0,1,0,1,1,0,0,1,5,1,0,0,0,0,0,8.20084,7.41742,4.21951,3.3673,4.06044,2.89037,4.04305,1.79176,3.3673,3.42083,2.87942,2.89037,2.19722,5.64824,5.62312,4.16739,0,0,0,0,0,0,0,0,1,1,0.933333,1,0.693147,-3.32232,0.0103871,0.693147,0.693147,0.693147,0,0.693147,0,0,1,0.693147,1.60944,0.612509,0.132183,1,0,0.847749,0.17474,7.72577,0.438491,0.0388441,0.0889654,0.0672663,0.107322,0.073328,0.0546488,0.113146,0.000499875,0.000515539,0.000506082,0.0728246,4.86753,4.62497,2.63906,0.124825,0.278492,2.48491,0.125731,0.284232,1,0
81,"Reliquary","T081","Training & optimisation",-5.08863,-5.07513,-4.99153,-0.0971014,0.00616647,1,1,1,1,1,1,1,1,1,1,6.32046,1,0.775587,-0.919779,0.852742,-0.908024,0.66828,0.846493,-0.0881644,0.31331,-0.2635,0.444191,-0.691043,-0.512364,-0.351968,0.466544,0.143504,-0.092961,1.35741,-1.30166,1.20596,-0.908024,2.30797,1.456,-0.124683,0.788928,-0.372646,0.924905,-0.977282,-0.951037,-0.381079,0.837627,0.227352,-0.164837,0.693147,0,0,0,0.837063,0.394168,0.441667,0.0345086,0,4.91998,4.07754,3.43399,0.0532042,0.0933834,4.86753,4.11087,3.43399,0.0676467,0.120622,3.2581,3.2581,0.130065,0,3.21888,5.54908,0.0117188,6.3699,6.45834,1.79176,4.41884,3.4012,5.50939,5.51745,1.09861,3.89182,3.29584,1.79176,1.79176,1.60944,1.94591,2.19722,5.12158,0.00367657,0,1,1,1,1,0,0,0,5,1,1,0,0,0,1,6.10479,6.18537,2.56495,2.07944,2.77259,1.60944,1.38629,1.09861,1.38629,1.38629,1.38629,0,0,6.32046,6.31404,3.87186,0,0,0,0,0,0,0,0,1,1,1,1,0,-3.25688,0.00244417,0,0,0,0,0,0,0,1,0.693147,0.693147,0,0.0830238,0,0,0,0.0977969,7.61085,0.538416,0.0631808,0.0372197,0.0103078,0.159789,0.0145828,0.00428543,0.160231,0.000499875,0.000515216,0.000509979,0.110086,5.37064,4.43082,2.07944,0.0309113,0.578171,1.94591,0.0102042,0.669225,1,0
82,,"T082","Media, marketing & other",-5.41348,-5.41348,,,0.00445611,0,0,0,0,0,1,0,0,0,0,1.61296,0,-1.49453,0,0,0,0,0,0,-0.816485,0,-0.707883,-0.691043,0,0,-2.93422,0,0,-2.56438,0,-1.45802e-16,0,0,0,0,-2.05123,0,-1.42704,-0.977282,0,0,-5.0031,0,0,0.693147,1,1,0,0,0,0,0,0,0,0,0,0,0,2.83815,2.31018,2.59558,0,0,0,0,0,0,0,2.02053,0.599492,0,0,0,0,0,0,0,0,0,0,0,0,0,0,0,0,0,0,0,0,0,0,0,0,0,0,0,0,0,0,0,0,0,0,0,0,0,0,0,0,0,0,0,0,0,2.56995,0,1.61296,0,0,0,0,-0.551637,0,0,0,0,0,0.595451,0.668502,0,-0.749024,0,0,0,0,0,0,0,0,0,0,0,0,0,0,0,0,0,5.04713,0.948638,0.661935,0,0,0,0,0,0.158636,0.693147,0.694625,0.13685,1.32662,0.693147,3.9619,0,0,0,0,0,0,1,1
83,"CliqueAI","T083","Science & robotics",-4.79899,-4.71383,-4.62078,-0.178209,0.00823809,1,1,0,1,1,1,1,1,0,0,6.31341,0,1.01126,-0.564298,0.81616,-0.740759,-0.880821,-1.22276,-0.0793535,-0.393735,0,-0.707883,-0.691043,-0.312234,-0.195843,-0.355817,0.0892112,0.764983,1.74843,-0.796761,1.15422,-0.740759,-2.8057,-2.12332,-0.112223,-1.0112,0,-1.42704,-0.977282,-0.88772,-0.71057,-0.724491,0.22495,1.48678,0.693147,0,0,0,0,0,0,0,0,5.71043,3.21888,3.43399,0.203293,0.271355,6.32615,3.98898,3.43399,0.126935,0.220508,2.07944,1.94591,0.214169,0,5.47646,5.54908,0.00390625,0,0,0,0,0,0,0,0,0,0,0.693147,0.693147,1.38629,2.63906,1.38629,5.99784,4.27991,2.3979,0,0,1,1,1,1,0,5,1,0,0,0,0,0,0,0,0,0,0,0,0,0,0,0,0,0,0,6.31341,5.99767,6.31341,0,0,0,0,0,0,0,0,0.716667,0.716667,0,0,0,-4.11653,0.00367365,0,0,0,0,0,0,0,0,0,0,0,0.00207625,0,0,0,0.00221699,7.84971,0.896711,0.135142,0.284784,0.16753,0.0889456,0.269329,0.161268,0.0949748,0.0953102,0.101958,0.117645,2.50434,4.67283,5.95064,2.19722,0.389363,0.253901,3.4012,0.304852,0.316986,0,0
84,,"T084","Media, marketing & other",-5.98372,-6.00096,-5.85745,-0.126269,0.00251943,1,0,0,1,1,1,1,1,1,0,5.03667,0,-0.610731,1.87195,-0.185208,1.72234,0,0,0,-0.816485,0,-0.707883,-0.691043,-0.760701,-0.798046,-0.982935,-0.161069,1.57849,-1.09857,2.64504,-0.261924,1.72234,0,0,0,-2.05123,0,-1.42704,-0.977282,-1.52172,-1.36329,-1.72127,-0.13965,3.10202,0.693147,1,0,0,1,0.419492,0.419492,0,0,3.98898,0.693147,2.94444,1,1,4.00733,0.693147,3.4012,1,1,0.693147,0.693147,1,0,0,4.17439,0,0,0,0,0,0,0,0,0,0,0,0,0,0,0,0,0,0,0,0,0,0,0,0,0,0,0,0,0,0,0,0,0,0,0,0,0,0,0,0,0,0,0,0,0,0,5.03667,5.03662,5.03667,0,0,0,0,0,0,0,0,0.304167,0.716667,0,0,0,-0.716299,0.0098009,0,0,0,0,0,0,0,0,0,0,0,0.000444238,0,0,0,0.000512329,6.83626,0.887595,0.218081,0.658245,0.0334251,0.0534411,0.0723917,0.0277635,0.0334651,0.641854,0.641854,0.641854,0,0.693147,1.79176,3.4012,0.448276,0.604255,3.664,0,0.174612,1,1
85,"Vidaio","T085","Media, marketing & other",-5.12902,-5.28584,-5.32102,0.192001,0.00592234,1,1,1,1,1,1,1,1,0,0,6.30644,0,0.520863,-0.978873,0.733503,-0.901858,-0.248634,0.0966037,0.595964,0.41372,0.525887,1.14927,-0.0153579,-0.366192,-0.247303,1.21697,-1.29695,-0.917647,0.916533,-1.38212,1.03733,-0.901858,-0.722162,0.151598,0.84282,0.878541,0.743717,2.28807,-0.0217194,-0.589927,-0.209262,2.17576,-2.99807,-2.11421,0.693147,0,0,0,0,0.161837,0.00416667,0,0,4.09434,4.09434,3.43399,0.0718524,0.143487,3.71357,3.71357,3.43399,0.0698321,0.197768,3.73767,3.63759,0.0767108,0,1.79176,5.54908,0.0117188,0,3.55535,1.09861,0,2.3979,2.94444,2.94444,0.693147,2.94444,2.19722,1.38629,2.07944,2.94444,3.2581,2.94444,6.48194,3.80018,0,1,0,1,1,1,1,0,6,1,0,0,0,1,1,7.90397,6.38883,3.3673,2.70805,2.83321,2.48491,2.19722,1.79176,1.79176,2.07944,1.60944,0,0,6.30644,6.27696,6.30644,0,5.51986,-6.209,1.279,-6.43661,1.44585,-7.6947,0,0.995833,1,1,1,1.38629,4.63441,0.00624677,0.693147,0.693147,0.693147,0,0,0,0.693147,1,0.693147,1.09861,0.521905,0.0264788,0,0,0.492812,0.0282274,7.96936,0.311587,0.0176817,0.0347761,0.0097945,0.0962883,0.0397185,0.0119434,0.0973834,0.000499875,0.00050547,0.000501184,0.0365652,4.20469,3.29584,1.79176,0.996707,0.983299,2.48491,0.99564,0.976431,1,0
86,,"T086","Media, marketing & other",-5.11767,-5.11766,-5.11767,1.40998e-12,0.00598998,1,0,0,0,0,0,0,0,0,0,4.23779,0,-1.49453,0,-1.6602,0,0,0,0,-0.816485,0,-0.707883,-0.691043,0,0,0,0,0,-2.56438,0,-2.34788,0,0,0,0,-2.05123,0,-1.42704,-0.977282,0,0,0,0,0,0.693147,1,1,0,0,0,0,0,0,0,0,0,0,0,0,0,0,0,0,0,0,0,0,0,4.94876,0,0,0,0,0,0,0,0,0,0,0,0,0,0,0,0,0,0,0,0,0,0,0,0,0,0,0,0,0,0,0,0,0,0,0,0,0,0,0,0,0,0,0,0,0,0,4.23779,0,4.23779,0,0,0,0,0,0,0,0,0,0.716667,0,0,0,0,0,0,0,0,0,0,0,0,0,0,0,0,0,0,0,0,0,0,0,0,0,0,0,0,0,0,0.000499875,0.000499875,0.000504333,0,0,4.91265,0,0,0,0,0,0,1,1
87,"Provenonce","T087","Security & verification",-5.39771,-5.48475,-5.5725,0.174788,0.00452694,1,0,1,0,0,1,1,1,1,1,5.61997,1,-1.49453,0,-1.6602,0,0,0,0,0.454647,0.0596012,-0.166856,-0.691043,0.249901,0.670031,0.408449,0.909421,0.894736,-2.56438,0,-2.34788,0,0,0,0,0.602447,0.0842889,-0.336375,-0.977282,0.62353,1.42907,0.798869,1.80403,1.79565,0.693147,0,0,1,1,1,1,1,1,0,0,0,0,0,0,0,0,0,0,0,0,0,0,0,5.54908,0.0625,0,0,0,0,0,0,0,0,0,0,0,0,0,0,0,0,0,0,0,0,0,0,0,0,0,0,1,1,0,0,1,0,8.04527,8.60727,1.60944,1.60944,1.38629,0.693147,0,0,0,0,0,0,0,5.61997,5.59402,4.29482,0,0,0,0,0,0,4.25987,1,0,0.716667,0,0,0,-3.24619,0.0108716,0,0,0,0,0,0,0,1,1.09861,0,0.900071,0.0731096,0,1,0.958176,0.0782396,7.13728,0.493689,0.0369353,0.0203031,0.0597508,0.344348,0.0281838,0.0561258,0.338297,0.0009995,0.00100935,0.0009995,0.123102,4.8828,1.94591,2.56495,0,0.233978,2.56495,0,0.209207,1,0
88,"Investing","T088","Finance & forecasting",-5.83365,-5.72149,-5.55054,-0.283114,0.00292738,1,1,1,1,1,1,1,1,0,0,6.29599,0,1.18121,-0.766416,1.22658,-0.911428,-0.620733,-0.83288,0.287,-0.0606763,0.476167,-0.491643,0.378675,1.81165,2.01783,0.248987,-0.510933,-0.752402,2.08407,-1.08694,1.73464,-0.911428,-1.65829,-1.4393,0.405879,0.026911,0.673403,-0.944618,0.535527,3.66675,3.63391,0.404944,-0.976012,-1.48955,0.693147,0,0,0,0,0,0,0,0,5.2933,5.27811,3.43399,0.0790761,0.181312,5.44674,5.35648,3.43399,0.0664402,0.2005,3.7612,2.83321,0.201461,0.01996,4.12713,5.54908,0.144531,1.79176,1.79176,0.693147,0,1.09861,0.693147,0.693147,0.693147,0,0.693147,0.693147,0.693147,2.63906,2.63906,2.63906,6.30785,1.96858,0,0,0,1,1,1,1,0,5,1,0,0,0,0,1,7.61825,6.30278,3.7612,2.77259,4.48864,3.17805,1.09861,1.09861,0.693147,0,0,0.693147,0.693147,6.29599,6.28291,6.29599,0,0,0,0,0,0,0,0,1,1,1,1,0,-0.851377,0.00211659,0,0,0.693147,0,0,0,0,0,0,0,0.985798,0.22556,1,0,0.990468,0.219987,7.84071,0.629516,0.118586,0.555625,0.17697,0.0327108,0.552437,0.172289,0.0341426,0.00995033,0.0102443,0.0101376,1.32901,5.55683,5.55683,2.89037,0.757845,0.558365,2.56495,0.699348,0.591386,1,0
89,"InfiniteQuant","T089","Finance & forecasting",-5.79278,-5.73853,-5.66855,-0.12423,0.00304948,1,1,1,1,1,1,1,1,0,1,6.29251,1,1.32939,-1.05154,1.0533,-0.977903,-0.37486,0.0754159,-0.972541,0,-1.44183,-0.707883,-0.691043,-0.351468,-0.245837,-0.809545,-0.122554,-0.181451,2.33957,-1.48654,1.48959,-0.977903,-0.867271,0.157939,-1.37538,-1.0498e-16,-2.03906,-1.42704,-0.977282,-0.945088,-0.768874,-1.48487,-0.0995326,-0.249577,0.693147,0,0,0,0,0,0,0.160497,0.166667,5.2933,5.22036,3.43399,0.0260573,0.0734611,4.83628,4.77912,3.43399,0.0428775,0.0912801,3.55535,3.55535,0.0731667,0.343336,5.01064,5.54908,0.0117188,2.83321,2.83321,1.38629,0,2.30259,4.74493,4.74493,1.38629,0,3.2581,1.60944,1.09861,0.693147,0.693147,0.693147,4.76497,2.39785,0,1,0,1,1,1,0,0,5,0.809524,0.269841,0.269841,0.0873016,0.142857,0.460317,5.30827,7.40193,0,0,0,0,0,0,0,0,0,0,0,6.29251,6.1807,4.61655,2.48751,3.29895,-3.40582,0.206756,-3.09233,0.077275,-5.29052,1,1,1,1,1,0,-1.01577,0.00284408,0,0,0,0,0,0,0,0,0,0,0,0.00122551,0,0,0,0.00128316,7.41818,0.906029,0.239849,0.371874,0.156642,0.120857,0.345907,0.151194,0.126542,0.0246926,0.0433863,0.0494029,1.73398,4.72739,4.70953,2.30259,0.0377214,0.592512,2.3979,0.0431458,0.633351,1,0
90,"KubeTEE","T090","Compute & inference",-3.74266,-3.58612,-3.41277,-0.329887,0.023691,1,1,1,1,1,1,1,1,0,0,4.37729,0,-0.206753,0.551652,-0.172994,1.72234,0.461574,1.48495,-1.2185,-0.0606763,-0.812266,0.387566,-0.29701,1.49275,1.62817,-0.403567,-0.164645,-0.404979,-0.403829,0.780042,-0.24465,1.72234,1.33177,2.60691,-1.72322,0.026911,-1.14872,0.798579,-0.420036,2.99025,2.86629,-0.612207,-0.197078,-0.793691,0.693147,0,0,0,0.132597,0.424616,0.491667,0.821108,1,1.09861,1.09861,3.43399,0.57133,0.688852,0.693147,0.693147,3.43399,1,1,1.09861,1.09861,0.57133,0,1.09861,4.60517,0,3.63759,5.40717,3.17258,0,3.3322,3.91202,6.1334,3.5354,1.60944,3.4012,3.90045,1.09861,0.693147,0,0.693147,4.14899,2.03146,0,1,1,1,1,1,1,1,8,1,0,0,0,0,1,5.27811,3.93522,1.94591,1.38629,2.30259,2.07944,1.09861,1.09861,0.693147,0.693147,0,0.693147,0.693147,4.37729,4.1482,4.37729,3.00766,0,3.65082,0,5.16658,0,6.0156,1,0.716667,0.716667,0,0,0,-5.42786,0.100521,0,0,0,0,0,0,0,1,0.693147,0.693147,0.898608,0.159606,1,1,0.94061,0.160609,6.54822,0.668246,0.112779,0.420802,0.177615,0,0.299502,0.17075,0,0.000499875,0.000499875,0.000504109,0.0009995,1.09861,3.43399,2.07944,0.385154,0.286812,1.94591,0.524628,0.359994,1,1
91,"cascade","T091","Training & optimisation",-5.34593,-4.91973,-4.81657,-0.529355,0.00476752,1,1,0,1,1,1,1,1,1,1,5.37879,1,0.179812,-0.198296,0.310034,-0.414414,0.582203,1.43982,-0.177307,-0.393735,0,0.0722426,-0.29701,0.857308,0.226327,-0.323573,-0.0796784,-0.191815,0.291791,-0.282616,0.438455,-0.414414,2.06388,2.48501,-0.25075,-1.0112,0,0.163163,-0.420036,1.64252,0.143578,-0.534674,0.0161201,-0.280835,0.693147,0,0,0,0,0,0,0,0,2.63906,2.3979,3.43399,0.286317,0.482415,2.56495,2.30259,3.43399,0.242611,0.403161,2.07944,2.07944,0.365339,0,1.79176,5.54908,0.0195312,5.77144,6.12468,1.60944,4.82831,3.3322,5.36598,6.8638,1.60944,4.78749,3.43399,1.94591,1.60944,1.94591,1.79176,2.07944,4.69652,0.272824,0,1,0,1,1,1,0,0,5,1,0,0,0,0,0,0,0,0,0,0,0,2.19722,1.38629,1.09861,1.38629,0.693147,0.693147,0,5.37879,5.32838,4.43546,0,0,0,0,0,0,0,0,1,1,1,1,0,-4.45727,0.0178172,0.693147,0.693147,0,0,0.693147,0,0,0,0,0,0.47506,0.0830997,1,0,0.234649,0.0411486,7.1309,0.641326,0.218029,0.44598,0.167169,0.218114,0.389114,0.156972,0.255464,0.0953102,0.100845,0.118495,4.03158,6.23245,7.00216,2.19722,0.261773,0.323384,2.19722,0.252427,0.38945,1,0
92,"Available","T092","Media, marketing & other",-6.54156,-5.94371,-5.22856,-1.313,0.00144223,1,0,0,1,1,1,1,1,1,1,4.76098,1,0.102828,-0.630979,0.15628,0.852016,0,0,0,-0.816485,0,-0.707883,-0.691043,0.16275,0.592761,-0.279286,-0.166594,-0.508883,0.17228,-0.890896,0.221013,0.852016,0,0,0,-2.05123,0,-1.42704,-0.977282,0.480408,1.22027,-0.39663,-0.36116,-1.02915,0.693147,1,0,0,0,0.25854,0.288703,0.63626,0.645833,3.3322,3.04452,3.4012,0.182353,0.376921,2.56495,2.3979,2.94444,0.691507,0.824773,2.77259,2.70805,0.191878,0,0.693147,5.54908,0,0,0,0,0,0,0,0,0,0,0,0,0,0,0,0,0,0,0,0,0,0,0,0,0,0,0,0,0,0,0,0,0,0,0,0,0,0,0,0,0,0,0,0,0,0,4.76098,4.76078,2.43101,0,4.46895,-5.15061,1.44998,0,0,-7.68118,1,0.616667,0.770833,0.141667,0.141667,0,-2.5021,0.0418184,0,0,0,0,0,0,0,0,0,0,0.988135,0.0460618,0,0,0.902922,0.0630379,6.6053,0.66605,0.0716926,0.151528,0.046615,0.228416,0.333479,0.0698155,0.262499,0.0953102,0.0954335,0.0388388,1.53094,3.61092,4.90527,1.79176,0.263913,0.461346,2.19722,0.58778,0.492302,1,1
93,"Bitcast","T093","Media, marketing & other",-3.96003,-3.9093,-4.07524,0.115214,0.0190626,1,1,1,1,1,1,1,1,1,0,6.27767,0,0.0424603,1.6195,0.388776,-0.0314222,-0.2786,0.914194,0.187782,-0.393735,0.70774,2.24766,2.4228,0.699377,0.554653,0.878846,-0.144065,-0.327148,0.0474966,2.28181,0.549812,-0.0314222,-0.360496,1.56951,0.265564,-1.0112,1.0009,4.46481,3.42635,1.3455,0.854683,1.49714,-0.306339,-0.726367,0.693147,0,0,0,0.0199994,0.023597,0,0.216947,0.225,2.07944,2.07944,3.43399,0.83492,0.910811,2.56495,2.56495,3.43399,0.378365,0.476957,1.09861,1.09861,0.993094,0,1.38629,5.54908,0.00390625,2.19722,3.09104,1.09861,3.09104,2.19722,0.693147,4.30407,1.60944,4.12713,3.04452,1.79176,1.09861,2.30259,2.30259,2.70805,6.2626,2.64729,0,1,0,1,1,0,0,0,4,1,0,0,0,0,0,8.25635,6.30143,3.52636,2.89037,3.68888,2.89037,4.17656,2.27414,3.63759,3.13549,2.56495,3.10038,2.51984,6.27767,6.24684,6.27767,0,0,0,0,0,0,0,0,1,1,0.983333,1,2.19722,5.72689,0.0067479,1.60944,1.38629,1.38629,0.693147,1.09861,0,0.693147,1,0.693147,1.60944,0.352277,0.0820392,1,0,0.38229,0.0861767,8.34735,0.473675,0.0887065,0.36311,0.146936,0.208577,0.352819,0.142228,0.218665,0.00498754,0.00498754,0.00498807,0.00995033,1.09861,2.19722,2.70805,0.641036,0.431954,2.70805,0.702852,0.515995,1,0
94,"Cathedral","T094","Compute & inference",-5.18875,-5.48037,-5.41038,0.221634,0.005579,1,1,1,0,0,1,1,1,1,1,5.73683,1,-1.49453,0,-1.6602,0,0.687861,1.66044,-0.207558,0.31331,-1.21121,-0.223806,0.378675,-0.862702,-0.772995,0.651941,0.339411,0.325622,-2.56438,0,-2.34788,0,2.42773,2.85896,-0.293532,1.15863,-1.71291,-0.497306,0.535527,-1.66583,-1.33855,1.24886,0.72138,0.657892,0.693147,0,0,1,1,1,1,1,1,0,0,0,0,0,0,0,0,0,0,0,0,0,0,0,5.54908,0.0390625,4.83628,5.65948,2.07944,4.8752,2.83321,4.46591,6.67834,1.79176,5.67202,3.3322,2.77259,2.07944,0,1.60944,2.19722,4.45021,0.494315,0.693147,1,0,1,1,0,0,0,4,1,0,1,0,0,1,4.99043,4.9685,0.693147,0.693147,1.09861,0.693147,0.693147,0.693147,0,0,0,0.693147,0,5.73683,5.65749,1.60332,0,0,0,0,0,0,0,0,0,1,0,1,0,-3.28922,0.00807315,0.693147,0.693147,0.693147,0.693147,0,0,0,0,0,0,0,0.000108281,0,0,0,0.000118397,7.15618,0.397327,0.024229,0.289483,0.00288175,0.32659,0.284041,0.0339097,0.318795,0.000520486,0.000502894,0.000500012,0.0359145,4.30407,1.94591,2.63906,0.380162,0.25105,2.63906,0.364813,0.240029,1,0
95,"Actual","T095","Compute & inference",-3.52904,-3.17945,-3.08443,-0.444612,0.0293331,1,0,0,0,0,1,1,1,0,0,6.26903,0,-1.49453,0,-1.6602,0,0,0,0,0.31331,0,0.422797,0.415147,-0.430052,-0.339801,0.248084,0.574623,0.447606,-2.56438,0,-2.34788,0,0,0,0,1.15863,0,0.979108,0.587107,-1.0522,-0.862646,0.42349,1.28916,0.9856,0.693147,0,0,1,1,1,1,1,1,0,0,0,0,0,0,0,0,0,0,0,0,0,0,0,5.54908,0,0,0,0,0,0,0,0,0,0,0,0,0,0,0,0,0,0,0,0,0,0,0,0,0,0,0,1,0,1,0,0,1,0,0,0,0,0,0,2.99573,1.60944,2.07944,0,0,1.94591,1.38629,6.26903,5.93815,6.26903,0,0,0,0,0,0,0,0,0,0.716667,0,0,0.693147,-4.43949,0.00465921,0,0,0,0,0,0,0,1,0.693147,0,0,0.00242258,0,0,0,0.00257169,7.688,0.619657,0.0980453,0.281944,0.131375,0.300965,0.255545,0.128382,0.294254,0.000499875,0.000499875,0.000499875,0,0,1.60944,2.63906,0,0.30224,2.56495,0,0.342257,1,0
96,"Verathos","T096","Compute & inference",-5.38437,-5.04327,-4.89309,-0.491275,0.00458774,1,1,1,1,1,1,1,1,0,0,5.34007,1,0.947686,-0.931953,1.0351,-1.00805,0.0218299,-0.248778,0.00101195,0.687296,0.255991,-0.150219,0.558012,1.03617,0.972548,-0.363727,0.262527,-0.225457,1.6541,-1.31871,1.46386,-1.00805,-0.505638,-0.41037,0.00143111,1.92065,0.362026,-0.182922,0.789148,2.33188,2.1168,-0.623777,0.553635,-0.504582,0.693147,0,0,0,0.327902,0.332327,0,0.389686,0.00833333,4.86753,4.00733,3.43399,0.0511177,0.103185,5.65948,4.7185,3.43399,0.0321903,0.0755387,3.3322,3.3322,0.124427,0,4.2485,5.54908,0,3.8712,3.8712,0.693147,0,2.07944,4.47734,4.47734,0.693147,0,2.99573,0.693147,0.693147,2.19722,2.19722,2.19722,5.08239,2.03545,3.46574,1,1,1,1,0,1,1,7,1,1,1,0,0,1,6.29895,5.32317,3.29584,3.09104,2.94444,2.77259,2.83321,1.60944,2.19722,0,0,2.19722,1.79176,5.34007,5.07319,5.22267,0,0,0,0,0,0,0,0,1,1,1,1,0,-4.26839,0.0213066,0,0,0,0,0,0,0,0,0,0,0.940267,0.144005,1,1,0.997497,0.141908,7.08841,0.767217,0.109415,0.346648,0.0487423,0.190929,0.27279,0.0347987,0.202704,0.0953102,0.0955083,0.0962754,1.4365,3.49651,4.64439,2.89037,0.511681,0.290082,2.19722,0.699018,0.27025,1,1
97,"Albedo","T003","Training & optimisation",-4.08972,-3.87622,-3.75829,-0.331428,0.0167439,1,1,0,1,1,1,1,1,1,1,5.31129,1,0.160651,-0.813387,0.469287,-0.833883,-0.243821,-0.0406575,-0.164927,-0.393735,0,0.241343,-0.691043,-0.242184,-0.102635,-0.303733,-1.44436,-1.4536,0.256691,-1.14816,0.663673,-0.833883,-0.0877331,-0.0453786,-0.233243,-1.0112,0,0.486772,-0.977282,-0.781692,-0.596325,-0.562057,-2.89259,-2.94766,1.09861,0,0,0,0,0,0,0,0,2.48491,2.30259,3.43399,0.128135,0.170833,3.17805,2.83321,3.43399,0.0939264,0.171667,2.30259,2.30259,0.128135,0,1.79176,5.54908,0.0585938,4.62497,4.62497,1.09861,0,3.09104,4.75359,4.75359,1.09861,0,3.21888,1.38629,1.79176,1.38629,2.3979,1.38629,4.85667,0.332496,0,0,0,1,0,1,0,0,2,1,0,0,0,0,0,0,0,0,0,0,0,1.38629,0.693147,0.693147,0,0,0,0,5.31129,5.31123,5.22267,0,0,0,0,0,0,0,0,1,1,1,1,1.09861,-5.41388,0.017088,0,0,0,0,0,0,0,0,0,1.38629,0,0.00493325,0,0,0,0.00502577,7.57199,0.695589,0.245684,0.473694,0.185375,0.0379961,0.408377,0.178688,0.0448584,0.129822,0.322121,0.500734,5.24883,6.4151,6.42162,1.38629,0.796433,0.680079,1.60944,0.949881,0.657674,0,0
98,"NeverPlayAlone","T098","Agents, data & search",-6.15278,-5.97577,-5.85345,-0.299337,0.00212755,1,1,0,1,1,1,1,1,1,1,6.25784,1,-0.140734,-0.195066,0.202988,-0.0531907,-0.717036,-0.150161,-1.0158,-0.0606763,0,-0.707883,-0.691043,0.341403,1.01543,-0.684547,-0.59789,-0.443267,-0.275587,-0.274742,0.287069,-0.0531907,-1.71655,-0.271306,-1.43655,0.026911,0,-1.42704,-0.977282,0.527103,1.69923,-1.20665,-1.05239,-0.845969,0.693147,0,0,0,0,0,0,0.0125,0.0125,2.70805,1.79176,3.43399,0.328889,0.433333,2.99573,1.94591,3.43399,0.370649,0.535865,1.79176,1.79176,0.328889,0,0.693147,5.54908,0.0078125,0.693147,1.60944,0.693147,1.38629,1.60944,1.60944,2.30259,0.693147,2.19722,1.94591,0.693147,0.693147,1.09861,0,1.38629,4.84632,3.09866,0,0,0,1,1,1,0,0,4,1,0,0,0,0,1,0,0,0,0,0,0,0,0,0,0,0,0,0,6.25784,6.19326,4.51474,0,0,0,0,0,0,0,0,1,1,0.883333,0.883333,0,-0.735241,0.00265536,0,0,0,0,0,0,0,0,0,0,0.478332,0.0820148,0,0,0.664216,0.107531,7.20266,0.744108,0.294071,0.590925,0.167618,0.253896,0.491094,0.158999,0.26544,0.0953102,0.0961082,0.0968238,2.75656,4.99043,5.23644,2.30259,0.622055,0.428602,2.48491,0.555614,0.455014,1,0
99,"Thirty Spokes","T099","Compute & inference",-6.74018,-6.07674,-5.6569,-1.08328,0.00118243,1,0,0,1,1,1,1,1,0,0,4.45549,0,-0.193389,-0.130495,0.364753,-0.29113,0,0,0,-0.393735,0,-0.571451,-0.691043,-0.280858,-0.24518,-1.32589,-1.47445,-1.18262,-0.3702,-0.183533,0.515839,-0.29113,0,0,0,-1.0112,0,-1.12267,-0.977282,-0.849253,-0.774835,-2.27164,-3.02526,-2.49197,0.693147,0,0,0,0,0.255864,0.204167,0.0125,0.0125,1.60944,1.38629,3.2581,0.349853,0.436806,2.83321,2.48491,3.43399,0.28631,0.420624,1.38629,1.38629,0.349853,0,1.09861,5.54908,0,0,0,0,0,0,0,0,0,0,0,0,0,0,0,0,0,0,0,0,0,0,0,0,0,0,0,1,0,0,0,0,0,0,0,0,0,0,0,0.693147,0.693147,0,0,0,0,0,4.45549,4.4462,4.45549,0,0,0,0,0,0,0,0,0.795833,1,0.9875,1,0,-1.03637,0.0747161,0,0,0,0,0,0,0,0,0,0,0,0,0,0,0,0,6.37502,0.849235,0.313039,0.446248,0.179524,0.124137,0.313194,0.152978,0.131635,0.405465,0.276824,0.000525128,1.61443,4.02535,5.27811,1.60944,0.933383,0.738607,2.07944,0.987877,0.741048,1,1
100,"Cortex","T100","Training & optimisation",-5.62737,-5.37134,-5.14018,-0.487193,0.00359801,1,1,1,1,1,1,1,1,0,1,5.85073,1,0.392395,-0.699268,0.40159,-0.779033,0.750807,1.28183,1.53336,-0.0197485,-0.674506,-0.707883,-0.691043,-0.380117,-0.160388,0.147566,-0.359891,-0.477462,0.703454,-0.989728,0.567934,-0.779033,2.1139,2.2072,2.16849,-0.249183,-0.953896,-1.42704,-0.977282,-0.676191,-0.07818,0.272173,-0.593552,-0.745106,0.693147,0,0,0,0,0.850986,0.908333,0.481968,0.554167,3.4012,3.29584,2.48491,0.13046,0.299984,3.71357,3.09104,3.04452,0.113368,0.168909,2.94444,2.94444,0.196547,0,3.29584,5.54908,0,4.96284,5.52545,1.60944,5.21494,3.21888,6.38012,6.39859,1.38629,4.81218,3.21888,2.07944,1.38629,5.0814,2.94444,6.53049,6.26142,1.13675,2.30259,1,1,0,1,1,0,1,6,1,1,0,0,0,0,6.24998,7.01546,1.38629,1.09861,1.60944,1.38629,0,0,0,0,0,0,0,5.85073,5.76336,3.60783,0,0,0,0,0,0,0,0,0.3,1,0.6,1,0.693147,-3.6812,0.00928611,0,0,0,0,0,0,0,0,0,0,0,0.116191,0,0,0,0.116678,7.43426,0.632467,0.0799533,0.484491,0.0108841,0.287883,0.471626,0.0233862,0.28253,0.000499875,0.000505028,0.00692265,0.047553,4.54329,6.85118,2.19722,0.488189,0.370823,1.79176,0.0718313,0.43918,1,0
101,"Tag101","T101","Agents, data & search",-5.58854,-5.49361,-5.4207,-0.167842,0.00374047,1,1,0,1,1,1,1,1,0,0,6.24839,0,0.96987,0.0855583,0.786999,-0.868626,-1.02862,-0.633289,-0.785411,-0.393735,0,-0.707883,-0.691043,-0.0808979,0.107051,-0.617807,-0.492965,-0.525347,1.67752,0.0964702,1.11298,-0.868626,-2.93415,-1.09864,-1.11074,-1.0112,0,-1.42704,-0.977282,-0.558155,-0.376899,-1.16236,-0.844028,-0.989783,0.693147,0,0,0,0.907813,0.901616,1,0.900832,1,6.17794,3.2581,3.43399,0.104103,0.121305,6.55393,3.89182,3.43399,0.0816117,0.120271,1.79176,1.79176,0.705284,0,5.20401,5.54908,0.207031,0,0,0,0,0,1.09861,1.09861,0.693147,0.693147,0.693147,0.693147,0.693147,0,1.79176,0,4.7347,3.46047,0,0,0,1,1,1,1,0,5,1,0,0,0,0,0,0,0,0,0,0,0,0,0,0,0,0,0,0,6.24839,5.89747,6.24839,0,0,0,0,0,0,0,0,1,1,1,1,0,-2.9695,0.00416451,0,0,0,0,0,0,0,0,0,0,0,0.00385606,0,0,0,0.00410777,7.75491,0.791302,0.329762,0.562781,0.235588,0.266334,0.530292,0.227101,0.259556,0.000499875,0.000997997,0.00448964,0.778533,6.4151,7.46908,2.30259,0.585033,0.394166,2.30259,0.605345,0.367087,1,0
102,"ConnitoAI","T102","Training & optimisation",-5.17791,-4.97266,-4.77137,-0.406541,0.00563978,1,1,1,1,1,1,1,1,1,0,5.23616,0,0.429037,-0.744004,0.733503,-0.814839,0.644863,0.589141,0.131681,0.454647,-0.45214,0.265626,-0.691043,-0.635183,-0.697672,0.253489,-0.317973,-0.613919,0.748325,-1.0539,1.03733,-0.814839,1.59761,1.01213,0.186225,0.602447,-0.639422,0.628468,-0.977282,-1.34341,-1.25124,0.491661,-0.728506,-1.29067,0.693147,0,0,0,0.250141,0.263663,0.0166667,0.257037,0.00833333,5.54518,3.63759,3.43399,0.103611,0.17356,5.50533,3.71357,3.43399,0.100677,0.152983,2.89037,2.77259,0.193152,0,1.79176,5.54908,0.160156,4.68213,4.82831,1.60944,3.89182,2.89037,3.95124,3.95124,1.38629,3.21888,2.30259,1.79176,1.60944,1.79176,2.77259,1.94591,5.17855,1.85574,2.19722,1,1,1,1,1,0,1,7,1,1,0,0,1,0,6.57368,5.11345,1.38629,1.38629,2.48491,2.48491,2.19722,1.60944,0,1.38629,0,0,0,5.23616,5.19993,5.23616,0,0,0,0,0,0,-0.93195,0,0.983333,1,0.991667,1,0.693147,-4.24671,0.01796,0,0,0,0,0,0,0,1,0.693147,0,0,0.00122355,0,0,0,0.0014232,7.26753,0.575669,0.0537945,0.162975,0.0705743,0.0955189,0.10742,0.049217,0.094533,0.0190287,0.0457051,0.0207325,4.32953,7.49499,7.25841,1.79176,0.545279,0.401433,1.60944,0.605503,0.486541,0,0
103,"Capcomp","T103","Training & optimisation",-6.81995,-5.33012,-3.98297,-2.83698,0.00109178,1,1,1,1,1,1,1,1,0,0,4.08856,0,0.201985,0.497833,0.370282,-0.542897,-0.26323,-0.0393326,-1.4212,0,-1.16434,-0.324868,-0.0665157,-0.867479,-0.374518,-0.491415,-1.17466,-1.03903,0.352211,0.704019,0.523658,-0.542897,-0.834159,-0.0430447,-2.00988,-1.0498e-16,-1.64662,-0.572554,-0.0940675,-1.67283,-0.913121,-0.634907,-2.67221,-2.13995,0.693147,0,0,0,0,0.0214999,0.0208333,0.694889,0.776316,3.80666,3.49651,3.43399,0.553853,0.736672,3.43399,3.17805,2.89037,0.197069,0.287513,2.89037,2.89037,0.55386,0,0.693147,4.85981,0,3.85015,3.85015,1.09861,0,1.79176,4.76217,4.76217,1.09861,0,3.04452,1.09861,1.09861,0,0,0,3.89985,3.22803,0,1,1,1,1,1,1,0,7,0.809524,0.269841,0.269841,0.0873016,0.142857,0.460317,5.15906,3.88528,0.693147,0.693147,1.38629,1.38629,1.94591,0.693147,1.38629,1.60944,0.693147,1.09861,1.09861,4.08856,4.08599,4.08856,0,5.45479,-6.14365,2.05498,0,0,-6.14365,0,0.75,0.75,0.148472,0.148472,0,-2.32198,0.108201,0,0,0,0,0,0,0,0,0,0,0,0,0,0,0,0,5.56834,0.577485,0.0426387,0.00444629,0.00156161,0.111236,0.310853,0.123838,0.182091,0.693147,0.693865,0.668116,3.61826,3.63759,4.52179,1.38629,0.72931,0.90291,2.07944,0.726963,0.780398,1,1
104,"TAOstatus","T104","Compute & inference",-5.48243,-5.45973,-5.4487,-0.0337298,0.00415921,1,1,1,1,1,1,1,1,0,1,6.23564,1,-0.64447,-0.319767,0.351593,-0.766647,0.446814,-0.282305,-0.828666,-0.0606763,-0.606922,-0.707883,-0.691043,-0.792374,-0.860234,-0.982509,-0.0646938,-0.298719,-1.07933,-0.450991,0.497228,-0.766647,1.19212,-0.491295,-1.17191,0.026911,-0.858317,-1.42704,-0.977282,-1.56652,-1.43072,-1.7477,-0.0750311,-0.395023,0.693147,0,0,0,1,0.999877,1,0.964303,0.995833,3.04452,2.48491,1.38629,0.28714,0.484541,4.11087,2.70805,3.21888,0.117759,0.225534,2.30259,2.30259,0.28954,0,0,4.17439,0,3.7612,3.7612,1.79176,2.19722,2.56495,2.48491,2.48491,0.693147,1.38629,1.60944,1.79176,1.79176,0.693147,1.09861,0.693147,4.73859,0.25656,0,1,1,1,1,1,1,0,7,1,0,0,0,0,1,3.82864,4.51667,3.66356,2.70805,3.3322,3.2581,0,0,0,0,0,0,0,6.23564,6.22125,3.40853,0,0,0,0,0,0,-3.26105,0,0,0.716667,0,0,0,-1.23381,0.00248007,0,0,0,0,0,0,0,0,0,0,0,0.000323533,0,0,0,0.000332623,7.0282,0.910353,0.23451,0.39688,0.0239604,0.0729675,0.670471,0.0139815,0.0750175,0.405465,0.405465,0.444248,0,0,2.30259,2.77259,0.422587,0.499126,2.77259,0.104268,0.572817,1,0
105,"Beam","T105","Compute & inference",-5.02641,-5.12409,-4.98063,-0.0457841,0.00656233,1,1,1,1,1,1,1,1,0,0,5.78976,0,1.46036,-0.96821,1.22658,-1.06017,-0.00508313,-0.511911,-0.0334321,-0.0197485,0.693698,0.767163,-0.0153579,-0.639154,-0.464871,1.26438,-0.969445,-1.08268,2.57235,-1.37224,1.73464,-1.06017,0.458938,-0.873895,-0.0472801,-0.249183,0.981037,1.50928,-0.0217194,-1.1958,-0.652843,2.1242,-2.2047,-2.32023,0.693147,0,0,0,0,0.00833333,0.00833333,0,0,6.11589,5.51513,3.43399,0.010378,0.0215147,5.92426,5.35648,3.43399,0.013717,0.0357157,3.80666,3.55535,0.138816,0,5.40717,5.54908,0.0664062,3.61092,3.98898,1.60944,2.56495,2.99573,1.94591,2.77259,0.693147,0,2.07944,1.60944,1.09861,1.60944,2.19722,2.07944,4.94933,1.06753,0,1,0,0,1,0,1,0,4,1,1,0,0,0,0,7.30586,5.57999,3.80666,3.43399,3.61092,3.29584,1.94591,1.09861,1.38629,1.60944,0.693147,0,0,5.78976,5.7596,5.78976,0,0,0,0,0,0,0,0,0.991667,1,1,1,0,-3.48912,0.00561352,1.09861,1.09861,0.693147,0.693147,0.693147,0,0,1,0.693147,0,0,0.0581932,0,0,0,0.0687139,8.88406,0.457629,0.0409224,0.163096,0.00144799,0.149999,0.160994,0.0159118,0.163692,0.00102736,0.0014674,0.0157071,0.728008,6.02828,5.81711,2.07944,0.875324,0.821128,1.94591,0.890124,0.794131,1,0
106,"Nodexo","T106","Compute & inference",-6.19204,-5.96937,-5.84944,-0.342605,0.00204565,1,1,1,1,1,1,1,1,1,1,6.22746,1,0.484697,-0.400732,0.832387,-0.805351,-0.89729,-1.22276,-0.972541,0.687296,0.741749,-0.275402,0.415147,0.656257,0.41939,0.518071,0.566448,0.440132,0.836344,-0.572227,1.17717,-0.805351,-2.82713,-2.12332,-1.37538,1.92065,1.04899,-0.462197,0.587107,1.62398,1.11722,0.937275,1.09783,0.787076,0.693147,0,0,0,0,0,0,0,0,3.4012,3.21888,3.43399,0.17471,0.277463,4.23411,4.04305,3.43399,0.10404,0.200533,2.70805,2.70805,0.341047,0,2.56495,5.54908,0,0,0,0,0,0,0,0,0,0,0,0.693147,0.693147,0.693147,0.693147,0.693147,4.66781,4.25492,2.19722,1,0,1,1,0,1,0,5,1,1,1,0,0,1,8.91744,7.2614,2.99573,2.56495,3.2581,2.89037,2.19722,1.60944,1.60944,0,0,1.94591,1.60944,6.22746,6.20741,4.73023,0,0,0,0,0,0,0,0,1,1,1,1,0,-0.724337,0.00270123,0,0,0,0,0,0,0,0,0,0,0.989644,0.068264,1,1,0.997497,0.0633226,7.56579,0.526362,0.0430002,0.205222,0.0131667,0.169194,0.149848,0.0103217,0.177082,0.000499875,0.000501374,0.000503303,0.00808403,2.83321,4.15888,2.94444,0.443565,0.2395,2.83321,0.476478,0.30464,1,1
107,"Minos","T107","Science & robotics",-3.18016,-2.99617,-2.78806,-0.392105,0.0415788,1,1,1,1,1,1,1,1,0,0,5.4858,0,0.84778,-1.03728,0.906639,-0.86182,-0.187177,-0.10447,0.287,0.568341,-0.318716,1.6255,1.48608,0.307989,-0.0172477,0.302109,-0.67058,-0.998216,1.49451,-1.46517,1.28218,-0.86182,-0.789313,-0.179654,0.405879,0.882175,-0.450733,3.26263,2.10164,0.488343,-0.298538,0.512558,-1.39907,-2.03428,0.693147,0,0,0,0,0.19027,0.220833,0,0,4.85203,4.63473,3.4012,0.0461397,0.0881956,4.81218,4.29046,3.43399,0.0840241,0.131548,3.55535,3.29584,0.0638408,0,3.04452,4.61512,0.16,1.79176,1.79176,1.09861,1.09861,1.38629,2.56495,2.56495,1.09861,1.38629,1.60944,1.09861,1.38629,2.63906,2.63906,2.63906,5.39724,3.33179,1.94591,1,0,1,1,1,1,0,6,1,1,0,1,0,0,7.52994,5.4732,1.09861,1.09861,1.60944,1.60944,3.58352,2.07944,2.77259,2.70805,1.79176,1.94591,1.38629,5.4858,5.4564,5.4858,0,0,0,0,0,0,0,0,0.804167,0.804167,1,1,0,-5.70936,0.0127163,1.09861,1.09861,1.09861,0.693147,0.693147,0,0,1,0.693147,1.09861,0.118911,0.0188182,1,0,0.141828,0.0214422,7.82604,0.568296,0.149718,0.370705,0.153777,0.185966,0.388542,0.146907,0.202998,0.688135,0.692917,0.698591,4.79316,4.76217,5.67675,2.19722,0.777581,0.530165,2.07944,0.77804,0.650622,1,0
108,"ChipForge","T108","Science & robotics",-5.41662,-5.41665,,,0.00444212,0,1,1,0,0,0,0,0,0,0,2.40971,0,-1.49453,0,0,0,0.16811,-1.22276,0.0109543,0.31331,0.773879,-0.707883,-0.691043,0,0,0,0,0,-2.56438,0,-1.45802e-16,0,0.391965,-2.12332,0.0154917,0.788928,1.09443,-1.42704,-0.977282,0,0,0,0,0,0.693147,0,1,0,0,0,0,0,0,0,0,0,0,0,2.83815,2.31018,2.59558,0,0,0,0,0,0,0,4.14313,0,3.29584,3.93183,1.38629,1.09861,2.3979,0,0,0,0,0,1.38629,1.09861,1.60944,1.60944,2.94444,5.97779,0.240447,0,1,1,1,1,1,1,0,7,1,1,0,0,0,1,9.46738,6.86808,2.63906,2.30259,1.94591,1.94591,0,0,0,0,0,0,0,2.56995,0,2.40971,0,0,0,0,-0.551637,0,0,0,0,0,0.595451,0.668502,0,0,0,0,0,0,0,0,0,0,0,0,0,0,0,0,0,0,0,0,0,0,0,0,0,0,0,0.158636,0.405465,0.320288,0.13685,1.32662,4.12713,3.9619,0,0,0,0,0,0,1,1
109,"Finsight","T109","Finance & forecasting",-6.06301,-5.9575,-5.85071,-0.2123,0.00232738,1,0,0,0,0,1,1,1,1,1,5.59511,1,-1.49453,0,-1.6602,0,0,0,0,-0.0606763,0,-0.707883,-0.691043,0.995182,0.837169,-0.155026,-0.00725176,0.0798004,-2.56438,0,-2.34788,0,0,0,0,0.026911,0,-1.42704,-0.977282,2.05957,1.55571,-0.249721,0.217402,0.285518,0.693147,0,0,1,1,1,1,1,1,0,0,0,0,0,0,0,0,0,0,0,0,0,0,0,5.54908,0,0,0,0,0,0,0,0,0,0,0,0,0,0,0,0,0,0,0,0,0,0,0,0,0,0,0,1,0,0,0,0,1,0,0,0,0,0,0,0,0,0,0,0,0,0,5.59511,5.5687,4.1788,1.16315,0,1.52966,0,2.92818,0,3.13911,1,0,0.716667,0,0,0,-2.75773,0.0096859,0,0,0,0,0,0,0,0,0,0,0.777027,0.0999552,1,1,0.816978,0.0914536,7.21524,0.675154,0.129237,0.590307,0.123941,0.344348,0.556215,0.106906,0.338909,0.405465,0.405465,0.12181,0,0,3.73767,2.63906,0.387231,0.260763,2.70805,0.302549,0.247743,1,0
110,"Green Compute","T110","Compute & inference",-4.0879,-4.28596,-4.24249,0.154585,0.0167743,1,0,0,1,1,1,1,1,0,1,6.21432,1,-0.361597,1.87195,-0.172994,1.72234,0,0,0,0.787706,0,0.797951,1.62773,-0.862074,-0.907157,0.639857,0.943169,0.899757,-0.680167,2.64504,-0.24465,1.72234,0,0,0,2.01026,0,1.66584,2.30196,-1.65847,-1.46858,1.15729,1.84097,1.77366,0.693147,0,0,0,0,0,0,0,0,0.693147,0.693147,3.43399,1,1,0.693147,0.693147,3.43399,1,1,0.693147,0.693147,1,0,0.693147,5.54908,0,0,0,0,0,0,0,0,0,0,0,0,0,0,0,0,0,0,0,0,0,0,0,0,0,0,0,1,0,1,0,1,1,0,0,0,0,0,0,3.13549,2.07944,2.48491,0.693147,0,2.89037,2.3979,6.21432,5.92277,5.09506,0,0.140671,-0.150478,0.000292556,-0.208541,0.000541922,-0.491113,0,0.75,0.75,1,1,1.09861,4.55981,0.00664689,0.693147,0.693147,0.693147,0,0,0,0.693147,1,0.693147,0,0,0.00251579,0,0,0,0.00270091,7.6029,0.487811,0.0330812,0.000469705,0.00020203,0.178616,0.000595229,0.000391762,0.19176,0.000499875,0.000499875,0.000499875,0,0,1.60944,2.77259,0,0.311736,2.77259,0,0.329234,0,0
111,"Claims","T111","Agents, data & search",-5.42684,-5.24913,-5.02412,-0.402718,0.00439696,1,1,1,1,1,1,1,1,1,1,6.20903,1,0.781153,-0.920154,-0.176986,-0.567341,0.164553,-0.236964,-0.567139,0.454647,0.285773,0.590087,-0.29701,-0.832856,-0.906113,0.964797,-1.29434,-0.480135,1.39333,-1.30555,-0.250296,-0.567341,-0.0648244,-0.389559,-0.802055,0.602447,0.404145,1.20211,-0.420036,-1.62355,-1.48014,1.79255,-2.69879,-0.831487,0.693147,0,0,0,0,0,0,0.891667,0.891667,5.53339,5.38907,3.43399,0.0109861,0.0426038,3.91202,2.94444,1.60944,0.188404,0.35,3.80666,3.63759,0.16796,0,1.79176,5.54908,0.0625,4.29046,4.30407,0.693147,0,2.99573,4.51086,4.55388,0.693147,0,3.2581,0.693147,1.09861,1.94591,0.693147,2.07944,4.867,0.697864,1.60944,1,1,1,1,1,1,1,8,1,1,0,0,1,0,6.48311,4.791,3.46574,3.04452,3.49651,2.70805,2.07944,0.693147,1.38629,1.60944,0.693147,0.693147,0.693147,6.20903,6.16603,4.6852,0,0,0,0,0,0,0,0,0.983333,0.983333,0,0,0,-2.87779,0.00271065,0.693147,0.693147,0,0,0,0.693147,0,1,0.693147,0,0,0.000250148,0,0,0,0.000261287,7.41035,0.311587,0.0176817,0.352661,0.0117669,0.150402,0.333646,0.00373591,0.157099,0.477927,0.608637,0.0900287,5.26499,5.46806,5.826,1.60944,0.8484,0.729453,1.79176,0.157295,0.518192,1,0
112,"for sale","T112","Media, marketing & other",-5.15156,-5.46586,-5.77279,0.621232,0.00579037,1,0,0,1,1,1,1,1,1,1,6.20413,1,-0.581319,1.87195,0.62475,-0.914445,0,0,0,-0.816485,0,-0.166856,-0.691043,0.286161,-0.0365949,0.291348,-0.0905897,0.3038,-1.03745,2.64504,0.88353,-0.914445,0,0,0,-2.05123,0,-0.336375,-0.977282,0.575924,-0.121549,0.566196,-0.133347,0.695365,0.693147,1,0,0,0.871636,0.946608,1,0.77771,0.933333,0.693147,0.693147,2.56495,1,1,3.46574,3.43399,3.3673,0.0653706,0.119122,0.693147,0.693147,1,0,0.693147,5.54908,0,0,0,0,0,0,0,0,0,0,0,0,0,0,0,0,0,0,0,0,0,0,0,0,0,0,0,0,0,0,0,0,0,0,0,0,0,0,0,0,0,0,0,0,0,0,6.20413,5.93214,2.91335,0,3.48705,-4.14938,0.263069,-6.94829,2.03318,-7.62799,0,0.375,1,0.929167,1,0,-4.08395,0.00392624,0,0,0,0,0,0,0,1,0.693147,0,0.268936,0.0298674,1,0,0.310502,0.0317429,7.26613,0.538028,0.0721645,0.360281,0.101709,0.288901,0.317701,0.0936251,0.282662,0.688135,0.688135,0.688318,0,0,1.94591,2.3979,0.472486,0.362846,2.63906,0.0762617,0.387583,1,0
113,"LongShort","T113","DeFi & crypto infrastructure",-6.24648,-6.1035,-5.90555,-0.340925,0.00193726,1,0,0,1,1,1,1,1,1,1,5.66385,1,-0.434316,0.103521,-1.19397,1.72234,0,0,0,-0.816485,0,-0.707883,-0.691043,-0.729363,-0.665771,-0.114898,0.609296,0.62883,-0.78304,0.14703,-1.68853,1.72234,0,0,0,-2.05123,0,-1.42704,-0.977282,-1.41835,-1.06326,-0.159193,1.16958,1.22691,0.693147,0,0,0,1,0.995279,1,0.999875,1,1.38629,1.38629,3.09104,0.425833,0.490941,0.693147,0.693147,0.693147,1,1,1.38629,1.38629,0.425833,0,0,5.54908,0,0,0,0,0,0,0,0,0,0,0,0,0,0,0,0,0,0,0,0,0,0,0,0,0,0,0,0,0,0,0,0,0,0,0,0,0,0,0,0,0,0,0,0,0,0,5.66385,5.63923,2.51707,0,0,0,0,0,0,0,0,0,0.716667,0,0,0,-0.990847,0.009116,0,0,0,0,0,0,0,0,0,0,0,0.022527,0,0,0,0.0310509,7.07665,0.663217,0.0954657,0.107222,0.0166041,0.333867,0.131517,0.0186468,0.326771,0.0009995,0.00100929,0.0009995,0.150564,5.0814,2.19722,2.63906,0.295298,0.247133,2.70805,0.254509,0.242888,1,0
114,"SOMA","T114","Training & optimisation",-3.93869,-4.17532,-4.36588,0.427187,0.0194736,1,1,1,1,1,1,1,1,0,0,5.56643,0,0.903635,-0.403051,0.747797,0.138148,0.137948,0.216927,0.147829,0.31331,0.379727,0.953062,0.609169,0.67372,0.547483,0.288123,-0.349062,-0.317584,1.57589,-0.568535,1.05754,0.138148,0.431092,0.378959,0.209062,1.15863,0.537015,1.92401,0.861496,1.18618,0.67527,0.493448,-0.60398,-0.572298,0.693147,0,0,0,0,0,0,0,0,5.1358,3.91202,3.43399,0.261361,0.449876,5.5835,3.7612,3.43399,0.438471,0.608843,2.19722,2.19722,0.261361,0,4.11087,5.54908,0,2.99573,2.99573,1.38629,1.60944,2.19722,3.3673,3.3673,1.38629,1.79176,2.30259,2.07944,2.19722,2.07944,2.70805,2.07944,5.37714,1.22034,0.693147,1,0,1,1,1,0,0,5,1,0,1,0,0,1,6.82111,5.54365,3.46574,3.04452,3.58352,2.99573,2.89037,1.79176,2.19722,2.56495,2.07944,1.09861,0,5.56643,5.52771,5.56643,0,0,0,0,0,0,0,0,1,1,1,1,0,-5.41707,0.0131136,1.09861,1.09861,0.693147,0.693147,0,0.693147,0,1,1.09861,0,0.229643,0.0630911,1,0,0.268648,0.0718114,7.77486,0.569914,0.144217,0.465581,0.188124,0.161492,0.510181,0.183037,0.183812,0.223144,0.224614,0.118494,3.1897,4.5326,6.16961,2.30259,0.53419,0.395372,2.48491,0.515869,0.364781,0,0
115,"MoirAI","T115","Media, marketing & other",-6.04906,-5.9518,-5.94364,-0.105424,0.00236008,1,1,0,0,1,1,1,1,0,1,6.1898,1,-1.49453,0,-0.677569,1.72234,-1.14582,-1.22276,-1.4212,-0.816485,0,-0.707883,-0.691043,-0.778348,-0.783985,0.206259,0.796124,0.804219,-2.56438,0,-0.958228,1.72234,-2.5253,-2.12332,-2.00988,-2.05123,0,-1.42704,-0.977282,-1.54521,-1.34577,0.421296,1.59704,1.60201,0.693147,0,0,1,1,1,1,0.766667,0.766667,0,0,0,0,0,0.693147,0.693147,2.07944,1,1,0,0,0,0,0,5.54908,0.386719,1.09861,1.09861,0.693147,0,0.693147,0,0,0,0,0,0.693147,0.693147,0,0,0,3.35886,3.35709,0,0,0,0,0,0,0,0,1.03,0,0,0,0,0,0,0,0,0,0,0,0,0,0,0,0,0,0,0,6.1898,5.87692,3.3575,0,4.86656,-5.55199,1.26729,-6.04808,1.99636,-7.01657,0,0,0.716667,0,0,0,-1.03601,0.00640349,0,0,0,0,0,0,0,0,0,0,0,0.000923511,0,0,0,0.000990663,7.14598,0.579148,0.0472123,0.118127,0.0275001,0.314809,0.130628,0.030322,0.30788,0.000523502,0.000510507,0.000499875,0.136316,5.67332,1.09861,2.89037,0.0621315,0.338693,2.99573,0.0565727,0.358585,1,1
116,"for sale","T116","Media, marketing & other",-6.22077,-5.45793,-4.9775,-1.24327,0.00198771,1,0,0,0,1,1,1,1,0,1,4.82684,1,-1.49453,0,-0.677569,1.72234,0,0,0,-0.816485,0,-0.707883,-0.691043,-0.65744,-0.731336,-0.249922,0.455865,0.437179,-2.56438,0,-0.958228,1.72234,0,0,0,-2.05123,0,-1.42704,-0.977282,-1.37787,-1.29445,-0.333902,0.997602,0.907714,0.693147,1,0,1,1,1,1,0.766667,0.766667,0,0,0,0,0,0.693147,0.693147,2.07944,1,1,0,0,0,0,0,5.54908,0,0,0,0,0,0,0,0,0,0,0,0,0,0,0,0,0,0,0,0,0,0,0,0,0,0,0,0,0,0,0,0,0,0,0,0,0,0,0,0,0,0,0,0,0,0,4.82684,4.82682,1.60332,0,3.40064,-4.06016,0.148104,-5.3806,0.371868,-7.82165,0,0,0.716667,0,0,0,-2.5248,0.0341144,0,0,0,0,0,0,0,0,0,0,0,2.80166e-05,0,0,0,3.49651e-05,6.56244,0.637488,0.0770987,0.203219,0.0652474,0.253188,0.0912451,0.0434018,0.214292,0.000499875,0.000502116,0.000502139,0.0430759,4.47734,4.64439,2.3979,0,0.356164,2.3979,0,0.419226,1,1
117,"everyframe.studio","T117","Media, marketing & other",-5.93764,-5.80677,-5.87057,-0.0670739,0.00263824,1,1,1,1,1,1,1,1,1,1,6.18202,1,-0.485052,1.8714,-0.0513046,1.38383,-0.28018,-1.22276,-1.4212,-0.0606763,-1.68225,-0.707883,-0.691043,0.226419,-0.0515726,0.437715,0.0454961,-1.14273,-0.865541,2.64425,-0.0725557,1.38383,-0.793074,-2.12332,-2.00988,0.026911,-2.37906,-1.42704,-0.977282,0.555322,0.0634356,0.829655,0.2917,-2.3251,0.693147,0,0,0,1,0.487404,0.4875,0.025,0.025,1.38629,1.38629,2.89037,0.999624,0.999812,1.09861,1.09861,3.43399,0.880013,0.935897,0.693147,0.693147,1,0.000188038,0,4.8828,0.0305344,2.63906,2.63906,0.693147,0,0.693147,0,0,0,0,0,0.693147,0.693147,0,0,0,2.507,0.0174965,1.94591,1,0,1,1,0,0,0,4,1,0,0,0,0,1,3.29584,3.32848,0.693147,0.693147,0,0,0,0,0,0,0,0,0,6.18202,5.90057,2.32142,0,0,0,0,0,0,0,0,0.5125,1,0.975,1,0,-1.30207,0.0070211,0,0,0,0,0,0,0,0,0,0,0.278457,0.0513097,1,0,0.407136,0.0545393,7.2937,0.508589,0.041073,0.418017,0.0559722,0.0963403,0.45112,0.0406912,0.102404,0.0487902,0.654606,0.693147,0.182322,1.79176,0.693147,2.30259,0.0493763,0.420421,2.19722,0.833269,0.728671,1,1
118,"Ditto","T118","Agents, data & search",-4.92348,-4.82143,-4.60035,-0.323134,0.00727378,1,1,1,1,1,1,1,1,1,1,6.17801,1,0.0505907,-0.655945,0.786999,-0.888278,1.88386,1.98712,0.94862,0.9014,0.988931,1.45627,1.76652,-0.70586,-0.688811,0.912419,0.11642,0.373859,0.100693,-0.928346,1.11298,-0.888278,4.89871,3.43201,1.34155,2.28999,1.39856,2.88236,2.49823,-1.35532,-1.09127,1.66012,0.0633654,0.744217,0.693147,0,0,0,1,0.226891,0.226891,0.0572868,0.0541667,3.73767,3.68888,3.17805,0.146854,0.294629,3.93183,3.89182,3.43399,0.0746457,0.119863,2.48491,2.3979,0.208511,0.770389,0,5.54908,0,6.99393,7.05099,2.83321,5.69972,3.43399,7.02496,7.19213,2.3979,5.67202,3.46478,3.2581,2.99573,2.48491,3.3322,4.06044,5.04628,0.0340883,6.00638,1,1,1,1,1,0,0,6,1,0,1,1,0,1,7.41878,6.48789,4.23411,4.00733,4.07754,3.04452,2.99573,1.60944,2.19722,1.38629,0,1.94591,0,6.17801,5.84538,5.03894,0,0,0,0,3.91242,0,3.91242,1,0.775,1,0.95,1,0.693147,5.11669,0.0144673,1.38629,1.38629,1.38629,0.693147,0.693147,0.693147,0,1,0.693147,0.693147,0,0.0336982,0,0,0,0.0304004,7.6454,0.370506,0.0319051,0.103868,0.0104155,0.108172,0.0851185,0.0142847,0.11088,0.000499875,0.000502721,0.000505203,0.0325328,4.20469,4.75359,2.56495,0.617204,0.403035,2.56495,0.0677111,0.514392,1,0
119,"CapabilityForge Next","T119","Agents, data & search",-6.10506,-5.97195,-5.91987,-0.185191,0.00223155,1,1,0,0,1,1,1,1,0,1,6.17343,1,-1.49453,0,-0.677569,1.72234,-1.15266,-1.22276,-1.4212,-0.816485,0,-0.707883,-0.691043,-0.755935,-0.743951,0.0785002,0.526127,0.43644,-2.56438,0,-0.958228,1.72234,-2.567,-2.12332,-2.00988,-2.05123,0,-1.42704,-0.977282,-1.49771,-1.26958,0.186431,1.06144,0.90046,0.693147,0,0,1,1,1,1,0.766667,0.766667,0,0,0,0,0,0.693147,0.693147,2.07944,1,1,0,0,0,0,0,5.54908,0,0.693147,0.693147,0.693147,0,0.693147,0,0,0,0,0,0.693147,0.693147,0,0,0,3.11146,3.11812,0,0,0,0,0,0,0,0,1.03,0,0,0,0,0,0,0,0,0,0,0,0,0,0,0,0,0,0,0,6.17343,5.8454,3.10964,0,4.88996,-5.57557,1.32205,-6.14468,2.03318,-7.14301,0,0,0.716667,0,0,0,-1.0422,0.00656877,0,0,0,0,0,0,0,0,0,0,0,0.00688669,0,0,0,0.00741925,7.13966,0.620324,0.0633706,0.118803,0.0271901,0.306382,0.126776,0.031149,0.298368,0.000499875,0.000500729,0.000499875,0.0124547,3.21888,1.09861,2.48491,0.0601934,0.37384,2.48491,0.0563952,0.397521,1,1
120,"Affine","T120","Training & optimisation",-3.07344,-3.00238,-2.94034,-0.133105,0.0462616,1,1,1,1,1,1,1,1,1,0,6.17091,0,0.327879,-0.802741,0.58459,-0.928631,0.0893917,0.313453,-0.170878,-0.393735,-0.0999473,1.05086,-0.691043,-0.480202,-0.331856,0.93769,-1.86149,-1.52475,0.560243,-1.1368,0.826735,-0.928631,1.12416,0.574478,-0.241658,-1.0112,-0.141347,2.1436,-0.977282,-1.02713,-0.65167,1.56702,-3.98952,-3.1484,0.693147,0,0,0,0,0.0791667,0.0791667,0.100107,0.0958333,3.43399,2.99573,3.43399,0.0853857,0.151482,3.43399,3.2581,3.4012,0.0603425,0.118541,2.70805,2.63906,0.173319,0,1.94591,5.54908,0.046875,6.80351,6.80351,1.09861,3.80666,3.3673,4.45435,4.45435,2.07944,0,2.99573,2.19722,1.09861,1.60944,2.19722,1.60944,4.06408,0.347653,0,0,0,1,0,0,0,0,2,1,0,0,0,0,0,7.84071,6.05043,1.60944,1.38629,2.48491,2.3979,2.19722,1.60944,1.38629,1.94591,1.38629,0,0,6.17091,6.0576,6.17091,0,0,0,0,0,0,-0.0556727,0,0.920833,1,0.920833,1,1.38629,-5.70936,0.00417003,0,0,0,0,0,0,0,1,0.693147,1.60944,0.121216,0.0113301,0,0,0.160593,0.0151277,8.55507,0.530981,0.0503432,0.21776,0.0794648,0.043001,0.209649,0.0800902,0.0438521,0.608954,0.616379,0.698591,5.748,6.41346,6.46925,1.09861,0.986678,0.97508,1.60944,0.811461,0.968789,1,0
121,"sundae_bar","T121","Agents, data & search",-5.5537,-5.48322,-5.38614,-0.167563,0.00387309,1,1,1,1,1,1,1,1,0,0,6.16591,0,-0.15751,-0.582672,0.467186,-0.7189,-0.942972,-0.0622989,-1.2185,0.41372,0.17638,0.419887,1.84243,0.458447,0.0728725,-0.511801,-0.76605,-0.653719,-0.264968,-0.823676,0.6607,-0.7189,-2.7429,-0.110038,-1.72322,0.878541,0.249439,0.788523,2.60558,1.12867,0.247468,-0.927999,-1.52303,-1.32733,0.693147,0,0,0,0.600384,0.867106,1,0.779923,1,2.89037,2.70805,2.63906,0.185284,0.325294,3.09104,3.04452,3.2581,0.134683,0.23923,2.30259,2.30259,0.219079,0,0.693147,5.54908,0.0273438,0,0,0,0,0,0.693147,1.79176,1.38629,1.60944,1.38629,1.79176,1.38629,0.693147,0,0.693147,5.94596,3.87571,0,0,0,1,1,1,1,0,5,1,0,0,0,1,1,7.16007,6.23479,2.83321,2.3979,3.46574,2.99573,2.19722,1.60944,1.09861,0,0,2.07944,1.09861,6.16591,6.14289,6.16591,0,0,0,0,0,0,0,0,0.333333,1,0.6375,1,0,-2.77127,0.00264635,1.38629,1.09861,1.38629,0,1.09861,0,0.693147,0,0,0,0.725056,0.0453958,1,0,0.508314,0.0477033,7.34601,0.815444,0.179997,0.474517,0.0373402,0.303341,0.453197,0.0559693,0.300649,0.000499875,0.00051983,0.000507718,0.0632956,4.52179,4.66344,2.30259,0.736514,0.584851,2.48491,0.710365,0.56212,0,0
122,"CookingTAO","T122","DeFi & crypto infrastructure",-5.31612,-5.43507,-5.36842,0.0522997,0.00491176,1,1,1,1,0,1,1,1,0,0,4.88798,0,-0.558196,0.0674923,-1.6602,0,-0.614488,-0.639512,-1.4212,-0.393735,0.144817,-0.571451,-0.691043,0.866677,0.834132,-0.801056,0.304809,-0.142358,-0.95789,0.096137,-2.34788,0,-1.62507,-1.09867,-2.00988,-1.0112,0.204802,-1.12267,-0.977282,2.00612,1.78814,-1.36737,0.545119,-0.257273,0.693147,0,0,0,0.103511,0.944522,0.95,1,1,1.38629,1.38629,1.60944,0.414135,0.559261,0,0,0,0,0,1.38629,1.38629,0.414135,0,1.38629,4.33073,0.04,2.07944,2.07944,0.693147,0,1.60944,1.79176,1.94591,0.693147,0,1.38629,0.693147,0.693147,0,0,0,5.50786,2.12329,0,1,1,0,1,0,1,0,5,1,0,0,0,0,0,6.05678,5.90873,3.17805,2.99573,3.89182,3.4012,0.693147,0.693147,0.693147,0,0,0,0,4.88798,4.88793,4.88798,0,0,0,0,0,0,0,0,0.108333,0.716667,0,0,0,-3.5143,0.0327023,0,0,0,0,0,0,0,0,0,0,0.93631,0.112219,1,1,0.91501,0.120697,6.77992,0.763631,0.243321,0.101941,0.03607,0.333544,0.162709,0.0481501,0.321281,0.000499875,0.257478,0.693147,0.0825097,4.23411,1.38629,2.30259,0.316278,0.328735,1.79176,0.321285,0.325174,1,1
123,"MANTIS","T123","Finance & forecasting",-6.08474,-6.00769,-5.94496,-0.139787,0.00227735,1,1,0,1,1,1,1,1,0,1,6.15777,0,1.28308,-1.05545,1.00996,-0.988756,-0.400483,-0.770295,0.513934,0.31331,0,-0.360239,0.379893,0.776536,0.652089,-0.144637,-0.3582,-0.48613,2.24579,-1.49042,1.4283,-0.988756,-0.970942,-1.32905,0.726812,0.788928,0,-0.80168,0.537249,1.46581,0.978283,-0.272832,-0.656735,-0.997821,1.09861,0,0,0,0.466815,0.398689,0,0.385005,0,5.53733,4.54329,3.43399,0.0452913,0.106123,5.58725,4.63473,3.43399,0.0390305,0.0878686,3.98898,3.98427,0.0533841,0,5.50719,5.54908,0,1.94591,1.94591,0.693147,0,1.38629,1.09861,1.09861,0.693147,0,1.09861,0.693147,1.38629,3.04452,2.94444,3.04452,6.16394,0.149367,0,0,0,1,0,1,1,0,4,1,1,0,0,0,1,0,0,0,0,0,0,0,0,0,0,0,0,0,6.15777,6.14283,6.15777,0,0,0,0,-5.16914,0.822652,-6.1753,0,1,1,1,1,0,-0.871031,0.00295848,0.693147,0.693147,1.09861,0.693147,0,0,0,0,0,0,0.389025,0.0784325,1,0,0.427865,0.082416,7.58731,0.657478,0.214715,0.454974,0.166738,0.0722741,0.417351,0.159302,0.0676494,0.139762,0.139909,0.140381,0.805543,2.19722,3.4012,2.48491,0.57581,0.462955,2.56495,0.659772,0.534019,1,0
124,"Swarm","T124","Science & robotics",-4.65566,-4.52936,-4.43421,-0.221446,0.00950767,1,1,1,1,1,1,1,1,0,0,6.15213,0,0.593293,-0.836122,0.560009,-0.809579,0.74695,0.609324,1.6621,-0.393735,0.572976,0.767163,0.773925,0.0976945,0.481863,-0.0194473,-0.565081,-0.324195,1.02278,-1.18224,0.791972,-0.809579,2.04493,1.05973,2.35057,-1.0112,0.810311,1.50928,1.0945,0.234427,1.12456,-0.0656484,-1.20089,-0.710604,0.693147,0,0,0,0,0,0,0,0,4.29046,3.13549,3.43399,0.0961563,0.22738,4.35671,3.13549,3.43399,0.102541,0.182978,2.83321,2.70805,0.142966,0,3.2581,5.54908,0.0195312,5.2575,5.69036,1.60944,4.72739,3.3322,4.52179,4.54329,1.60944,2.3979,3.13549,1.94591,1.79176,3.66356,3.43399,6.37673,6.1521,1.21761,0,1,1,1,1,1,1,1,8,1,0,0,0,0,0,7.68202,6.14141,3.2581,2.94444,3.71357,2.94444,1.94591,1.09861,0.693147,1.60944,0,0.693147,0,6.15213,6.13636,6.15213,0,0,0,0,0,0,-2.95363,0,1,1,1,1,0.693147,-3.51626,0.00466912,1.09861,1.09861,1.09861,0.693147,0.693147,0,0,1,0.693147,0,0,0.205378,0,0,0,0.216038,7.62754,0.72275,0.106771,0.351323,0.0495051,0.184225,0.324546,0.0414613,0.193787,0.410647,0.41125,0.415294,4.88666,5.57215,5.59471,2.3979,0.738124,0.573482,2.56495,0.666337,0.491623,1,0
125,"Refinery","T123","Training & optimisation",-5.88668,-5.79196,-5.78023,-0.106443,0.00277619,1,1,0,1,0,1,1,1,0,1,6.14591,1,-0.485372,1.87195,-1.6602,0,-0.801657,-1.22276,-1.2185,-0.393735,0,-0.707883,-0.691043,0.538093,-0.404684,-0.0949064,0.927622,1.03948,-0.881434,2.64504,-2.34788,0,-1.80679,-2.12332,-1.72322,-1.0112,0,-1.42704,-0.977282,1.19029,-0.790821,-0.138091,1.83597,2.08212,1.09861,0,0,0,0,0.425,0.425,1,1,0.693147,0.693147,2.94444,1,1,0,0,0,0,0,0.693147,0.693147,1,0,0.693147,5.54908,0,2.63906,2.63906,0.693147,0,1.79176,0,0,0,0,0,0.693147,0.693147,0.693147,0,0.693147,3.24947,2.69888,0,0,0,1,0,1,0,0,3,1,0,0,0,0,0,0,0,0,0,0,0,0,0,0,0,0,0,0,6.14591,6.11182,3.17975,0,3.96996,-4.64415,0.462742,-4.78924,0.488449,-6.25468,0,0.575,0.716667,0,0,0,-0.903583,0.00281007,0,0,0,0,0,0,0,0,0,0,0.617909,0.0502387,1,0,0.115608,0.0107314,7.19893,0.662573,0.111466,0.0204787,0.0787778,0.290237,0.0545208,0.0788313,0.296303,0.000499875,0.000571915,0.000503959,0.137886,4.14313,4.59512,2.63906,0,0.251082,2.77259,0,0.174612,1,0
126,"Attelier","T126","Media, marketing & other",-5.44481,-5.42892,-5.43312,-0.0116981,0.00431864,1,0,1,1,1,1,1,1,0,1,5.44571,1,-0.995904,1.73273,0.156724,-0.0819443,0,0,0,0.942328,-0.578166,-0.707883,-0.691043,0.638125,0.42036,-1.12749,0.443309,0.352017,-1.70813,2.44439,0.221641,-0.0819443,0,0,0,2.0139,-0.81765,-1.42704,-0.977282,1.0655,0.347795,-2.00815,1.0652,0.822622,0.693147,0,0,0,1,0.933333,0.933333,0.243313,0.191667,1.09861,1.09861,1.09861,0.904745,0.949858,1.94591,1.79176,3.43399,0.360457,0.474515,0.693147,0.693147,1,0.0501419,0,5.54908,0,0,0,0,0,0,0,0,0,0,0,0,0,0,0,0,0,0,0,0,0,0,0,0,0,0,0,1,1,1,1,0,0,6.1203,5.68232,2.30259,1.38629,2.3979,1.60944,0,0,0,0,0,0,0,5.44571,5.41369,2.74177,0,0,0,0,0,0,-2.43969,0,0.0541667,0.770833,1,1,0.693147,4.60923,0.0207993,0,0,0,0,0,0,0,0,0,0,0.39482,0.00054989,1,0,0.477138,0.000617007,7.14756,0.837652,0.389592,0.334455,0.216357,0.238602,0.309771,0.200881,0.221216,0.182322,0.182322,0.183121,0.470004,1.38629,3.89182,2.48491,0,0.293705,2.48491,0,0.327501,1,0
127,"Astrid","T127","Finance & forecasting",-6.07588,-5.96577,-5.83817,-0.237709,0.00229762,1,1,1,1,1,1,1,1,0,0,6.14161,1,-0.297874,0.305877,-0.261081,0.198912,-0.620047,-1.22276,-0.704585,-0.393735,-0.112126,-0.0873735,0.609169,-0.832656,-0.910439,-0.189104,0.279268,0.294295,-0.534583,0.430357,-0.369224,0.198912,-1.71597,-2.12332,-0.996433,-1.0112,-0.158569,-0.192932,0.861496,-1.62048,-1.47909,-0.319954,0.351974,0.445087,0.693147,0,0,0,0.706222,0.872708,1,0.878337,1,1.38629,1.38629,2.63906,0.460007,0.60001,1.38629,1.38629,2.63906,0.460009,0.600012,1.09861,1.09861,0.520004,0,1.38629,5.54908,0,0.693147,1.09861,0.693147,0,1.09861,0,0,0,0,0,0.693147,1.09861,1.60944,0.693147,1.60944,5.66789,2.20408,0,1,0,1,1,0,1,0,5,1,0,0,0,0,0,8.94442,7.63448,0.693147,0.693147,1.60944,1.60944,1.38629,0.693147,0.693147,0.693147,0,1.09861,0.693147,6.14161,6.11447,5.71139,0,0,0,0,0,0,0,0,0.433333,1,0.420833,1,0,-0.777644,0.00329751,0.693147,0.693147,0.693147,0,0,0.693147,0,0,0,0,0,0.0012866,0,0,0,0.00135461,7.33171,0.648882,0.191746,0.0267199,0.0105921,0.298645,0.00326192,0.00136799,0.295518,0.000499875,0.000505488,0.000501652,0.0160011,3.21888,3.3673,2.63906,0.568812,0.402931,2.56495,0.501858,0.405765,0,0
128,"ByteLeap","T128","Compute & inference",-5.88284,-5.86293,-5.83988,-0.0429628,0.00278685,1,1,1,1,1,1,1,1,0,0,6.13946,0,0.367525,-0.828194,0.486442,-0.874991,-0.892131,-0.770295,-0.32531,-0.0606763,-0.597819,-0.707883,-0.691043,-0.298904,-0.175518,-0.473801,0.772492,0.785694,0.62315,-1.17031,0.687933,-0.874991,-2.78681,-1.32905,-0.460057,0.026911,-0.845444,-1.42704,-0.977282,-0.872305,-0.695711,-0.847246,1.58289,1.53916,0.693147,0,0,0,0,0,0,0,0,2.77259,2.70805,3.43399,0.107863,0.166168,3.09104,2.89037,3.43399,0.0793553,0.140632,2.48491,2.48491,0.137293,0,2.48491,5.54908,0,0,0,0,0,0,1.09861,1.09861,0.693147,0,0.693147,0.693147,0.693147,1.38629,1.94591,1.38629,5.94113,3.94953,1.94591,1,0,1,0,1,1,0,5,1,0,0,0,0,1,5.68017,6.09308,1.79176,1.60944,2.56495,1.79176,0,0,0,0,0,0,0,6.13946,6.07151,6.13946,0,0,0,0,0,0,0,0,1,1,0.575,0.575,0,-0.944215,0.00313007,0,0,0,0,0,0,0,0,0,0,0,0.000849136,0,0,0,0.000893801,7.23562,0.817936,0.139225,0.276671,0.173037,0.0418463,0.272667,0.167534,0.0440474,0.000499875,0.000499875,0.000499875,0.0009995,1.09861,1.38629,3.4012,0.269284,0.317983,3.46574,0.240516,0.365012,0,0
