netuid,subnet_uid,wave,snapshot_date,subnet_name,team_id,team_n_subnets,flag_placeholder_identity,flag_registered_in_window,window_days_observed_30d,startup_mode,flag_full_burn_30d,flag_no_miner_paid_30d,price_tao,price_usd,tao_usd,price_tao_avg30,price_tao_lag30,price_tao_avg30_lag30,logret_30d,burn_now,burn_mean_30d,burn_time_share_ge50_30d,burn_mean_lag30,burn_time_share_ge50_lag30,miners_paid_hotkeys_30d,miners_paid_coldkeys_30d,miner_paid_days_30d,miner_hhi_coldkey_30d,miner_top1_share_30d,miners_ip_coverage_30d,miners_distinct_ips_30d,miners_paid_hotkeys_lag30,miners_paid_coldkeys_lag30,miner_paid_days_lag30,miner_hhi_coldkey_lag30,miner_top1_share_lag30,miners_lineage_clusters_lb_30d,miners_lineage_clusters_best_30d,miner_hhi_lineage_best_30d,owner_linked_incentive_share_30d,miners_unattrib_share_30d,lineage_untraced_share_30d,miners_active_now,uids_registered_now,uids_immune_share_now,gh_status,gh_commits_30d_repo,gh_commits_30d_org,gh_authors_30d_org,gh_prs_merged_30d_org,gh_active_days_30d_org,gh_commits_lag30_repo,gh_commits_lag30_org,gh_authors_lag30_org,gh_prs_merged_lag30_org,gh_active_days_lag30_org,gh_authors_90d_org,gh_contributors_alltime_repo,gh_stars_repo,gh_forks_repo,gh_stars_org,gh_repo_age_days,gh_days_since_push,gh_releases_repo,doc_readme,doc_license,doc_contributing,doc_miner_guide,doc_validator_guide,doc_incentive_desc,doc_requirements,doc_site,doc_score,website_status,website_live,whitepaper_available,wp_pages,wp_references,wp_named_authors,wp_formal_mechanism,api_public,mcp_server,team_named,product_live,category,category8,x_status,x_followers,x_account_age_days,x_posts_30d,x_posts_original_30d,x_posts_lag30,x_posts_original_lag30,days_since_registration,days_since_first_emission,days_since_owner_change,days_since_identity_change,project_age_days,owner_buy_tao_30d,owner_sell_tao_30d,owner_net_buy_tao_30d,owner_cut_sold_ratio_30d,owner_net_buy_tao_lag30,owner_cut_sold_ratio_lag30,owner_net_buy_tao_90d,owner_bought_any_90d,tao_emission_on_share_30d,emission_flag_on_share_30d,tao_emission_on_share_lag30,emission_flag_on_share_lag30,baskets_net_buyers_n_30d,basket_net_buy_tao_30d,basket_alpha_share_issued,podcast_episodes_12m,podcast_shows_12m,podcast_days_since_last,podcast_episodes_12m_lag30,podcast_novelty_search_12m,podcast_hash_rate_12m,podcast_ventura_labs_12m,podcast_revenue_search_12m,podcast_bittensor_guru_12m,exploit26_presented,exploit26_sessions_n,exploit26_mentions_n,owner_lock_share_owner_alpha,ownerhk_lock_share_issued,owner_lock_perpetual,owner_cut_autolock,owner_lock_share_owner_alpha_lag30,ownerhk_lock_share_issued_lag30,holders_positions_n,holders_top10_share,holders_top10_share_upper,holders_hhi,holders_hhi_upper,holders_untraced_share,stake_share_owner_validator,owner_alpha_share_issued,alpha_burned_share,stake_share_owner_validator_lag30,owner_alpha_share_issued_lag30,alpha_burned_share_lag30,reg_cost_tao_now,reg_cost_tao_mean_30d,reg_cost_tao_mean_lag30,reg_recycled_tao_30d,registrations_30d,registrations_lag30,validators_n,owner_validator_div_share,validator_stake_hhi,validators_n_lag30,owner_validator_div_share_lag30,validator_stake_hhi_lag30,commit_reveal_on,yuma3_on,liquid_alpha_on,mech_count,max_neurons
1,1-1497824,1,2026-09-30,Apex,T001,3,0,0,30,0,0,0,0.00661406941206158,1.9894638119732544,300.792702348303,0.0070397407540349335,0.007458863195389861,0.007904314976148836,-0.12020390670464062,0.5381125828716904,0.5926753550826106,1.0,0.48952855952472113,0.725,45,18,30,0.25893800586116045,0.48246617363208144,0.0,,46,25,30,0.21363593081229998,0.42548170541751745,,,,,,,3,256,0.01171875,found,12,85,5,50,14,10,136,17,52,20,19,23,139,64,470,995.0255324074074,1.3968055555555556,76,1,1,0,1,1,0,0,1,5,live,1,0,,,,,0,0,0,0,Scientific & Technical Problem Solving,Science & robotics,found,7674,941.0839351851852,25,12,42,9,1081.255138888889,551.2705555555556,809.4494444444445,,1081.255138888889,0.0,0.0,0.0,0.0,0.0,0.0,0.0,0,1.0,1.0,1.0,1.0,0,-10.356218418000001,0.0017217624916079438,1,1,99.12099537037037,1,0,1,0,0,0,1,3,0,0.0,0.03201109746661595,0,0,0.0,0.03321670137556959,3188,0.6301945757501728,0.6392699095049642,0.06992596938728117,0.07328088127580484,0.009075333754791456,0.007757474015518841,0.04769175099723659,0.15120001528547966,0.005199251508449359,0.04614605196115698,0.1478513250015626,0.0005,0.0005512687083333333,0.0005129398874999999,0.111164706,111,163,9,0.0,0.562044499021394,9,0.0,0.524846128119266,1,0,0,1,256
2,2-2734060,1,2026-09-30,DSperse,T002,1,0,0,30,0,0,0,0.0030677235229096887,0.9227488485134615,300.792702348303,0.003193813631000626,0.0030988251351262357,0.003628965530427809,-0.010087287935392451,0.8056823839433491,0.8503545353247318,1.0,0.8528154714877019,1.0,58,11,30,0.22945509983841766,0.3200144845450971,1.0,30,30,12,30,0.272373058136391,0.4166784184920964,,,,,,,48,256,0.0078125,found,8,8,1,4,3,10,11,1,8,3,2,9,2463,131,10612,903.0952777777778,22.189722222222223,414,1,1,1,1,1,1,1,1,8,live,1,0,,,,,0,0,0,1,AI Inference & Model Serving,Compute & inference,found,38620,1285.9642592592593,44,30,42,30,903.7,551.2705555555556,809.1619444212952,271.26958333333334,903.7,0.0,0.0,0.0,0.0,0.0,0.0,0.0,0,0.8333333333333334,1.0,0.8416666666666667,1.0,0,-0.8961607359999999,0.00191229373689582,2,2,244.08283564814815,2,0,1,0,0,1,0,0,0,0.7571097985725143,0.1951326613789437,1,0,0.8070492631667098,0.2025935888090827,2127,0.7080326148801622,0.7151154230747776,0.2013747214726629,0.20756925549166275,0.007082808194615386,0.4513546125431231,0.19028439827955923,0.1296097382662237,0.4466592603468784,0.18533512389488996,0.12121481206879559,0.0005,0.0005024279791666666,0.0005025397666666667,0.019916528,38,20,6,0.8671433659195718,0.7548393842656322,7,0.8832715207892581,0.6833541674780063,1,1,1,1,256
3,3-4165565,1,2026-09-30,Teutonic,T003,2,0,0,30,0,0,0,0.027643211927388833,8.31487641722613,300.792702348303,0.029784454353057155,0.028616186551879332,0.027310308003490498,-0.03459232316667371,0.0,0.0,0.0,0.0,0.0,28,11,30,0.1496145982591553,0.2858119706743666,0.0,,34,11,30,0.35055181055064394,0.5642085921123132,,,,,,,5,256,0.0078125,found,16,16,2,1,9,96,96,2,1,14,2,3,12,17,12,171.0386689814815,6.519247685185185,0,1,0,0,1,0,0,0,0,2,live,1,1,12,1,1,1,0,0,1,1,AI Training & Model Improvement,Training & optimisation,found,7,34.74729166666667,0,0,1,1,699.1825,551.2705555555556,47.38416665509343,47.342777777777776,47.342777777777776,0.0,0.0,0.0,0.0,0.0,0.0,0.0,0,1.0,1.0,1.0,1.0,8,-39.227282258,0.0033581556737709048,0,0,,0,0,0,0,0,0,0,0,6,0.0,0.06275166094294507,0,0,0.0,0.06542237580775656,4819,0.41816276961221616,0.4745906231167339,0.04492954984401273,0.06972093214443131,0.056427853504517754,0.030218231031615646,0.010407093107104436,0.09375306944543006,0.03399873155775151,0.0039983925571607385,0.09762559302096024,0.999999999,0.6878722758250001,0.009778139541666668,31.401505604,439,1581,8,0.9785081538947965,0.9614199287139035,5,0.9428531820591488,0.9635584119037887,1,0,0,1,256
4,4-1411451,1,2026-09-30,Targon,T004,1,0,0,30,0,0,0,0.05229877756325278,15.731090632763602,300.792702348303,0.056046599771768665,0.05627026500193766,0.05683181646232134,-0.07319324565903833,3.247917629778385e-05,0.035162092746274236,0.008333333333333333,0.07431946856765231,0.0,5,5,30,0.4132975765126373,0.5466202522407296,1.0,5,9,7,30,0.333687362057626,0.47988501830265556,,,,,,,4,256,0.0,found,4,4,1,0,3,2,5,1,1,3,1,18,74,60,85,1099.1503819444445,5.769479166666667,0,1,1,1,1,1,0,0,0,5,live,1,1,16,1,1,0,1,0,1,1,"Compute, Storage & Network Infrastructure",Compute & inference,found,5718,468.39474537037034,6,3,8,4,1093.2525,551.2705555555556,,,1093.2524999652776,0.0,0.0,0.0,0.0,0.0,0.0,0.0,0,1.0,1.0,1.0,1.0,4,-12.12365585100001,0.002530942975151094,4,2,75.18320601851852,4,2,2,0,0,0,1,2,8,0.0,0.028858949696127314,0,0,0.0,0.030019053362609068,7811,0.5620265284810451,0.58781342438621,0.10383461477849949,0.12017462638704678,0.025786895905164888,0.4213011687740947,0.13702452888721214,0.08848166978129599,0.3998277068119554,0.13309168963102927,0.09151948747441767,0.0005,0.0005,0.0005069228916666668,0.00212637,4,34,12,0.532967704459489,0.34321882362147454,11,0.5113975571422453,0.3879948455866095,1,0,0,1,256
5,5-2491604,1,2026-09-30,Hone,T005,1,0,0,30,0,0,0,0.012825638477705674,3.857858457051465,300.792702348303,0.012855400362661617,0.012687648022371654,0.013259451280197988,0.01081725013249567,0.0,0.0,0.0,0.2194804465698932,0.1625,546,86,30,0.09295393563973517,0.13994614733251778,1.0,83,808,115,30,0.08794351461360952,0.12424189978182766,,,,,,,241,256,0.12890625,found,48,48,1,6,12,21,21,1,7,9,1,1,2,2,2,63.149340277777775,0.1586574074074074,0,1,1,0,1,1,0,0,0,4,live,1,0,,,,,0,0,0,0,AI Training & Model Improvement,Training & optimisation,not_listed,,,,,,,940.8611111111111,551.2705555555556,514.6794444444445,44.13736111111111,419.0911111111111,0.0,0.0,0.0,0.0,0.0,0.0,0.0,0,1.0,1.0,1.0,1.0,3,-28.975407730999997,0.002768715613273838,1,1,357.0052777777778,1,0,1,0,0,0,0,0,0,0.0,0.0011258705594391187,0,0,0.0,0.0011731939989433312,2943,0.7337923401903671,0.739860497780873,0.09610997033048592,0.09847266843155987,0.006068157590505979,0.25466037997279256,0.0014850453355298395,0.25202700365190794,0.25581439128402966,0.001027529737318846,0.26262039252841485,0.323727208,0.14062290115833334,0.13603943158333334,111.809428865,904,1233,10,0.0,0.5064119784209763,10,0.0,0.5122114417676256,0,0,0,1,256
6,6-3219949,1,2026-09-30,Numinous,T006,1,0,0,30,0,0,0,0.0022932556787996715,0.6897945728017452,300.792702348303,0.002602777320690092,0.0030450654222669462,0.0029428942870260307,-0.28354988436086515,0.0,0.0,0.0,0.23333333333333334,0.23333333333333334,174,79,30,0.09845391577470745,0.16430784887681638,0.0,,161,70,23,0.13708176948755704,0.2250153048307472,,,,,,,129,256,0.05078125,found,5,5,2,2,2,17,17,3,8,9,3,4,20,15,20,310.8621875,8.244340277777777,0,1,1,0,1,1,1,0,0,5,live,1,0,,,,,1,0,0,1,Forecasting & Prediction,Finance & forecasting,found,1792,316.0580439814815,22,11,28,14,832.4559722222223,551.2705555555556,809.0284722222223,309.34152776620454,309.34152776620454,0.0,0.0,0.0,0.0,0.0,0.0,0.0,0,1.0,1.0,0.7666666666666667,1.0,0,-0.733968409,0.0017505244301463376,2,2,233.2794212962963,2,0,0,1,1,0,0,0,0,0.0,0.1124410371208256,0,0,0.0,0.116754659647094,2694,0.5735994864750834,0.5824493331651039,0.0822676821021553,0.08685108057479425,0.008849846690020499,0.042319526319012736,0.016486426881360608,0.03146143501459447,0.023707004246149986,0.010266773455864216,0.03266840320221311,0.2,0.20045766208333332,0.2007941097,8.517488881,42,51,18,0.0,0.24908178010085497,17,0.0,0.25634306548645874,1,0,0,1,256
7,7-2627691,1,2026-09-30,Allways,T007,2,0,0,30,0,0,0,0.0024741283246552297,0.7441997447295261,300.792702348303,0.002817400265536548,0.0032157428693359185,0.003314704538943136,-0.2621702526275896,0.050861967261880636,0.1296967753325589,0.029166666666666667,0.9275746137514943,1.0,17,4,30,0.47675977874350733,0.5347188382876705,0.0,,3,3,30,0.664773961748008,0.7878866413190698,,,,,,,2,256,0.0,found,44,44,2,50,13,88,88,2,88,15,3,21,18,74,18,205.16761574074073,5.014467592592593,0,1,1,1,1,1,0,1,1,7,live_no_text,1,0,,,,,1,0,0,1,DeFi & Crypto Infrastructure,DeFi & crypto infrastructure,found,212,179.36467592592592,30,22,15,11,920.2561111111111,551.2705555555556,190.17333333333335,189.08527776620454,189.08527776620454,0.0,0.0,0.0,0.0,0.0,0.0,0.0,0,1.0,1.0,0.7916666666666666,1.0,1,0.08385527100000001,0.0023594104793484222,1,1,130.9673611111111,1,1,0,0,0,0,0,0,0,0.0,0.000597505110652728,0,0,0.0,0.0006215362399733341,1626,0.6725435697842133,0.6762065651332767,0.0830486788934753,0.0844515760325486,0.0036629953490634496,0.09870441804100454,0.03371967933466807,0.006714173117252099,0.08185768523214564,0.026684643944411238,0.00698421124677598,0.15,0.15818177769583333,0.15271117777916665,1.05,8,2,16,0.0,0.7248458303188858,14,0.0,0.7409126863709474,1,0,1,1,256
8,8-1477264,1,2026-09-30,Vanta,T008,1,0,0,30,0,0,0,0.028589080176122352,8.599386683828142,300.792702348303,0.028035137166493564,0.0281380249397187,0.028701925156041846,0.015902970602845064,0.0,0.0,0.0,0.0,0.0,121,27,30,0.6811584654855949,0.820598259131605,0.008264462809917356,,76,30,30,0.5422919993331844,0.7211892926288986,,,,,,,23,256,0.0,found,32,35,8,37,17,32,45,5,43,17,9,17,75,39,150,978.9782523148148,0.10221064814814815,0,1,1,1,1,1,0,1,1,7,live,1,0,,,,,1,0,0,1,Financial Markets & Investing,Finance & forecasting,found,9782,1113.1544791666668,129,70,51,33,1084.111111111111,551.2705555555556,,166.01416665509342,1084.111111111111,0.0,0.0,0.0,0.0,407.0,0.0,407.0,1,0.7666666666666667,0.7666666666666667,1.0,1.0,7,14.978955921999999,0.002742360431280394,1,1,155.0602662037037,1,0,1,0,0,0,0,0,0,0.658137768776339,0.09846708458781947,1,0,0.6692649126659823,0.10243229219007194,4307,0.6298897213473631,0.6381058520836858,0.1664286176894551,0.17300456724225813,0.008216130736322668,0.009065973641272552,0.14775029774487192,0.12940483382988688,0.011610804671760682,0.1511447038717289,0.13267111138193444,0.0005,0.0005047545791666667,0.0005059698208333334,0.03588351,65,53,19,0.0,0.31633993597861665,18,0.0,0.3741630481985105,1,0,0,1,256
9,9-1489797,1,2026-09-30,iota,T001,3,0,0,30,0,0,0,0.024086479613300942,7.245037292942099,300.792702348303,0.027170345450392975,0.029476114777942215,0.03207488272822639,-0.2019295956685019,0.07954701269045472,0.2203990077667792,0.025,0.33979986566021886,0.43333333333333335,2,2,30,0.7021066582077813,0.8178888628182654,0.0,,5,5,28,0.5017613616765972,0.6756164353324953,,,,,,,2,256,0.0,found,0,85,5,50,14,2,136,17,52,20,19,10,34,23,470,488.36988425925927,31.6453125,4,1,0,0,1,1,0,1,1,5,live,1,0,,,,,0,0,0,0,AI Training & Model Improvement,Training & optimisation,found,7674,941.0839351851852,25,12,42,9,1082.3704166666666,551.2705555555556,809.4461110995379,491.35847222222225,1082.3704166203709,0.0,0.0,0.0,0.0,-6.84487844,0.005141573414730182,-6.84487844,0,0.7625,0.7666666666666667,0.8833333333333333,1.0,6,17.455279215999994,0.002289932647493212,2,2,99.12099537037037,2,0,1,0,0,1,1,3,3,0.0,0.09136991402835845,0,0,0.0,0.095025805230055,5776,0.44761258900872003,0.45633960682705066,0.02606897812256526,0.027454926033745396,0.008727017818330641,0.0050507820736102734,0.017567340224935876,0.19451727690814072,0.003271844109166716,0.016741108354758758,0.19185318513674596,0.0005,0.0005000603875,0.00050209575,0.018234253,36,30,12,0.0,0.31338663064941663,13,0.0,0.4266073457064002,0,0,0,1,256
10,10-2869647,1,2026-09-30,Pareton,T010,1,0,0,30,0,0,0,0.006107216557905837,1.8370061722787983,300.792702348303,0.00691638996500774,0.007071111045002522,0.0067424023142235575,-0.14654650256842927,0.822437864728272,0.8797093044491097,1.0,1.0,1.0,19,13,27,0.3660994731139599,0.5806580857886928,0.0,,0,0,0,,,,,,,,,1,256,0.0,found,146,197,6,62,21,181,382,4,141,28,6,8,3,3,4,82.90761574074074,3.676886574074074,0,1,1,0,0,0,1,0,1,4,live,1,0,,,,,0,0,0,0,AI Optimization & Compression,Training & optimisation,found,498,100.30796296296296,28,10,5,4,881.3901388888889,551.2705555555556,52.649027777777775,67.26652777777778,67.26652777777778,0.0,2.99848963,-2.99848963,0.011394128500977563,-5.991016173,0.021062271606589602,-0.9922233030000012,1,0.825,0.9666666666666667,0.0,0.0,3,19.190016846000002,0.003787410163839216,0,0,,0,0,0,0,0,0,1,1,0,0.07439889969809863,0.0032278116702549845,0,0,0.13229488565333836,0.00354650020965368,2605,0.5203830997208057,0.5473891466249545,0.04482742225550513,0.05345855234654104,0.027006046904148925,0.13369768472773735,0.009936378313317501,0.14099297417013004,0.12486840538295522,0.007300854476917869,0.1328599120688369,0.0005,0.0005015296333333333,0.0005139634791666667,0.035992987,64,150,13,0.2454422793067521,0.29439225881734793,14,0.0025439242375548234,0.3781489240054678,0,0,0,1,256
11,11-2918568,1,2026-09-30,TrajectoryRL,T011,1,0,0,30,0,0,0,0.00773150734432312,2.325580987324703,300.792702348303,0.008296318621200307,0.007685469264490933,0.007734982997517514,0.005972405335627331,0.0,0.004166666666666667,0.004166666666666667,0.0,0.0,14,12,30,0.15110029586316767,0.28451882845188287,0.0,,10,7,30,0.2220138888888889,0.325,,,,,,,1,256,0.00390625,found,54,54,2,10,5,8,11,1,4,3,3,10,23,20,37,239.17599537037037,9.723078703703704,0,1,1,0,1,1,1,1,0,6,live,1,0,,,,,0,0,0,0,AI Agents & Automation,"Agents, data & search",found,116,5224.274722222222,0,0,1,1,874.5709722222222,551.2705555555556,245.3375,239.17347222222222,239.17347222222222,0.0,0.0,0.0,0.0,0.0,0.0,-137.05977079,0,0.9958333333333333,1.0,1.0,1.0,0,-11.453701339,0.0019983693736153503,0,0,,0,0,0,0,0,0,0,0,0,0.0,0.007634711181635439,0,0,0.0,0.007935552749578969,2381,0.6618465842018907,0.673538451206977,0.07849635255102834,0.08276097521579785,0.011691867005086272,0.17811669038190933,0.06043742332858057,0.1895718943691524,0.16602431596893039,0.053997607108652576,0.19691505285827102,0.02,0.02054049856666667,0.020223918920833337,3.346841988,156,140,9,0.7325519811961013,0.5041433847204384,7,0.8620396885158943,0.7799341672001086,1,0,0,1,256
12,12-2256433,1,2026-09-30,Compute Horde,T012,1,0,0,30,0,0,0,0.00473643337004818,1.424684592869472,300.792702348303,0.004785035596125566,0.004900992738863058,0.005018384035925883,-0.03415338546862082,0.9942083517089486,0.9942412078205962,1.0,0.9941069655382307,1.0,2,1,30,1.0,0.9999999999999981,1.0,2,2,1,30,1.0,0.9999999999999989,,,,,,,2,256,0.0,found,1,3,2,2,2,2,5,2,5,5,5,28,25,35,37,988.1355208333333,12.319398148148148,21,1,1,0,1,1,1,1,0,6,not_listed,0,0,,,,,1,0,0,1,"Compute, Storage & Network Infrastructure",Compute & inference,found,891,566.6878935185185,0,0,0,0,974.2784722222223,551.2705555555556,,,974.2784722222223,0.0,1.239277404,-1.239277404,0.006581213970862863,0.0,0.0,-1.239277404,0,0.0,0.7166666666666667,0.0,0.0,0,-1.392787013,0.0015972354116302611,0,0,,0,0,0,0,0,0,0,0,0,0.0,0.0006122493544822528,0,0,0.0,0.0006339082594869525,1803,0.8304164804738615,0.8378815648466088,0.464210259772223,0.4744010418956229,0.007465084372747278,0.6651888975166448,0.21344396070693647,0.26363732171254056,0.6469353192935482,0.20593153695248226,0.25854334441788146,0.0005,0.0005011861583333334,0.0005008220708333334,0.001863384,3,3,12,0.0,0.3797919682424185,12,0.0,0.38848127589770093,1,1,0,1,256
13,13-1907637,1,2026-09-30,Data Universe,T001,3,0,0,30,0,0,0,0.0047227864956745766,1.420579712648028,300.792702348303,0.005443391348782062,0.0059031539523630265,0.0061904427697491915,-0.22308779162103487,0.7063024339731783,0.7055045729677658,1.0,0.7117266371807394,1.0,350,164,30,0.01526277718354346,0.040289385925344125,0.9914285714285714,52,314,182,30,0.013706468239311546,0.039197213456700755,,,,,,,232,256,0.3984375,found,9,85,5,50,14,23,136,17,52,20,19,14,79,82,470,1037.791550925926,0.09686342592592592,199,1,1,1,1,1,1,0,1,7,live,1,0,,,,,1,1,1,1,Data & Database Construction,"Agents, data & search",found,7674,941.0839351851852,25,12,42,9,1024.1909722222222,551.2705555555556,809.4424999768507,,1024.1909722222222,0.0,0.0,0.0,0.0,0.0,0.0,0.0,0,1.0,1.0,1.0,1.0,0,-7.6741908610000005,0.0015970268361357577,1,1,325.05908564814814,1,0,1,0,0,0,1,3,0,0.0,0.015213499241149304,0,0,0.0,0.01576566764999262,3004,0.5940291040147734,0.6014465858469487,0.060614643419305295,0.06342172302390053,0.007417481832175249,0.007951562456137647,0.0467102004333177,0.11302710789441707,0.004681812494542141,0.0444432061468789,0.10661497563656389,0.001230484,0.002613745329166667,0.02640589775,3.682998203,769,1330,10,0.0,0.34822003982179695,11,0.0,0.33718694107466385,1,0,0,1,256
14,14-4848444,1,2026-09-30,Cacheon,T014,2,0,0,30,0,0,0,0.008912029721232543,2.68067350325793,300.792702348303,0.00919625947715515,0.00945592295778525,0.009924303731496168,-0.0592392950411015,0.0,0.004038240746012889,0.004166666666666667,0.8791666666666667,0.8791666666666667,31,13,30,0.1562871919908694,0.27651361942552766,0.0,,3,2,4,0.5551533180937982,0.6660622143863535,,,,,,,16,256,0.0,found,47,63,5,29,15,368,419,11,38,27,14,3,1,1,99,122.44553240740741,4.378078703703704,2,1,1,1,1,1,1,1,1,8,live,1,0,,,,,0,0,1,0,AI Optimization & Compression,Training & optimisation,found,676,167.3721875,8,8,6,6,604.2468055555555,551.2705555555556,528.6418055555556,142.38180555555556,526.3944444444444,0.0,0.0,0.0,0.0,-137.528725648,0.34191463207873396,-183.943473022,0,1.0,1.0,0.12083333333333333,0.6708333333333333,4,15.970799908,0.002883493668425628,1,1,137.4792476851852,1,1,0,0,0,0,1,3,1,0.22035856764919945,0.008364296370060541,0,0,0.6540912462154466,0.009338051176913375,2599,0.7727917888145117,0.7803335899044189,0.3266916559856124,0.33529072545195393,0.007541801089907225,0.02673201904562071,0.004179052794073791,0.2035897328614352,0.028711138894768683,0.0037983086444166253,0.2122173111996077,0.0005,0.0005050824708333334,0.0007658482416666667,0.040285392,75,373,8,0.5780618289131657,0.5038122238553409,8,0.4397344375228927,0.5283093424037939,1,1,0,1,256
15,15-7366897,1,2026-09-30,ORO,T015,1,0,0,30,0,0,0,0.023974989936622487,7.2115020118100475,300.792702348303,0.029279284666019794,0.03380851472808389,0.027071968751094,-0.34370148477099366,0.0,0.20404155011250016,0.20416666666666666,0.0,0.0,652,155,27,0.07273919582097717,0.12364295817047359,0.0,,716,117,30,0.07134898763334768,0.1287617524411689,,,,,,,83,256,0.1640625,found,73,73,6,74,23,23,25,3,25,12,6,7,18,22,21,242.93465277777779,0.9214699074074074,2,1,1,0,1,1,0,0,1,5,live,1,1,12,1,1,0,0,0,1,0,AI Agents & Automation,"Agents, data & search",found,2528,266.2041898148148,11,5,16,5,252.90319444444444,241.97541666666666,26.961944444444445,,252.90319444444444,0.0,0.0,0.0,0.0,0.0,0.0,0.0,0,0.7958333333333333,1.0,1.0,1.0,2,-103.308681222,0.012278559471403964,0,0,,0,0,0,0,0,0,1,1,0,0.0,0.0004610988713513876,0,0,0.0,0.0005216397492250972,2495,0.5811179686857566,0.5892693300126381,0.07926234415832867,0.08326147701808485,0.008151361326881499,0.28173759600561116,0.0981185310680211,0.17015234377524935,0.23017122875691273,0.08365275302873205,0.1830523452266752,0.193798939,0.31286357337083337,0.34829966222500003,495.067974486,1765,1805,12,0.0,0.23077889895136927,12,0.0,0.25156728100492487,1,1,1,1,256
16,16-8460646,1,2026-09-30,kenju,T016,1,0,0,30,0,0,0,0.0010505501554285486,0.3159978202037829,300.792702348303,0.0013711463345338144,0.0018081561742279168,0.002452083361267189,-0.5429936532877232,0.0,0.0,0.0,0.025,0.025,1,1,30,1.0,1.0,0.0,,1,1,30,1.0,1.0,,,,,,,1,18,0.0,not_listed,,,,,,,,,,,,,,,,,,,,,,,,,,,,not_listed,0,0,,,,,0,0,0,0,Miscellaneous,"Media, marketing & other",not_listed,,,,,,,100.75916666666667,100.74819444444445,50.60513888888889,15.660972222222222,15.660972222222222,0.0,0.0,0.0,0.0,-139.21158202700002,1.2195404134779062,-301.617533064,0,0.7166666666666667,0.7166666666666667,0.0,0.0,0,-1.394547836,0.056706019205014384,0,0,,0,0,0,0,0,0,0,0,0,0.25515408985893323,0.0,1,0,0.2854186802810623,0.0,698,0.5838128170401282,0.5922504751354922,0.06179519679701699,0.06514504983954775,0.008437658095364025,0.09652491163732545,0.03321435560603162,0.07384841742306546,0.29227326888717087,0.039662156287378056,0.09864419724557391,0.999999999,0.999999999,0.999999999,0.0,0,1,4,0.5215136125027505,0.39841094309736563,4,0.6207805617440311,0.4041221278369241,1,1,0,1,256
17,17-2840556,1,2026-09-30,404—GEN,T017,1,0,0,30,0,0,0,0.00877727367123054,2.6401398668200446,300.792702348303,0.009383819746714516,0.009607435870870524,0.009582095239108001,-0.09037152490986614,0.0,0.0,0.0,0.0,0.0,6,4,30,0.3050347222222222,0.42083333333333334,0.0,,4,4,30,0.2967013888888889,0.4,,,,,,,1,256,0.0,found,1,2073,30,26,28,2,1020,5,5,22,33,6,8,7,107,317.32484953703704,26.159351851851852,0,1,1,0,1,1,0,1,0,5,live,1,0,,,,,0,0,0,0,Media & Voice AI,"Media, marketing & other",found,4281,1391.362037037037,33,17,18,11,885.6227777777777,551.2705555555556,809.9091666550935,,885.6227777777777,0.0,0.0,0.0,0.0,-1.150019843,0.0031572781625021783,-1.150019843,0,1.0,1.0,1.0,1.0,3,106.72181151800001,0.006262943378098857,1,1,33.93644675925926,1,1,0,0,0,0,1,1,3,0.2184448573917676,0.08973208113263362,1,1,0.1735970410211965,0.08694435309681592,2285,0.7382141631624608,0.7506713465653316,0.10958489738135159,0.11645932926096007,0.01245718340287085,0.3010161206057419,0.11549686116616127,0.05574188018117116,0.29106633901974216,0.11322985953387862,0.05808169650929476,0.0005,0.0005028018166666667,0.0005048874666666667,0.0111202,18,28,16,0.2848343758515039,0.24027972188990174,12,0.33763013293262495,0.3089330885290373,1,0,0,1,256
18,18-1604679,1,2026-09-30,Zeus,T018,1,0,0,30,0,0,0,0.004072971147039102,1.2251199979045588,300.792702348303,0.0039542220763756205,0.004428869355314662,0.004659372187877332,-0.08377158226459067,0.018987888004630804,0.07470878493525863,0.0,0.175626396855417,0.0,38,30,30,0.41396790478342516,0.48440151096863476,1.0,36,34,27,30,0.45676665575347913,0.5295363972790909,,,,,,,22,257,0.01556420233463035,found,3,3,1,3,3,5,5,3,5,5,3,6,39,29,39,624.5586574074074,23.648923611111112,33,1,1,1,1,1,1,1,0,7,live,1,1,8,0,1,1,1,0,1,1,Forecasting & Prediction,Finance & forecasting,found,2486,709.0769444444444,6,4,14,8,1066.4119444444445,551.2705555555556,63.87375,554.43708332176,554.43708332176,0.0,0.0,0.0,0.0,0.0,0.0,0.0,0,1.0,1.0,1.0,1.0,0,-1.126865703,0.002318702392135765,1,1,345.70193287037034,3,1,0,0,0,0,1,1,1,0.631030014663845,0.06403930171769251,1,0,0.7013669117882348,0.06662008706130845,2582,0.5728826924876832,0.581670429498731,0.07067484043129055,0.07447876651772917,0.00878773701104786,0.34813718640911584,0.10148376500253604,0.05851842821013732,0.3150748289889088,0.09498607068795284,0.05970258949844633,0.999999999,1.0002736124833334,0.999999999,3.999999996,4,5,9,0.6093583792479422,0.39606503184041636,9,0.7890624803784217,0.4047638717195784,1,0,0,1,257
19,19-1956072,1,2026-09-30,blockmachine,T019,2,0,0,30,0,0,0,0.009046350846119117,2.7210763173950268,300.792702348303,0.009831078457225561,0.010643464662664413,0.010598382288953904,-0.16258460212614576,0.0,0.0,0.0,0.22919692968328795,0.31666666666666665,38,37,30,0.16417239533265052,0.3193707398643203,0.02631578947368421,,80,47,30,0.18542993632663782,0.3241245485791726,,,,,,,31,256,0.0,found,0,162,6,74,23,0,125,11,62,19,15,3,2,1,31,254.19825231481482,65.91659722222222,0,1,1,1,1,1,1,1,0,7,live,1,1,36,1,0,1,1,0,1,1,DeFi & Crypto Infrastructure,DeFi & crypto infrastructure,found,1027,245.17216435185185,33,18,56,24,1017.4569444444444,551.2705555555556,249.1245833217601,248.74958333333333,248.74958333333333,0.0,408.476110158,-408.476110158,1.05785115740881,-497.81094357399996,1.2087495495389067,-1533.51139271,0,1.0,1.0,0.9958333333333333,1.0,3,-36.52234966899998,0.004530408606125472,0,0,,0,0,0,0,0,0,1,2,0,0.3688483931144428,0.02775380646076217,1,0,0.3834121448100996,0.02892604388596904,2746,0.5529141981142418,0.5607352130337476,0.05542675521633936,0.058212215566250745,0.007821014919505766,0.10981000150723895,0.04441158745430588,0.16604567480570062,0.11178638011717422,0.04451141849472764,0.1717739085330581,0.999999999,1.0004788769083333,0.5585881917958333,9.99999999,10,52,10,0.5176588024802289,0.3132534690577197,10,0.5043676108996795,0.30694494504486874,0,0,0,1,256
20,20-1970929,1,2026-09-30,Witness,T020,1,0,0,30,0,0,0,0.002285743020384568,0.6875348199752465,300.792702348303,0.0025575015476774553,0.002800725619106375,0.0028256080728154267,-0.20318738876483136,0.0,0.8557245487007701,0.9791666666666666,0.8291666666666667,0.8291666666666667,7,4,18,0.6575048978318777,0.7899966683765473,1.0,5,1,1,6,1.0,1.0,,,,,,,1,256,0.01953125,found,20,20,1,0,3,0,0,0,0,0,1,1,0,0,0,23.490729166666668,0.5866666666666667,0,1,0,0,1,1,0,0,0,3,live,1,0,,,,,0,0,0,0,AI Training & Model Improvement,Training & optimisation,not_listed,,,,,,,1015.3913888888889,551.2705555555556,47.38652777777778,21.19972222222222,21.19972222222222,0.0,0.0,0.0,0.0,-1.513510535,0.013538623891488298,-6.427155915,0,0.48333333333333334,0.7166666666666667,0.0,0.0,0,-0.727855733,0.0017675502608287628,0,0,,0,0,0,0,0,0,0,0,0,0.5195785107520128,0.08324034936377404,0,0,0.7166911084690272,0.10875948983760719,1619,0.685116970186526,0.6875412900613033,0.250988812190881,0.2533894003123428,0.0024243198747772956,0.4749093597373826,0.14571423954733256,0.23849747449994735,0.4031042622592768,0.13802394171294013,0.23429442256737343,0.2,0.1307807261875,0.0005036150416666667,2.900737911,144,108,12,0.5400020522143723,0.3947055729873814,11,0.39745356241973506,0.27776462421506276,1,0,0,1,256
21,21-3156578,1,2026-09-30,AdTAO,T021,1,0,0,30,0,0,0,0.003430479612038198,1.0318632328557278,300.792702348303,0.0034700432004054083,0.003765313528246508,0.0034867560974174974,-0.0931310522340886,0.0,0.07132795451907441,0.0,0.35187319179143134,0.008333333333333333,46,43,30,0.10194253417661212,0.17908091984128793,0.0,,152,37,30,0.09626307702560946,0.242787883131525,,,,,,,20,256,0.00390625,found,81,81,1,0,20,169,169,2,4,25,2,3,3,1,3,233.5654976851852,6.832800925925926,3,1,1,1,1,1,1,1,0,7,live,1,1,,0,0,0,1,1,0,1,"Marketing, Sales & Commerce","Media, marketing & other",found,375,4695.628402777777,0,0,0,0,841.2926388888889,551.2705555555556,189.52,116.27652776620454,187.38819444444445,0.0,0.200458464,-0.200458464,0.0014614922431854607,-0.149799721,0.0011105798576204035,-0.430470487,0,1.0,1.0,0.9958333333333333,1.0,0,-1.101782215,0.0018354167419452746,0,0,,0,0,0,0,0,0,0,0,0,0.0,0.0012143009374409573,0,0,0.0,0.0009956115443131909,2145,0.3924418413668964,0.3996615449150902,0.021307368277627612,0.02225505743906245,0.007219703548193805,0.0003241110820645402,0.0001143040569879994,0.13707620845112936,0.00039681770746946966,0.0002138844102105967,0.1412223155486995,0.1,0.10017507497916668,0.10071461119583333,2.0,20,34,49,0.0,0.40546999517042426,20,0.0,0.4016628701307606,1,0,0,1,256
22,22-2009702,1,2026-09-30,Desearch,T022,1,0,0,30,0,0,0,0.0029442852576813034,0.8856195191422289,300.792702348303,0.0031272369210476035,0.003130404781008021,0.003313144724736795,-0.06129622843083435,1.0,0.59149675090448,1.0,0.5224805046726639,1.0,168,17,26,0.14637541685115793,0.21431615118023883,1.0,19,174,25,30,0.11993989127542265,0.15744974817696203,,,,,,,0,256,0.22265625,found,187,209,3,15,22,4,4,1,0,1,3,12,336,47,368,1020.4025694444445,0.3510185185185185,7,1,1,1,1,1,1,1,1,8,live,1,1,20,1,0,0,1,1,0,1,Search & Knowledge Retrieval,"Agents, data & search",found,1716,624.1606944444444,29,19,12,12,1009.9955555555556,551.2705555555556,518.7122222222222,309.33722222222224,1009.9955555439823,0.0,0.0,0.0,0.0,0.0,0.0,0.0,0,0.85,1.0,1.0,1.0,0,-0.956078445,0.001647790436799463,3,2,345.6746527777778,4,2,0,1,0,0,0,0,0,0.4859672237857448,0.12383736644495744,1,0,0.5199441407477225,0.12834013371765018,2023,0.7562143427196456,0.7613689886443888,0.21959489716636074,0.2241264544899049,0.00515464592474329,0.20564297589825956,0.16717541500955455,0.20481411624391335,0.19645922747358557,0.1619322985190869,0.2034703698703578,0.000589719,0.000523755925,0.0005320417833333333,0.120005788,197,97,11,0.0,0.5591364141179987,10,0.0,0.5194913197562022,1,0,0,1,256
23,23-2063528,1,2026-09-30,Trishool,T023,1,0,0,30,0,0,0,0.0054051144360286905,1.6258189777148937,300.792702348303,0.004454789121550408,0.004099357731083848,0.00440661892547997,0.2765153126362088,0.7999975592829287,0.8008710832315652,1.0,0.8043826452621337,0.8875,5,5,30,0.242037400165009,0.2828299437887425,0.0,,7,4,17,0.3708901523373556,0.539918562201628,,,,,,,1,256,0.0,found,42,42,2,8,10,24,25,2,5,6,2,3,2,4,4,195.70555555555555,0.2623726851851852,0,1,0,1,1,1,1,1,1,7,live,1,1,7,0,0,0,0,0,0,0,"Cybersecurity, Authenticity & Verification",Security & verification,found,1316,310.39859953703706,17,12,30,23,1002.1816666666666,551.2705555555556,197.49847222222223,301.4165277662045,301.4165277662045,0.0,0.0,0.0,0.0,0.0,0.0,0.0,0,1.0,1.0,0.5291666666666667,1.0,0,-9.064106859999999,0.001691622736402184,2,2,96.3477662037037,2,1,0,1,0,0,0,0,0,0.5278854910811429,0.13846208932021037,1,0,0.5968456419310803,0.16068715966321745,2112,0.6471569286503572,0.6566899104077097,0.07133991670337511,0.0751339445901364,0.009532981757352498,0.32369922051174205,0.004229083390544457,0.19705111674017672,0.35476019196375874,0.0038772824171465796,0.1922421803672874,0.1,0.1,0.10011795145833333,0.7,7,10,14,0.38764937770501234,0.24096862882756925,14,0.36125621528226354,0.24877151868473918,1,0,0,1,256
24,24-2538424,1,2026-09-30,Quasar,T024,2,0,0,30,0,1,1,0.0048982870392389015,1.4733689954103373,300.792702348303,0.004534914422895284,0.003997648843440377,0.004059272979670856,0.20317916100488861,1.0,1.0,1.0,0.8791666666666667,0.8791666666666667,0,0,0,,,,,4,4,4,0.3140500058874643,0.3814435159543206,,,,,,,0,256,0.0,found,0,0,0,0,0,0,0,0,0,0,1,1,13,13,50,387.8536921296296,96.6156712962963,0,1,1,0,1,1,1,0,0,5,dead,0,0,,,,,0,0,0,0,AI Training & Model Improvement,Training & optimisation,found,2705,311.02342592592595,0,0,2,1,934.0813888888889,551.2705555555556,44.49069444444444,281.5019444328712,281.51125,0.0,0.0,0.0,0.0,0.0,0.0,0.0,0,0.0,1.0,0.12083333333333333,1.0,1,23.952351546000003,0.0024352640302241694,1,1,162.34949074074075,1,0,0,1,0,0,0,0,0,0.7240349154194704,0.0,1,0,0.8908999554685652,0.0,2601,0.48815220746144233,0.5051702258297367,0.031096025628320794,0.034089732392747006,0.01701801836829439,0.06868556522027952,0.03439489355295154,0.12046156747155555,0.06332556765120485,0.028990236135222697,0.10971371291021191,0.0005,0.0005056307125,0.0005004915875,0.087622761,175,10,9,0.0,0.621809857614522,9,0.055404275687805454,0.5967043842982953,1,0,0,1,256
25,25-2998801,1,2026-09-30,UR,T025,1,0,0,30,0,1,1,0.006781068089110738,2.039695795331462,300.792702348303,0.008628376387748033,0.009240169154944909,0.010396835761464366,-0.3094255674862471,1.0,1.0,1.0,1.0,1.0,0,0,0,,,,,0,0,0,,,,,,,,,0,256,0.4140625,found,1459,1459,4,0,30,56,636,4,4,28,9,3,3,2,4,115.10038194444445,0.0036805555555555554,0,1,1,0,1,1,1,1,0,6,live,1,1,,0,0,0,0,0,1,1,"Compute, Storage & Network Infrastructure",Compute & inference,found,4098,866.0083449074074,18,9,13,2,863.3856944444444,551.2705555555556,23.54652777777778,43.27916666666667,43.27916666666667,0.0,0.0,0.0,0.0,-0.456076961,0.0012853933536825454,-0.456076961,0,0.0,0.7166666666666667,0.0,0.0,1,0.2384483240000009,0.0015870675159098452,0,0,,0,0,0,0,0,0,1,1,0,0.7325903299899927,0.18827660216409825,1,0,0.0,0.05522903737697327,1985,0.5931298644331984,0.6010845387223164,0.08372559778962711,0.08765991653372175,0.007954674289117973,0.24886180232094823,0.12360741064591912,0.16761935651994436,0.0164868373154463,0.1206211282398532,0.1586809826929834,0.0005,0.0005192516958333333,0.0005137173875,0.17697502,331,175,14,0.12440234167796668,0.3269376074906218,15,0.0,0.38391011261190083,0,0,0,1,256
26,26-8123781,1,2026-09-30,Perturb,T026,1,0,0,30,0,0,0,0.0023331249767430495,0.7017869666708635,300.792702348303,0.0033734796121459207,0.0039334150436056686,0.00414262627207669,-0.5222994556672317,0.9005713516380638,0.27415332168845147,0.30416666666666664,0.20707182509553,0.4125,18,18,30,0.3489695211428476,0.5467101622298889,0.2222222222222222,,41,31,30,0.38855422347096785,0.5814684270221964,,,,,,,4,256,0.0,found,12,12,1,6,4,11,11,1,8,5,1,1,5,20,5,161.6731712962963,2.4759953703703705,0,1,0,0,1,1,1,1,0,5,live,1,1,,0,0,1,0,0,1,1,"Cybersecurity, Authenticity & Verification",Security & verification,found,235,141.92003472222223,6,6,3,3,147.58375,147.57833333333335,,,147.58375,0.0,0.150009469,-0.150009469,0.0012298643608272463,-0.100015108,0.0006457816209087944,-0.349241513,0,1.0,1.0,0.675,0.675,0,-13.726986704999998,0.017673537162999634,1,1,133.3330787037037,1,0,0,1,0,0,0,0,0,0.0,0.018689011842249758,0,0,0.0,0.027066411079450268,974,0.7975149618581564,0.8172086478674505,0.0979034746731479,0.10718874270324265,0.019693686009294126,0.14749437976582483,0.0004116938492335433,0.07060739277555646,0.05517342732804738,0.0008184846460993211,0.06471027430622132,0.1,0.10005195645833334,0.10015248220416667,1.121707967,11,26,8,0.8339316193380426,0.6214078462940992,6,0.9440447672551564,0.7158728496949083,1,1,0,1,256
27,27-1727132,1,2026-09-30,Orion,T024,2,0,0,30,0,1,1,0.0021903491988494116,0.6588410546083551,300.792702348303,0.002370078407494209,0.0025395133191998182,0.002473721195292804,-0.14791147341053074,1.0,1.0,1.0,1.0,1.0,0,0,0,,,,,0,0,0,,,,,,,,,0,256,0.0,found,0,0,0,0,0,0,0,0,0,0,1,1,2,0,50,82.69695601851852,68.0697800925926,0,1,1,0,1,1,1,0,0,5,dead,0,0,,,,,0,0,0,0,Data & Database Construction,"Agents, data & search",not_listed,,,,,,,1049.2840277777777,551.2705555555556,30.345,80.28361111111111,80.28361111111111,0.0,0.0,0.0,0.0,0.0,0.0,-0.570602699,0,0.0,0.7166666666666667,0.0,0.0,0,-0.6138284009999999,0.0016305397132992294,0,0,,0,0,0,0,0,0,0,0,0,0.0,0.004735092205126827,0,0,0.0,0.00490659388578657,1749,0.4213790951955435,0.42541046340801214,0.025422030603245854,0.02608376989846123,0.004031368212468625,0.04262523518514108,0.01165017723320133,0.22184638066232357,0.022917062252133184,0.005552533004356222,0.2150308263603363,0.0005,0.0005014242833333333,0.0005052317958333333,0.022622761,45,145,15,0.0,0.22215977940943318,15,0.00011852479261674534,0.21341766218105512,0,0,0,1,256
28,28-4878363,1,2026-09-30,SayGM,T019,2,0,0,30,0,0,0,0.0204237369557451,6.143311030969472,300.792702348303,0.021123326380478643,0.01842647410237993,0.01708792031795046,0.10290936025029108,0.16510400571860373,0.16350891735346523,0.0125,0.25070692535179356,0.17083333333333334,115,61,30,0.09756294583513576,0.27680984887138216,0.0,,82,33,30,0.13285237899307406,0.2787070345623532,,,,,,,66,256,0.0,found,99,162,6,74,23,96,125,11,62,19,15,4,2,3,31,137.67800925925926,2.5987037037037037,60,1,1,1,1,1,1,1,0,7,live,1,0,,,,,1,0,0,1,AI Inference & Model Serving,Compute & inference,found,1321,126.23313657407408,95,40,51,24,600.0576388888888,551.2705555555556,127.9251388888889,,600.0576388888888,0.0,0.0,0.0,0.0,0.0,0.0,0.0,0,1.0,1.0,0.9958333333333333,1.0,9,187.09495677499987,0.005903351637574164,1,1,124.0902662037037,1,1,0,0,0,0,1,2,2,0.02750078318623994,0.06018418497552293,1,0,0.03684266596592207,0.0728074422399083,2738,0.560428502697984,0.5706761815996962,0.04545545923235101,0.048338854309101544,0.010247678901712215,0.3082092931732741,0.029273653520969056,0.22789785082284456,0.3002457313570468,0.022748899964010177,0.23324786282028018,0.1,0.10045029305,0.10069943576666666,7.303591275,65,72,13,0.5962892352527845,0.556766998876574,13,0.6067866637860353,0.4125672050751285,1,0,0,1,256
29,29-3379782,1,2026-09-30,hoτfloaτ,T014,2,0,0,30,0,0,0,0.002801311873457147,0.8426141685375627,300.792702348303,0.002790799820377111,0.0027888437291290176,0.0030355807966349416,0.004460757763876772,0.0,0.0,0.0,0.0,0.0,1,1,30,1.0,1.0,0.0,,1,1,30,1.0,1.0,,,,,,,1,256,0.0,found,0,0,0,0,0,0,0,0,0,0,0,5,0,0,7,104.66944444444445,107.27577546296297,0,1,1,1,1,1,0,1,1,7,live,1,0,,,,,0,0,0,0,AI Optimization & Compression,Training & optimisation,found,676,167.3721875,8,8,6,6,809.0229166666667,551.2705555555556,,101.0963888888889,809.0229166319442,0.0,0.0,0.0,0.0,0.0,0.0,0.0,0,0.0125,0.0125,0.0,0.0,0,-1.0363086719999999,0.001677472182253763,0,0,,0,0,0,0,0,0,0,0,0,0.0,0.0005200654934776247,0,0,0.0,0.0005392031301432499,1489,0.9056159626932294,0.9189502667327498,0.3429940830153636,0.35528162023525317,0.013334304039520357,0.0015184153997929717,0.18563287837459616,0.10033916189521447,0.010075463081601694,0.17941133040931245,0.10403149381834098,0.0005,0.0005,0.0005,0.0005,1,0,13,0.0,0.5907610946549425,12,0.0,0.6219783658538116,1,0,0,1,256
30,30-3250216,1,2026-09-30,Endure Network,T030,1,0,0,30,0,1,1,0.003230350723496431,0.9716659236532873,300.792702348303,0.0035590443345965904,0.0038414359123499996,0.003822852162287664,-0.17325551774531553,1.0,1.0,1.0,1.0,1.0,0,0,0,,,,,0,0,0,,,,,,,,,0,256,0.0078125,not_listed,,,,,,,,,,,,,,,,,,,,,,,,,,,,live,1,1,,0,0,0,0,0,0,0,DeFi & Crypto Infrastructure,DeFi & crypto infrastructure,found,625,162.25001157407408,20,20,13,13,828.23625,551.2705555555556,184.20930555555555,121.42847222222223,121.42847222222223,0.0,0.0,0.0,0.0,0.0,0.0,0.0,0,0.0,0.7166666666666667,0.0,0.0,0,-0.9164605130000001,0.001662418691707673,0,0,,0,0,0,0,0,0,0,0,0,0.0,0.0008212173111414174,0,0,0.0,0.000851658453436793,1601,0.551120333084238,0.5540312519390346,0.06612992864958372,0.06741377788135522,0.0029109188547965167,0.023932644040972683,0.00010884108585943777,0.1415893346826473,0.00043453440608884504,0.00020016862424553235,0.13163945905955093,0.0005,0.0005018289458333334,0.0005053473166666667,0.013489006,23,163,13,0.005461225650898411,0.4983965674002525,13,0.0,0.48426837723580757,0,0,0,1,256
31,31-7173591,1,2026-09-30,rec4ll,T031,1,0,0,30,0,1,1,0.0040763356226253215,1.2261320076081228,300.792702348303,0.004232740224691017,0.004910242330928754,0.004851269363085283,-0.18612484201185292,1.0,1.0,1.0,1.0,1.0,0,0,0,,,,,0,0,0,,,,,,,,,0,256,0.0,not_listed,,,,,,,,,,,,,,,,,,,,,,,,,,,,not_listed,0,0,,,,,0,0,0,0,Search & Knowledge Retrieval,"Agents, data & search",not_listed,,,,,,,279.7629166666667,272.71486111111113,192.3094444328712,110.73666666666666,110.73666666666666,0.0,0.0,0.0,0.0,0.0,0.0,0.0,0,0.0,0.7166666666666667,0.0,0.0,0,-10.826656816,0.00886072998193487,0,0,,0,0,0,0,0,0,0,0,0,0.9865261686083839,0.2284666131793524,1,1,0.8537338413851375,0.18973446936611388,1161,0.8396676534944597,0.8421622702855432,0.3019870117347688,0.3045829607440266,0.0024946167910835236,0.5406249422707817,0.23122547416097006,0.3424690054866903,0.4966825795264491,0.2217808419175486,0.33564675395090865,0.5,0.5,0.12953758174583332,0.0,0,8,16,0.45765783846322894,0.28711545444660064,16,0.4306631077894278,0.2857206119504644,1,0,0,1,256
32,32-2515294,1,2026-09-30,ItsAI,T032,1,0,0,30,0,0,0,0.0027365538192247883,0.8231354184061935,300.792702348303,0.00291499301873987,0.003099183541508544,0.003184055879532559,-0.12443930451164767,0.0,0.0,0.0,0.0,0.0,559,22,30,0.10381375601533444,0.1813114993793872,0.9928443649373881,17,454,24,30,0.15758975779217127,0.32748394472794584,,,,,,,240,256,0.23046875,found,0,0,0,0,0,0,0,0,0,0,2,4,50,27,50,937.4404050925926,69.25800925925925,0,1,1,1,1,1,1,1,0,7,live,1,0,,,,,1,0,0,1,"Cybersecurity, Authenticity & Verification",Security & verification,found,1786,936.5784606481482,3,2,3,3,937.4420833333334,551.2705555555556,808.6398610879619,,937.4420833333334,0.0,0.0,0.0,0.0,0.0,0.0,0.0,0,1.0,1.0,1.0,1.0,0,-0.8768752240000001,0.0019640686484956225,2,2,212.27502314814814,2,0,0,1,1,0,0,0,0,0.6651594891835786,0.10353134546187621,1,0,0.7098758693550931,0.10720782642697844,2152,0.7030366229729305,0.7100495576930616,0.09331342830973492,0.0969908481515269,0.0070129347201310635,0.024572958457130034,0.1472080266004343,0.002842704458261388,0.013655864688633923,0.14283331026642854,0.0029436511694585325,0.034913182,0.022573268733333332,0.0125915777375,36.20212155,1798,1647,5,0.0,0.6829960480574769,54,0.0,0.7001530458179607,1,0,0,1,256
33,33-2943950,1,2026-09-30,ReadyAI,T033,1,0,0,30,0,0,0,0.003964446827170417,1.1924766744607456,300.792702348303,0.004521494584909277,0.004938953587269151,0.005411942147108607,-0.2197871529230861,0.0,0.0,0.0,0.0,0.0,724,78,30,0.04715763544123898,0.06480441243659484,1.0,1,547,85,30,0.0956555233556099,0.11327616453265994,,,,,,,243,256,0.234375,found,4,4,2,2,3,10,10,1,2,5,2,20,23,34,23,877.0029513888888,6.444710648148148,0,1,1,1,1,1,1,1,0,7,not_listed,0,0,,,,,0,1,0,1,Data & Database Construction,"Agents, data & search",not_listed,,,,,,,871.0294444444445,551.2705555555556,808.8015277314821,,871.0294444444445,17.07,0.0,17.07,0.0,0.0,0.0,26.32,1,1.0,1.0,1.0,1.0,0,-4.941335302000001,0.0024313170106143598,0,0,,0,0,0,0,0,0,0,0,0,0.3716770717571154,0.025404863837079565,1,0,0.3112657526115741,0.02642342463487178,2588,0.5574114077135398,0.5681962476271087,0.07625353221906504,0.08059494777805555,0.010784839913568971,0.039444832925087076,0.049242088236329425,0.10763062758757326,0.0358069466606753,0.06115657086538191,0.11121305717153572,0.054299717,0.07845114923333334,0.06210968628333333,125.975863498,1800,1801,10,0.0,0.25181016104840853,8,0.0,0.27747636994053976,0,0,0,1,256
34,34-3493948,1,2026-09-30,BitMind,T034,1,0,0,30,0,0,0,0.011830894435677216,3.558646708504851,300.792702348303,0.011826292794315314,0.012100702229738082,0.01222938181808241,-0.022549203890614898,0.0,0.1325923382032973,0.15416666666666667,0.0,0.0,313,90,30,0.13681252586895024,0.2868662268318341,0.6837060702875399,45,133,24,30,0.3289763799983377,0.40303157768938747,,,,,,,112,256,0.02734375,found,97,174,2,67,25,8,67,1,26,9,2,5,49,30,55,841.21875,2.1121412037037035,75,1,1,1,1,1,1,1,0,7,live,1,1,21,1,0,1,1,0,1,1,"Cybersecurity, Authenticity & Verification",Security & verification,found,3158,491.1927199074074,0,0,21,14,793.0341666666667,551.2705555555556,,,793.0341665972218,0.0,0.0,0.0,0.0,0.0,0.0,0.0,0,0.7708333333333334,0.7708333333333334,1.0,1.0,5,-6.407398856000004,0.0021189935485361414,1,1,176.63931712962963,1,0,0,0,1,0,0,0,1,0.844178724896606,0.02262976153939495,0,1,0.8447336037062738,0.024162277427151484,4046,0.575001399336855,0.5844803885892216,0.04340788986477829,0.045653879515694065,0.009478989252366574,0.6639580455511456,0.012095000496738147,0.062408918836570015,0.6390793972533769,0.013314335599868667,0.06476697835056129,0.5,0.5039467382125,0.50232208555,82.379243553,161,39,7,0.9620793204423206,0.9121189826912042,8,0.9532643313434901,0.8957226016278846,1,0,0,1,256
35,35-9046691,1,2026-09-30,,T035,1,1,1,20,0,0,0,0.003119068026468732,0.9381929004897183,300.792702348303,0.0044073709510364266,,,,0.0,0.0,0.0,,,1,1,19,1.0,1.0,0.0,,,,,,,,,,,,,1,5,0.0,not_listed,,,,,,,,,,,,,,,,,,,,,,,,,,,,not_listed,0,0,,,,,0,0,0,0,Miscellaneous,"Media, marketing & other",not_listed,,,,,,,19.15013888888889,18.86402777777778,,,19.15013888888889,330.0,590.094571377,-260.09457137699997,2.8292205147092258,,,-260.09457137699997,1,0.0,0.0,,,0,-1.5184133960000001,0.09565288462114967,0,0,,0,0,0,0,0,0,0,0,0,0.0,0.0,0,0,,,192,0.8606592360375301,0.860659236044437,0.18855294899406963,0.18855294899936875,6.906863720633591e-12,0.006984847820862661,0.0015049531016124707,0.0,,,,0.999999,0.9776911205555555,,,4,,3,0.7519674107924731,0.5931799211969001,,,,1,1,0,1,256
36,36-8884359,1,2026-09-30,Epago,T036,1,0,0,30,0,0,0,0.0038945904366883733,1.1714643819913533,300.792702348303,0.016038651537267763,0.0052812952097675515,0.005269922321432429,-0.3045828497648921,0.0,0.5517348525223925,0.5647058823529412,,,2,2,15,0.9438099306310443,0.9710678988378663,0.0,,0,0,0,,,,,,,,,1,29,0.0,found,41,41,2,13,8,0,0,0,0,0,2,2,0,0,0,26.279907407407407,9.444976851851852,0,1,1,0,1,1,1,0,0,5,live,1,1,30,1,0,1,0,0,0,0,AI Training & Model Improvement,Training & optimisation,found,10,27.23115740740741,12,7,0,0,41.709722222222226,21.235694444444444,,,41.709722222222226,1050.0,599.710499905,450.289500095,1.5150706397307359,0.0,,450.289500095,1,0.0,0.0125,0.0,0.0,0,-1.594155717,0.10361116422022487,0,0,,0,0,0,0,0,0,0,0,0,0.9566074768166447,0.22158329429741036,0,0,,0.0,150,0.9511189472171697,0.9544240647963889,0.5790205847621595,0.5840395285094057,0.003305117579219086,0.5639451211858089,0.2316344996955128,0.13991826643788985,,0.0,0.0,0.099999999,0.7236172370125,0.999999999,21.108583581,26,2,3,0.5504536945055922,0.5140368509153135,3,,0.38598090574020305,1,1,0,1,256
37,37-3212175,1,2026-09-30,Aurelius,T037,1,0,0,30,0,1,1,0.0027267681610993137,0.8201919638543754,300.792702348303,0.003246748230349587,0.0038228446834733198,0.0037434026052359497,-0.3378777428674336,1.0,1.0,1.0,1.0,1.0,0,0,0,,,,,0,0,0,,,,,,,,,0,256,0.12890625,found,0,2,1,0,1,0,0,0,0,0,3,2,0,3,2,323.1120949074074,75.05528935185185,0,1,1,0,1,1,0,1,0,5,live,1,1,12,1,1,0,1,1,0,1,AI Training & Model Improvement,Training & optimisation,found,713,479.11167824074073,1,1,1,1,833.5395833333333,551.2705555555556,370.38069444444443,369.2673611111111,369.2673611111111,0.0,0.0,0.0,0.0,0.0,0.0,0.0,0,0.0,0.7166666666666667,0.0,0.0,0,-0.8001044740000001,0.0016146034343386651,1,1,350.6308217592593,1,0,0,0,1,0,0,0,0,0.0,0.007402884343505318,0,0,0.0,0.007672437602322722,1688,0.6655976576804923,0.6697533202931203,0.09644374975304315,0.09850162297675268,0.004155662612627959,0.009169046535330723,0.08562737035505555,0.22037091281038332,0.008023049756675919,0.08520012221952496,0.2134638747940819,0.000627564,0.0005077496333333333,0.0005,0.090405861,178,2,14,0.0,0.2801079944428153,13,0.0,0.2989038705844926,1,0,0,1,256
38,38-7284230,1,2026-09-30,ChronoLLM,T038,1,0,0,30,0,0,0,0.019724201835174215,5.93289597166541,300.792702348303,0.01221258698949051,0.007463869070063446,0.010390236719443712,0.9717724794162733,0.0,0.0,0.0,0.0,0.0,30,14,30,0.385481475075653,0.596731250637959,0.0,,37,13,30,0.16019979656878966,0.26000200538342516,,,,,,,10,256,0.01171875,found,6,6,1,3,4,14,14,2,5,9,3,4,1,5,1,113.4731712962963,8.705034722222223,0,1,1,0,1,1,1,1,0,6,live,1,0,,,,,1,0,1,1,AI Training & Model Improvement,Training & optimisation,found,537,286.1721527777778,15,6,3,3,264.3906944444444,257.38430555555556,116.32444444444444,86.19277776620454,112.09916665509343,0.0,0.0,0.0,0.0,0.0,0.0,0.0,0,1.0,1.0,1.0,1.0,2,60.76356202500001,0.01137738408640346,1,1,84.07976851851852,1,0,1,0,0,0,1,1,0,0.0895202144213176,0.011068952477438835,0,0,0.13878159883453192,0.015750078411006986,1407,0.6483783386017444,0.6559577937989293,0.07638737685055423,0.07984765567937932,0.007579455197184833,0.22376877623147814,0.12192699480764255,0.20328139700743209,0.26677359161164843,0.11223124384451555,0.2302390276623302,0.74,0.741079950325,0.74,11.917976872,16,35,7,0.8272306927461615,0.7375104495490286,11,0.8057583693632296,0.6785885347569722,0,0,0,1,256
39,39-3280104,1,2026-09-30,deprecated,T039,1,1,0,30,0,1,1,0.006980488105684185,2.0996798810189325,300.792702348303,0.007452253520290444,0.008362224633045945,0.007632652249430424,-0.18060565261797382,1.0,1.0,1.0,0.9291666666666667,0.9291666666666667,0,0,0,,,,,1,1,3,1.0,1.0,,,,,,,0,256,0.0,dead,,,,,,,,,,,,,,,,,,,,,,,,,,,,not_listed,0,0,,,,,0,0,0,0,Miscellaneous,"Media, marketing & other",not_listed,,,,,,,824.0669444444444,551.2705555555556,47.38916666666667,173.88027776620453,173.88027776620453,0.0,0.0,0.0,0.0,-0.49947069,0.0015404087290755695,-0.49947069,0,0.0,1.0,0.07083333333333333,1.0,0,-11.819660241000003,0.0014047862912461055,0,0,,0,0,0,0,0,0,0,0,0,0.0,0.0708190449458483,0,0,0.0,0.08465396737520416,1953,0.6686114953233652,0.672844020166853,0.07331180430231954,0.07498500256702505,0.004232524843487818,0.08853331458436678,0.003929242781565926,0.25942930140328513,0.17349796322823846,0.0038169857828422708,0.2539612729713106,0.0005,0.0005,0.0005014958958333333,0.002892757,5,15,11,0.20002246021667816,0.4461885827865333,11,0.1601348461327596,0.36713911549007744,0,0,0,1,256
40,40-8409860,1,2026-09-30,Ralph,T040,1,0,0,30,0,0,0,0.0026136999888170045,0.7861818827639961,300.792702348303,0.0036032327729693674,0.005384804673589512,0.006341813300598914,-0.7228141999405051,0.0,0.0,0.0,0.0,0.0,7,6,30,0.6348125010597401,0.7666666666666667,0.0,,1,1,30,1.0,1.0,,,,,,,1,256,0.0,found,19,23,1,5,7,163,163,1,12,21,9,1,0,0,3,75.23561342592592,14.032465277777778,0,1,0,0,1,1,1,0,0,4,live,1,0,,,,,0,0,0,1,AI Optimization & Compression,Training & optimisation,found,98,125.49484953703704,6,2,3,2,107.81791666666666,107.81652777777778,,,107.81791666666666,0.0,0.0,0.0,0.0,0.0,0.0,0.0,0,0.7708333333333334,0.7708333333333334,0.8833333333333333,0.8833333333333333,0,-13.635390393000002,0.0401248568913628,0,0,,0,0,0,0,0,0,0,0,0,0.10904027948769066,0.021552547430027262,1,0,0.1596847707950005,0.027434543830466982,734,0.863390999239435,0.8658133485309483,0.5367629200723191,0.5403100640339573,0.0024223492915133155,0.6407233198205633,0.19765675153520024,0.021477338366380154,0.512623017177774,0.1718043849384159,0.02733880914482141,0.99,0.9912347725708333,0.9964916073083334,1.98,2,9,7,0.62827457115189,0.47456999340248907,7,0.6061959547307559,0.42667753880066384,0,1,0,1,256
41,41-3394182,1,2026-09-30,Almanac,T041,1,0,0,30,0,0,0,0.0076688770272280255,2.3067422449967383,300.792702348303,0.005546420426011531,0.004870165691410164,0.00499250376126885,0.4540422342150479,0.0,0.05676160352692629,0.0,0.6926086672310097,0.9375,153,124,30,0.013190439606507181,0.020846058244222112,0.006535947712418301,,105,102,30,0.01489400399107658,0.035680539372001045,,,,,,,119,256,0.02734375,found,20,20,1,8,7,29,29,2,10,10,3,3,2,1,2,153.31677083333332,0.20976851851851852,0,1,0,0,1,1,0,1,0,4,live,1,0,,,,,0,0,0,0,Forecasting & Prediction,Finance & forecasting,found,2115,364.37278935185185,813,35,568,44,807.0129166666667,551.2705555555556,,58.93486111111111,252.19347222222223,0.0,0.0,0.0,0.0,0.0,0.0,0.0,0,1.0,1.0,1.0,1.0,1,173.344638884,0.006121232762221561,0,0,,0,0,0,0,0,0,0,0,0,0.5631450077191441,0.046297113154524235,1,0,0.6361130719298982,0.046035111972655,3015,0.5226356503923302,0.5303491378930807,0.05257995151785597,0.055384941018596145,0.007713487500750567,0.007216244610065716,0.07679896681902228,0.17723169873262892,0.01768976513049782,0.07088947483035517,0.17992847142533358,0.1,0.10043847612083333,0.100410129525,6.98514488,67,24,9,0.0,0.6329159860028156,9,0.0,0.5932184678107064,1,0,0,1,256
42,42-3613591,1,2026-09-30,Unknown,T042,1,1,0,30,0,1,1,0.002025484271436948,0.6092508875695033,300.792702348303,0.0023723217290657623,0.0025147420863261185,0.0026038606816330906,-0.21636142976835374,1.0,1.0,1.0,1.0,1.0,0,0,0,,,,,0,0,0,,,,,,,,,0,256,0.0,not_listed,,,,,,,,,,,,,,,,,,,,,,,,,,,,not_listed,0,0,,,,,0,0,0,0,Miscellaneous,"Media, marketing & other",not_listed,,,,,,,776.1548611111111,551.2705555555556,189.24541666666667,188.36388888888888,188.36388888888888,0.0,0.0,0.0,0.0,0.0,0.0,0.0,0,0.0,0.7166666666666667,0.0,0.0,0,-0.605289558,0.0018179222809235202,0,0,,0,0,0,0,0,0,0,0,0,0.0,0.0009419052389970878,0,0,0.0,0.0009784661360845261,1923,0.573300011286597,0.5925486523408179,0.049050456894644226,0.054801668183890796,0.019248641054220857,0.0663001290467516,0.04618948576196941,0.09966264224710092,0.04150230096967567,0.04007666481093929,0.0876139475460005,0.0005,0.0005055572083333333,0.0005021416416666666,0.086621563,173,12,13,0.0,0.15639709351826694,13,0.0,0.175614538471306,0,0,0,1,256
43,43-3408582,1,2026-09-30,Graphite,T043,1,0,0,30,0,0,0,0.003961054101631947,1.191456167377703,300.792702348303,0.0044040177475811884,0.004688314952151022,0.005162226448853016,-0.16856305551849585,0.7999003666918725,0.8006451903318521,1.0,0.8065370851351569,1.0,12,10,30,0.39831362257384983,0.5454950059720695,0.0,,31,22,30,0.39241568201329197,0.4702902365207314,,,,,,,5,256,0.0,found,0,0,0,0,0,0,0,0,0,0,0,6,14,19,14,803.3745023148148,353.3397685185185,0,1,1,1,1,1,1,1,0,7,not_listed,0,0,,,,,0,0,0,0,Scientific & Technical Problem Solving,Science & robotics,found,689,800.5443634259259,0,0,0,0,805.0009722222222,551.2705555555556,,,805.0009722222222,0.0,0.0,0.0,0.0,0.0,0.0,0.0,0,0.7166666666666667,0.7166666666666667,0.0,0.0,0,-1.325768959,0.0018512793078579335,0,0,,0,0,0,0,0,0,0,0,0,0.0,0.0005644466720749758,0,0,0.0,0.0005851097340801976,1958,0.9144256106931733,0.9192128237195407,0.3120652158547447,0.31630634129659946,0.004787213026367422,0.8721348783001314,0.03686032242932949,0.15946187303873466,0.7815001705882818,0.028674698839635485,0.15327168390363402,0.1,0.1,0.10000002588750001,0.5,5,17,11,0.9864124781181882,0.8702077570971539,10,0.9812735657587212,0.8832379845215681,1,0,0,1,256
44,44-3550319,1,2026-09-30,Score,T044,1,0,0,30,0,0,0,0.03271448431164304,9.840278142030273,300.792702348303,0.03688977496022409,0.03850288357981927,0.040366274892745614,-0.1629152115240564,0.0,0.01803718006218939,0.0,0.003115024301223457,0.0,118,45,30,0.15226013566743785,0.30956459104334405,0.3559322033898305,,103,43,30,0.14228257355644305,0.3082959089208234,,,,,,,10,256,0.04296875,found,10,10,1,0,7,39,50,2,6,18,2,5,6,20,34,390.6201967592593,1.9005208333333334,0,1,0,0,1,1,0,0,0,3,live,1,0,,,,,0,0,0,1,Media & Voice AI,"Media, marketing & other",found,9903,797.9938194444444,73,46,63,29,785.1705555555556,551.2705555555556,498.4659722222222,372.08666666666664,785.1705555324063,0.0,0.0,0.0,0.0,0.0,0.0,0.0,0,1.0,1.0,1.0,1.0,8,38.18822359599999,0.003421321552257445,2,2,303.59024305555556,2,0,1,0,1,0,1,2,2,0.29594912843986493,0.04039681312398917,1,0,0.3377620986437388,0.04209639276628907,6265,0.31185671822860633,0.33717704326853737,0.017748304343030163,0.023262101716564787,0.025320325039931042,0.08899394630699185,0.05227789862944281,0.0835030521709789,0.07608583529766876,0.04773336493029306,0.08671534369612917,0.05,0.029764544091666668,0.0019299563291666666,14.999292789,724,441,10,0.0,0.16864378163481655,9,0.0,0.20742811493196037,0,0,0,2,256
45,45-3633154,1,2026-09-30,AlphaRidge.ai,T045,1,0,0,30,0,0,0,0.002589222341266437,0.7788191850101316,300.792702348303,0.0025291294969842005,0.0025918280265404105,0.002651534310688009,-0.001005852214776308,0.7704465051647276,0.6304334324862187,0.9291666666666667,0.505598013032189,0.6041666666666666,500,49,30,0.15371141408400768,0.26617221059049917,1.0,26,590,44,30,0.104149998266343,0.20024538876424483,,,,,,,235,256,0.234375,found,72,92,1,0,19,20,24,2,0,8,2,2,5,7,5,327.8584143518519,0.24609953703703705,0,1,1,0,1,1,1,1,0,6,live,1,0,,,,,1,1,0,1,Financial Markets & Investing,Finance & forecasting,found,60,103.25766203703704,10,10,14,14,773.4272222222222,551.2705555555556,,100.37138888888889,349.30791666666664,0.0,0.0,0.0,0.0,0.0,0.0,0.0,0,1.0,1.0,0.3416666666666667,0.3416666666666667,0,-0.797385154,0.0026134193010269075,1,1,308.29226851851854,1,0,0,0,1,0,0,0,0,0.0,0.019062200048674958,0,0,0.0,0.019741127663508655,2424,0.6729300461489793,0.7202444510920852,0.1262472531104868,0.1594680929563792,0.04731440494310592,0.0005857137071771325,0.028863233719601745,0.18955014892220204,0.0005948947937706246,0.022991454783846316,0.18641722467433397,0.010104342,0.0253746130125,0.03698070353333334,40.291640314,1794,1802,12,0.0,0.369411178741911,11,0.0,0.40203182776952867,0,0,0,1,256
46,46-3919107,1,2026-09-30,Instant,T046,1,0,0,30,0,0,0,0.003453435542793708,1.038768209302598,300.792702348303,0.003642005229995838,0.00371235326122376,0.00443581586304275,-0.07229643269204725,0.684096505632624,0.9875995420647087,1.0,0.9741489525661261,1.0,6,5,2,0.40685429381785715,0.5770991699256882,0.0,,72,43,3,0.9829980289902278,0.9914605856423263,,,,,,,6,256,0.01953125,found,22,25,1,5,7,0,0,0,0,0,1,1,0,0,0,13.292303240740742,1.6632175925925925,4,1,0,0,1,1,0,1,0,4,live,1,0,,,,,0,0,0,0,AI Inference & Model Serving,Compute & inference,found,199,18.72420138888889,35,13,0,0,733.4626388888889,551.2705555555556,400.00375,6.1369444444444445,54.325833333333335,0.0,0.0,0.0,0.0,0.0,0.0,0.0,0,0.041666666666666664,1.0,0.0875,1.0,1,-0.48345159399999993,0.001843825040666226,2,2,3.9825578703703703,1,0,1,1,0,0,1,2,0,0.7804817329114565,0.029000000066057876,1,0,0.6378638830572934,0.030062404155221184,2683,0.5552912506337476,0.5672444433193372,0.05073813834041501,0.054526429626109124,0.011953192685589616,0.11763003948162727,0.02723924780960789,0.18108849985926048,0.13205910437359886,0.03321460445888054,0.17254165820899933,0.1,0.10032502547083334,0.1,1.264464989,12,3,9,0.20898267358408196,0.4371588031132031,9,0.17522169624961165,0.41674892072425296,1,1,0,1,256
47,47-7340355,1,2026-09-30,GPUForge,T047,1,0,0,30,0,0,0,0.0020012477051361654,0.6019607052962471,300.792702348303,0.002426189642522695,0.003272222511748017,0.0029451149707003244,-0.49169858262833227,0.0,0.41968940196093174,0.42916666666666664,1.0,1.0,6,6,22,0.9676797554403094,0.9836697049086643,0.0,,0,0,0,,,,,,,,,1,158,0.0,found,23,23,1,10,9,0,0,0,0,0,1,1,0,0,0,11.21023148148148,1.1988310185185185,0,1,1,0,0,1,0,0,0,3,live,1,0,,,,,0,0,0,0,"Compute, Storage & Network Infrastructure",Compute & inference,found,280,554.3814351851852,6,6,0,0,256.5934722222222,249.56666666666666,9.364722222222222,4.2347222222222225,9.35763888888889,0.0,0.0,0.0,0.0,-9.016503832,0.07712360122077268,-9.016503832,0,0.5833333333333334,0.7166666666666667,0.0,0.0,0,-6.953212195999999,0.010176984706323918,0,0,,0,0,0,0,0,0,0,0,0,0.6710177607253139,0.0005155150574180646,0,0,0.25775249061656696,0.000574883837764775,1141,0.81074997993462,0.8139697056469842,0.11139307925930413,0.11284002897461047,0.0032197257123642476,0.610652978776494,0.05407271409596463,0.32527913365550837,0.006962714085408506,0.19778412545592106,0.3429501955284539,0.05,0.05021602574166666,0.050102351762500004,1.92274701,31,16,12,0.538349553785003,0.3722017430686458,14,0.0,0.1887383941983407,1,0,0,1,256
48,48-3856677,1,2026-09-30,Quantum Compute,T048,2,0,0,30,0,0,0,0.004004993273294266,1.204672749560958,300.792702348303,0.004091537904910833,0.004290061848455442,0.004428887732003538,-0.06875924878343388,0.0,0.0,0.0,0.0,0.0,6,1,30,1.0,0.9999999999999988,1.0,1,6,1,30,1.0,1.0000000000000004,,,,,,,6,256,0.0,found,0,10,1,8,8,0,3,1,3,3,1,4,3,1,3,336.0737037037037,85.98850694444444,0,1,1,0,1,1,1,1,0,6,live,1,0,,,,,0,0,0,0,"Compute, Storage & Network Infrastructure",Compute & inference,found,4549,5335.037430555555,18,15,5,3,742.1358333333334,551.2705555555556,393.37402776620456,399.1688888888889,405.0801388888889,0.0,0.0,0.0,0.0,0.0,0.0,0.0,0,0.7708333333333334,0.7708333333333334,1.0,1.0,0,-1.269495625,0.0016832189130584095,1,1,147.62145833333332,2,0,0,0,1,0,1,1,0,0.0,0.01710340220951078,0,0,0.0,0.017784954845613245,2006,0.7708232505874237,0.7786218110388687,0.17970993569927352,0.18481584895303785,0.007798560451444951,0.013902259660528864,0.13746894767276424,0.11677781698443923,0.0021128140365006577,0.1317597702126883,0.121431290488078,0.0005,0.0005,0.0005,0.001,2,4,19,0.0,0.46849153736167026,21,0.0,0.278996568052682,1,0,0,1,256
49,49-6783158,1,2026-09-30,Nepher Robotics,T049,1,0,0,30,0,0,0,0.009969783996169697,2.9988382700367464,300.792702348303,0.007709600223525417,0.008736665165528625,0.007791031309215699,0.13203036151314584,0.0,0.41260392191664624,0.4166666666666667,0.02864879000505122,0.029166666666666667,20,16,30,0.8203979124601218,0.9011626313055775,0.0,,40,24,30,0.8039023454442843,0.8951288155120758,,,,,,,3,256,0.0078125,found,3,10,4,0,6,0,36,3,2,10,4,3,1,4,6,238.8458912037037,12.712060185185186,1,1,1,0,1,1,1,0,1,6,live,1,1,8,0,0,0,1,0,0,1,Robotics & Physical AI,Science & robotics,found,650,258.67962962962963,20,10,76,18,334.0284722222222,322.7970833333333,,322.79791666666665,322.79791666666665,0.0,0.0,0.0,0.0,0.0,0.0,0.0,0,0.55,0.7708333333333334,0.9791666666666666,1.0,1,-22.622073913999998,0.006653180025865866,0,0,,0,0,0,0,0,0,0,0,0,0.7655162954559552,0.1575030400393544,1,0,0.8628755814524266,0.17017261173325468,1664,0.7225747734685826,0.7292506747735824,0.1645447303177368,0.16968328758103007,0.006675901304999881,0.6182083695333153,0.19033176521409098,0.2668179340279864,0.604455412984633,0.1841296636743667,0.2751317234255393,0.05,0.05046396282083333,0.03622158515,2.180893374,42,129,11,0.776354769240054,0.5619986964219416,11,0.7608804518208235,0.6030690104368914,1,0,0,1,256
50,50-4763204,1,2026-09-30,Synth,T050,1,0,0,30,0,0,0,0.0040027980632493815,1.204012446399335,300.792702348303,0.004573174824474611,0.005778457753904283,0.005102046357571664,-0.3671431901111526,2.1189916878938675e-06,9.336993874361118e-07,0.0,1.3905509452645977e-06,0.0,289,51,30,0.08902086154922365,0.2179191892586296,0.9965397923875432,55,321,62,30,0.07532994033167278,0.13917832914005904,,,,,,,247,256,0.04296875,found,2,58,3,26,16,1,41,3,16,12,5,13,101,47,104,690.2161458333334,16.331122685185186,59,1,1,1,1,1,1,1,1,8,live,1,1,12,1,1,1,1,1,0,1,Financial Markets & Investing,Finance & forecasting,found,241787,1191.3572569444445,21,21,17,16,616.0859722222223,551.2705555555556,,,616.0859722222223,0.0,0.0,0.0,0.0,0.0,0.0,0.0,0,1.0,1.0,1.0,1.0,1,0.9098274949999992,0.004828957547472847,3,3,337.9768402777778,3,1,1,1,0,0,0,0,0,0.0,0.03632682521723626,0,0,0.0,0.037809908860152314,3213,0.4586911142014414,0.4680945842625417,0.04883755253341668,0.0521848104687012,0.00940347006110029,0.05144086606946215,0.08189648764524322,0.07993981035078253,0.03477207315848663,0.07628393284869328,0.08320342866151327,0.8,0.8034449559958333,0.8067224547000001,40.940497237,51,99,28,0.0,0.42797178816343273,10,0.0,0.43865799879181155,0,0,0,1,256
51,51-3966206,1,2026-09-30,lium.io,T051,1,0,0,30,0,0,0,0.09590118957774842,28.84637797150786,300.792702348303,0.08925396828883915,0.08306700955567788,0.0758566632227227,0.14367076005453208,0.0,0.0,0.0,0.0,0.0,104,104,30,0.6151902432329803,0.7828890233870811,0.41346153846153844,,97,97,30,0.5029809242301249,0.7045747109276598,,,,,,,73,256,0.0,found,145,320,9,299,25,52,89,5,99,21,9,21,40,30,85,818.9027430555556,0.3310532407407407,36,1,1,1,0,1,1,1,1,7,live,1,0,,,,,1,1,0,1,"Compute, Storage & Network Infrastructure",Compute & inference,found,5197,709.2258333333333,9,3,12,8,726.92,551.2705555555556,,426.1773611111111,726.92,5669.220943728,0.0,5669.220943728,0.0,1859.636011708,0.0,7694.856955436,1,1.0,1.0,1.0,1.0,2,12.192335504000003,0.00253103878007272,0,0,,1,0,0,0,0,0,0,0,1,0.9447795357241627,0.08625172326711472,1,1,0.9752093565571405,0.08319879172982313,6973,0.60065311602269,0.6217787119617827,0.06815422265575014,0.0763640202566323,0.02112559593909271,0.37397441317535735,0.08222283463968372,0.2049003436140371,0.36984710135382104,0.07615104211326136,0.20275827476665217,0.5,0.5011872118166667,0.5019849083333333,17.0,34,48,11,0.0,0.44189552642875346,12,0.0,0.4429607618520421,1,0,0,1,256
52,52-3989825,1,2026-09-30,Dojo,T052,1,0,0,30,0,1,1,0.006105921421614846,1.8366166047339214,300.792702348303,0.006228679041067793,0.006394416025944949,0.006653152365239206,-0.04616608838792448,1.0,1.0,1.0,1.0,1.0,0,0,0,,,,,0,0,0,,,,,,,,,0,256,0.0,found,0,0,0,0,0,0,0,0,0,0,0,5,0,0,27,421.8604976851852,341.6737037037037,19,1,0,1,1,1,0,0,1,5,live,1,0,,,,,0,0,0,1,AI Training & Model Improvement,Training & optimisation,found,19737,1042.5343287037037,0,0,0,0,723.6394444444444,551.2705555555556,237.35916666666665,,723.6394444444444,0.0,0.0,0.0,0.0,0.0,0.0,0.0,0,0.0,0.7166666666666667,0.0,0.0,0,-1.8035756559999998,0.0015427965309956551,0,0,,0,0,0,0,0,0,0,0,0,0.0,0.027643747578816272,0,0,0.0,0.02866474675008172,1798,0.8392554021781534,0.8433893705536845,0.2689691188912355,0.2728810783420018,0.004133968375531021,0.02439169581388309,0.06026138404858241,0.201599642944189,0.004687804070311054,0.05369267549359375,0.19390246197334537,0.999999999,0.999999999,0.999999999,0.0,0,1,14,0.0,0.5075510340356109,14,0.0,0.503977721205137,0,0,0,1,256
53,53-4203869,1,2026-09-30,engy,T053,1,0,0,30,0,0,0,0.03522457265312773,10.595294397398423,300.792702348303,0.029188759072922822,0.030281686634094584,0.03133708047224663,0.15120079751535973,0.0,0.0,0.0,0.0,0.0,186,100,30,0.20682686933377617,0.3456202747071234,0.0,,262,145,30,0.07192007855827212,0.21565510714439853,,,,,,,14,256,0.0,found,14,14,5,7,4,18,20,5,5,8,7,3,6,5,6,86.0990625,1.5935532407407407,6,1,0,0,1,1,0,0,0,3,live,1,0,,,,,1,0,0,1,AI Inference & Model Serving,Compute & inference,found,2779,2160.6615625,5,4,15,11,693.8506944444445,551.2705555555556,88.97708333333334,86.15666665509343,86.15666665509343,0.0,63.708882102,-63.708882102,0.061698880976607855,0.0,0.0,-70.196633792,0,1.0,1.0,1.0,1.0,6,129.17103880099995,0.00458671238035584,0,0,,0,0,0,0,0,0,0,0,2,0.9900948022563583,0.02244474875238848,1,1,0.9828473780890832,0.01676004504019098,4090,0.5539319316662205,0.5615818535193647,0.09810281385010125,0.10255251652147519,0.0076499218531442675,0.036607058717271344,0.020334530234366502,0.0874442049682682,0.027544752766669352,0.014601942850375737,0.08923951591021005,0.0005,0.0005010299375,0.0010640335916666667,0.0105,21,386,18,0.4330880531974911,0.2407520926348262,14,0.4376055974360991,0.23947992119265943,1,0,0,1,256
54,54-4742549,1,2026-09-30,Yanez,T054,1,0,0,30,0,0,0,0.0059273095657027325,1.7828914619226712,300.792702348303,0.005121751339084814,0.004078941691822308,0.004721692603624412,0.37373284567785053,0.3132628547027707,0.3137416308153964,0.029166666666666667,0.31324969773898675,0.008333333333333333,176,55,30,0.3877314079353786,0.5895666100204968,0.9943181818181818,54,184,61,30,0.3506711112383046,0.5121063553721655,,,,,,,133,256,0.0,found,4,19,3,2,6,36,36,4,6,10,5,6,5,23,5,586.2695023148148,5.386446759259259,0,1,1,1,1,1,1,1,1,8,live,1,0,,,,,0,0,0,0,"Cybersecurity, Authenticity & Verification",Security & verification,found,1998,554.3330671296296,31,22,23,15,618.9548611111111,551.2705555555556,433.3677777777778,477.32972222222224,477.32972222222224,0.0,0.0,0.0,0.0,0.0,0.0,0.0,0,1.0,1.0,1.0,1.0,1,109.002339238,0.0054246754414643324,4,3,82.20186342592592,6,1,2,0,1,0,1,2,0,0.0,0.10758435526995308,0,0,0.0,0.11176139823669758,2559,0.44664680041311045,0.45521263150927543,0.03948177000631647,0.04236117497688931,0.00856583109616501,0.3193213140827608,6.798155915322528e-05,0.10165346253242653,0.3353155109915045,5.926110979675269e-05,0.10077449777337749,0.0005,0.0005099796291666667,0.0005104495208333333,0.049035642,83,91,9,0.8212356896765558,0.677786009657078,9,0.8125338151165881,0.6842841582657819,1,0,0,1,256
55,55-4703386,1,2026-09-30,NIOME,T055,1,0,0,30,0,0,0,0.0024362187472964313,0.7327968205108911,300.792702348303,0.0028373859443867914,0.0031538653163000036,0.0029170708874834248,-0.2581816415675038,0.020126759074628353,0.024491990640914688,0.004166666666666667,0.0733077163361789,0.05416666666666667,304,30,30,0.10477536468715072,0.12943242050345694,1.0,51,265,135,30,0.21284496281872625,0.4272692849612726,,,,,,,10,256,0.234375,found,2,2,1,0,2,16,16,1,0,9,1,1,0,2,0,79.39835648148149,7.511458333333334,0,1,1,1,1,1,0,1,0,6,live,1,1,10,1,0,1,0,0,0,0,Data & Database Construction,"Agents, data & search",dead,,,,,,,624.3944444444444,551.2705555555556,248.33833333333334,230.33319444444444,230.33319444444444,0.0,0.0,0.0,0.0,0.0,0.0,0.0,0,0.9958333333333333,1.0,0.9458333333333333,1.0,0,-0.8706069679999999,0.002555121116795983,1,1,154.47922453703703,1,0,0,0,1,0,0,0,0,0.0,0.002647047244270616,0,0,0.0,0.002751833701084157,2445,0.5215597842399428,0.5275688426334852,0.03914406343515376,0.04060949385245441,0.006009058393542532,0.07636341825345824,0.00046135043372445334,0.05746915384333909,0.06270950009409036,0.007689799327749633,0.059355480396374546,0.016081704,0.014855026958333333,0.0030103644375,23.633272769,1797,751,9,0.3597072743183277,0.43362927444439997,8,0.3803987765294213,0.4676970253826332,0,0,0,1,256
56,56-4312927,1,2026-09-30,Gradients,T056,1,0,0,30,0,0,0,0.01522223242836711,4.578736427902514,300.792702348303,0.015998170977064196,0.015898816038720613,0.01668626323765229,-0.0434876245117824,0.0,0.11332591660514785,0.15416666666666667,0.6996995884624387,1.0,50,45,30,0.26399917222505265,0.43310512119662115,1.0,49,31,12,30,0.564597996290129,0.7216326794188436,,,,,,,9,256,0.0,found,27,27,3,27,12,20,20,3,19,9,4,7,38,41,38,672.4381481481481,3.056435185185185,0,1,1,0,1,1,0,0,0,4,live,1,0,,,,,1,0,0,1,AI Training & Model Improvement,Training & optimisation,found,2411,518.3039120370371,5,2,0,0,678.6336111111111,551.2705555555556,327.5388888888889,192.17902777777778,678.6336111111111,0.0,0.0,0.0,0.0,0.0,0.0,0.0,0,1.0,1.0,1.0,1.0,6,-10.863486690000007,0.003376061723278602,0,0,,0,0,0,0,0,0,0,0,0,0.0,0.04319341660486828,0,0,0.0,0.04496986656130682,4582,0.6035307174193497,0.6199744299871839,0.08256121571452965,0.08872023618415859,0.016443712567834112,0.006570032000455382,0.0551274904457567,0.13722852046292983,0.009391523993711624,0.054105967530134774,0.13835501457269192,0.0005,0.0005022433833333334,0.0005,0.020269697,37,7,12,0.004912866762023812,0.25181810203399546,12,0.002566310610762851,0.30669724603358006,0,0,0,1,256
57,57-8057320,1,2026-09-30,,T057,1,1,0,30,0,1,1,0.0024683360086308072,0.7424574583396847,300.792702348303,0.0035327453171436003,0.0051987476096340135,0.005302403694036728,-0.7448735093797916,1.0,1.0,1.0,1.0,1.0,0,0,0,,,,,0,0,0,,,,,,,,,0,256,0.0,not_listed,,,,,,,,,,,,,,,,,,,,,,,,,,,,not_listed,0,0,,,,,0,0,0,0,Miscellaneous,"Media, marketing & other",not_listed,,,,,,,156.85291666666666,156.82694444444445,,,156.85291666666666,0.0,479.820488483,-479.820488483,3.3420227195659757,0.0,0.0,-479.820488483,0,0.0,0.7166666666666667,0.0,0.0,0,-8.552270500999999,0.02146180175086211,0,0,,0,0,0,0,0,0,0,0,0,0.0,0.0008184495584249979,0,0,0.0,0.0009527208648089395,812,0.9011008985520678,0.9020110428967121,0.6349642341466186,0.6364135305804836,0.0009101443446443189,0.7499951933076267,0.23747096919146524,0.3021017501325192,0.802240504661429,0.31535160527392203,0.28439629145380724,0.0005,0.0005025707791666667,0.0005033295791666667,0.0315,63,98,9,0.5953887404291057,0.35495298027733246,9,0.6439926808453454,0.3795007893698759,1,1,0,1,256
58,58-8511017,1,2026-09-30,,T058,1,1,0,30,0,0,0,0.0063771518391328415,1.918200734978218,300.792702348303,0.007256886402855625,0.008409681066762976,0.008870229209900493,-0.2766619726868761,1.0,0.42083333333333334,0.42083333333333334,0.4708333333333333,0.4708333333333333,1,1,18,1.0,1.0,0.0,,1,1,16,1.0,1.0,,,,,,,0,256,0.0,not_listed,,,,,,,,,,,,,,,,,,,,,,,,,,,,not_listed,0,0,,,,,0,0,0,0,Miscellaneous,"Media, marketing & other",not_listed,,,,,,,93.59847222222223,88.5225,15.06236111111111,12.404166666666667,12.404166666666667,0.0,0.0,0.0,0.0,4.0,0.0,304.0,1,0.29583333333333334,0.7166666666666667,0.0,0.0,0,-21.835118548,0.05876229867162574,0,0,,0,0,0,0,0,0,0,0,0,0.8705242166167836,0.2710877655536196,1,0,0.2460769553038206,0.059453121940051236,615,0.9407812101116051,0.9449937336935046,0.22457208173627038,0.22797365092700703,0.004212523581899535,0.6744072616849536,0.2384294878751313,0.14788246016134396,0.6377130501106472,0.24160377743071076,0.14303652662993596,0.1,0.1,0.1,0.2,3,3,7,0.2555650539728289,0.40729298572400613,6,0.5789128895224042,0.45937825393768683,1,1,0,1,256
59,59-8938771,1,2026-09-30,,T059,1,1,0,30,1,0,1,0.0051227476900169554,1.5408851211287269,300.792702348303,0.005122124702328037,0.005120707721729397,0.005120206139499024,0.0003982969091050018,,,,,,0,0,0,,,,,0,0,0,,,,,,,,,0,244,0.0,not_listed,,,,,,,,,,,,,,,,,,,,,,,,,,,,not_listed,0,0,,,,,0,0,0,0,Miscellaneous,"Media, marketing & other",not_listed,,,,,,,34.15208333333333,,,,34.15208333333333,0.0,0.0,0.0,,0.0,,0.0,0,0.0,0.7166666666666667,0.0,0.0,0,0.0,0.0,0,0,,0,0,0,0,0,0,0,0,0,,0.0,0,0,,0.0,0,,,,,,,0.0,0.0,,0.0,0.0,0.0005,0.0005070004708333333,0.015359672878787879,0.105663137,208,35,5,,0.35547828850135826,4,,0.48852777889518906,1,1,0,1,256
60,60-4796992,1,2026-09-30,Bitsec.ai,T060,1,0,0,30,0,0,0,0.004017818582546964,1.2085305089895297,300.792702348303,0.004352507762885498,0.0055367837714747625,0.004589430365952545,-0.32067467132106053,0.3500026729889214,0.458250422088895,0.7208333333333333,0.43980245462541157,0.8458333333333333,4,4,30,0.7372091903053178,0.8531599669617791,0.25,,7,6,30,0.21313748377808106,0.24033777950847798,,,,,,,2,256,0.0,found,11,11,3,0,5,19,19,2,5,6,5,6,6,13,15,386.0048726851852,1.8688541666666667,0,1,1,1,1,1,1,1,1,8,live,1,0,,,,,0,0,0,0,"Cybersecurity, Authenticity & Verification",Security & verification,found,2422,869.1086111111111,13,10,33,13,611.3930555555555,551.2705555555556,,,611.3930555555555,0.0,0.0,0.0,0.0,0.0,0.0,0.0,0,1.0,1.0,1.0,1.0,0,-1.3151630770000002,0.001784429517942018,2,1,93.06170138888889,2,0,2,0,0,0,1,1,1,0.7573278349912909,0.1821129518623573,1,0,0.80761414990156,0.19137683726769922,2151,0.5490822240880714,0.5586020434000399,0.08722402731333295,0.09220470798357913,0.009519819311968512,0.04673269863440118,0.14632621866502127,0.12081378692056835,0.034047641007374806,0.14259495358730018,0.1182119722064951,0.0005,0.0005,0.0005036760583333334,0.002,4,63,12,0.0,0.37875456099916766,11,0.0,0.4285073683405746,1,0,0,1,256
61,61-4457976,1,2026-09-30,RedTeam,T061,1,0,0,30,0,0,0,0.011099601279692898,3.338679063907509,300.792702348303,0.013086166385402526,0.012003469011881727,0.0075291849385151245,-0.07828650540992042,0.0,0.0,0.0,0.0,0.0,267,251,30,0.009135819434153071,0.03498806951211968,0.9962546816479401,247,208,192,30,0.014764100297241808,0.05606646113539516,,,,,,,112,256,0.48828125,found,34,160,4,1,20,65,203,3,3,21,4,29,27,23,29,687.1282407407407,1.722210648148148,86,1,1,1,1,1,1,1,1,8,live,1,1,10,0,0,1,0,0,0,0,"Cybersecurity, Authenticity & Verification",Security & verification,not_listed,,,,,,,658.4833333333333,551.2705555555556,,,658.4833333217601,0.0,0.0,0.0,0.0,0.0,0.0,0.0,0,1.0,1.0,1.0,1.0,4,125.22989124799989,0.006089850579812765,1,1,19.417118055555555,0,1,0,0,0,0,0,0,0,0.0,0.1647370440620518,0,0,0.0,0.17130660671104855,2496,0.4991777507244135,0.5087150795884338,0.048746007309343725,0.05208494148285695,0.009537328864020275,0.20563472972171065,0.014049457179601056,0.13039272299818327,0.20011938437714996,0.01430654568795211,0.1355926655344059,0.059105964,0.06876297450833334,0.006790138283333333,111.151957663,1841,1269,14,0.0,0.19404018285223348,12,0.0,0.23828904900687203,1,0,0,1,256
62,62-4474225,1,2026-09-30,Ridges,T062,1,0,0,30,0,0,0,0.010464045842621643,3.147508626498689,300.792702348303,0.010912889531809189,0.010871276849248818,0.012123911118162738,-0.03817898397713777,0.0,0.0014357278016783918,0.0,0.055991808967276784,0.008333333333333333,33,18,30,0.11481712518491985,0.20068114880317642,0.0,,19,14,30,0.12774453433002658,0.22519253201969372,,,,,,,25,256,0.2421875,found,145,167,4,31,17,212,230,4,15,21,4,21,90,58,107,495.32180555555556,1.3401273148148147,22,1,0,0,1,0,0,0,1,3,live,1,0,,,,,0,0,0,1,AI Agents & Automation,"Agents, data & search",found,8116,1223.2261921296297,8,5,1,1,656.2265277777777,551.2705555555556,202.07749998842675,501.20194444444445,501.20194444444445,0.0,31.326510413999998,-31.326510413999998,0.07455568780479305,-469.7316212580001,1.0187818529808192,-623.527476901,0,1.0,1.0,0.9916666666666667,1.0,2,-17.648681394,0.0027593301553347433,2,1,244.56100694444444,3,0,0,0,2,0,0,0,0,0.06361184920558972,0.02630070159473052,0,0,0.21040666234837888,0.0276329837609931,6599,0.4230984458273907,0.4394205940108392,0.029420160692383134,0.03376144155297378,0.016322148183448532,0.006544966985600801,0.007236340403631654,0.034308278912790736,0.004112178607566349,0.002882382331053012,0.034565859793024935,0.026045898,0.0172640529,0.00055761,25.771715931,1288,335,19,0.0,0.4251178279428168,15,0.0,0.36769177626945515,0,0,0,1,256
63,63-4885578,1,2026-09-30,Enigma,T048,2,0,0,30,0,0,0,0.004080062970870637,1.2272531667594244,300.792702348303,0.005466712349815777,0.008249186157506454,0.008297497348286505,-0.7040021255717347,3.283447585999966e-05,2.2532247627774873e-05,0.0,0.0,0.0,22,10,30,0.9997052410590613,0.9998526081609507,0.7727272727272727,8,11,5,30,0.9998048105619554,0.9999023978181459,,,,,,,13,256,0.0,found,7,10,1,8,8,3,3,1,3,3,1,1,0,3,3,154.15225694444445,14.380833333333333,0,1,1,1,1,1,1,1,0,7,live,1,0,,,,,0,0,0,0,"Cybersecurity, Authenticity & Verification",Security & verification,found,4549,5335.037430555555,18,15,5,3,599.0026388888889,551.2705555555556,464.3026388888889,184.29041666666666,469.30583333333334,0.0,0.0,0.0,0.0,0.0,0.0,0.0,0,0.7708333333333334,0.7708333333333334,1.0,1.0,0,-1.3050546650000001,0.0016855755762929104,1,1,145.37436342592594,2,0,0,1,0,0,1,1,0,0.0,0.0119203122150754,0,0,0.0,0.012397222063120121,2210,0.7231042075375336,0.7265846149147778,0.12854359780586794,0.13066916969426576,0.0034804073772441496,0.014059048206157797,0.12380289083745548,0.11944375316878933,0.09626837118646527,0.11860248028396639,0.12422213645575132,0.0005,0.0005008171458333333,0.0005009682291666667,0.003,6,22,9,0.0,0.7531824923333759,11,0.0,0.32035248491743795,1,0,0,1,256
64,64-4531295,1,2026-09-30,Chutes,T064,1,0,0,30,0,0,0,0.07043504006333685,21.18634604066208,300.792702348303,0.0707882950793705,0.0746921724963641,0.08131028137720205,-0.05868443327895599,0.0,0.0,0.0,0.0,0.0,23,21,30,0.0875056626100407,0.15900877612570857,0.0,,22,20,30,0.11382124324926939,0.2312109917886754,,,,,,,20,256,0.0,found,0,7,2,12,4,0,29,7,11,6,7,9,90,33,271,693.5372800925926,128.26731481481482,0,1,1,0,1,1,1,1,1,7,live,1,0,,,,,1,0,0,1,AI Inference & Model Serving,Compute & inference,found,11768,693.185,21,13,69,33,648.29625,551.2705555555556,319.13722222222225,245.6308333217601,648.29625,0.0,0.0,0.0,0.0,-44.339838991,0.013341590053781814,-44.339838991,0,1.0,1.0,1.0,1.0,4,-74.47902928900001,0.0020936103484168367,2,2,82.09643518518519,2,1,1,0,0,0,1,2,9,0.956675661805056,0.12465101210742258,1,1,0.981850134151503,0.12332005586770502,13192,0.46186794537864073,0.5043893855241913,0.06445790411066583,0.08615317579464205,0.04252144014555063,0.23367077540721745,0.10313941142422027,0.043350880707511315,0.21412151039698568,0.09803427048416417,0.04509035807904561,0.0005,0.0005005497208333333,0.0005002282791666667,0.004,8,11,17,0.18707338773555346,0.24827467085540214,17,0.12601820852094392,0.2552422132102682,0,0,0,1,256
65,65-4950813,1,2026-09-30,True Performance Network,T065,1,0,0,30,0,0,0,0.002023685660793098,0.6087098786134673,300.792702348303,0.0024481764708582394,0.0028730859846132877,0.0029604910562066157,-0.35046627462897567,0.7500087420921773,0.7525934387347661,1.0,0.9634271177540844,1.0,13,10,30,0.16612582870595,0.21352670575527113,0.0,,5,3,5,0.54003081138889,0.7000248634936467,,,,,,,5,256,0.0,found,9,9,2,5,5,18,18,2,6,10,2,2,1,0,19,111.44634259259259,13.440868055555555,0,1,1,1,1,1,1,1,0,7,live,1,1,,,,,0,0,0,1,AI Optimization & Compression,Training & optimisation,found,1606,518.2054976851852,18,11,31,13,589.8643055555556,551.2705555555556,466.6023611111111,44.18375,513.59125,0.0,0.0,0.0,0.0,0.0,0.0,0.0,0,0.9625,1.0,0.15,1.0,0,-0.615630322,0.003236595031131627,2,2,188.02791666666667,2,0,1,0,1,0,0,0,0,0.0,0.028624196744878393,0,0,0.0,0.029687764175745514,2086,0.6173447423567069,0.6304039485363426,0.07240780005954199,0.07806719577635826,0.01305920617963576,0.37006059585628426,0.0024057636902851697,0.17655754579884128,0.3466147733486159,0.019156886814654557,0.17159651081471813,0.5,0.5005699364041667,0.2375030847,2.809875654,14,31,16,0.48029591561572876,0.2933059843930568,17,0.35944135119749243,0.3281134200044326,1,0,0,1,256
66,66-4958013,1,2026-09-30,conjectures,T066,1,0,0,30,0,0,0,0.0034280169888246384,1.0311224937644554,300.792702348303,0.003194061987490545,0.0026728817327577406,0.002826076506566586,0.2488247655788068,0.0,0.0,0.0,0.0,0.0,81,22,30,0.9743017628216232,0.9870538323362639,0.0,,1,1,30,1.0,1.0,,,,,,,25,256,0.15625,found,108,443,19,171,24,210,302,5,93,20,19,5,0,1,2,64.91171296296297,0.15106481481481482,4,1,0,0,1,1,1,0,1,5,live,1,0,,,,,0,0,0,0,Scientific & Technical Problem Solving,Science & robotics,found,1305,588.9182638888889,31,17,17,6,588.8643055555556,551.2705555555556,44.485277777777775,64.85680555555555,64.85680555555555,0.0,0.0,0.0,0.0,0.0,0.0,0.0,0,1.0,1.0,1.0,1.0,2,18.395351310000002,0.0031806955095410737,0,0,,0,0,0,0,0,0,0,0,0,0.7411224342061286,0.0666108781052649,1,0,0.8123415036322688,0.06922916583441721,2097,0.4612847713461223,0.4816486383028737,0.047487918276790025,0.0553209202264177,0.02036386695675139,0.24154949378672422,0.08715074412810377,0.14861535038577853,0.28010501695791923,0.08263544246103079,0.15445700507262763,0.007257294,0.003941096333333334,0.0005021019583333334,5.438376738,139,18,10,0.13934878980373738,0.39046822363724826,8,0.12162190870642402,0.3986211726664799,0,0,0,1,256
67,67-7236936,1,2026-09-30,Harnyx,T067,1,0,0,30,0,0,0,0.003645054787834246,1.0964058798402831,300.792702348303,0.004453084772979788,0.005669119802564183,0.006283326098346916,-0.4416624717424941,0.019921016413718462,0.040035080807865595,0.0,0.03133675406376521,0.0,451,49,30,0.07230177861499461,0.13628069944718774,0.0,,617,60,30,0.05917265639187632,0.1028155586315566,,,,,,,122,256,0.46875,found,81,81,3,0,14,132,132,3,0,24,3,3,5,9,5,201.91037037037037,7.690567129629629,0,1,0,0,1,1,1,0,0,4,live,1,0,,,,,1,0,0,0,Search & Knowledge Retrieval,"Agents, data & search",found,365,238.71328703703705,8,5,34,11,270.9629166666667,188.00736111111112,,,270.9629166666667,0.0,0.0,0.0,0.0,0.0,0.0,0.0,0,1.0,1.0,1.0,1.0,0,-16.533887208,0.016548264136272427,0,0,,0,0,0,0,0,0,0,0,0,0.0,0.00030323116973038095,0,0,0.0,0.00034817138075327324,1378,0.8100064440947928,0.8133975389007199,0.4757913266829683,0.4804696361083471,0.003391094805926985,0.6842493091589454,0.2155637592198302,0.1630454102925785,0.6126391386413091,0.1980363904601361,0.1850216090323337,0.018248946,0.038248034404166666,0.053936600054166665,60.449241106,1798,1797,8,0.7108815223638066,0.5333545363623389,9,0.6969839190547024,0.5047571165498752,1,0,0,1,256
68,68-4972413,1,2026-09-30,NOVA,T068,1,0,0,30,0,0,0,0.021302953411071055,6.407772924516062,300.792702348303,0.021630930874246494,0.022152230120111152,0.022904770949766524,-0.03909245314647899,0.0,0.0,0.0,0.0,0.0,2,2,30,0.5918535515286147,0.7143053330281545,0.0,,2,2,30,0.5918535515286147,0.7143053330281545,,,,,,,2,64,0.640625,found,11,43,3,5,13,26,33,2,8,14,3,4,22,36,24,607.1775231481481,14.098715277777778,0,1,0,0,1,1,0,1,0,4,live,1,0,,,,,0,0,0,0,Scientific & Technical Problem Solving,Science & robotics,found,4597,672.6840856481482,18,11,9,8,586.8643055555556,551.2705555555556,,498.14722222222224,586.8643055439824,0.0,404.75228792099995,-404.75228792099995,0.46484965242472803,-423.4782165280001,0.46634070871499356,-1370.8797313840003,0,1.0,1.0,1.0,1.0,9,96.60834279299996,0.005358043099291878,1,1,169.01763888888888,1,0,1,0,0,0,1,2,0,0.2599126795537356,0.0915574560528429,0,0,0.35266495884196886,0.10149851906407528,4162,0.5693241385900618,0.5792253925284903,0.06719691534301023,0.07083589983069961,0.009901253938428492,0.05260474310429352,0.08349227586700729,0.1155714251938252,0.041025762505374784,0.08074567608676292,0.12017451376637053,0.201612391,0.15533474591250002,0.12285332769583333,250.45443914,1803,1800,7,0.0,0.4934222956916504,6,0.0,0.7147629071402728,1,0,0,2,64
69,69-8138182,1,2026-09-30,Herald,T069,1,0,0,30,0,0,0,0.006013919657681658,1.8089431455396472,300.792702348303,0.0074399262190017945,0.008355495201387914,0.009656361427227188,-0.3288427050931252,1.0,0.5458333333333333,0.5458333333333333,1.0,1.0,4,2,15,0.5458294756333643,0.6513761467889916,0.75,1,0,0,0,,,,,,,,,0,256,0.0,found,55,55,2,18,13,0,0,0,0,0,2,2,1,1,1,93.37574074074074,1.2977314814814815,0,1,1,0,1,1,0,1,0,5,live,1,0,,,,,0,0,0,1,"Marketing, Sales & Commerce","Media, marketing & other",found,107,93.38703703703703,10,10,1,1,145.56180555555557,145.55680555555554,,,145.56180555555557,0.0,0.0,0.0,0.0,0.0,0.0,0.0,0,0.45416666666666666,0.7166666666666667,0.0,0.0,0,-41.991599378000004,0.011056376675848429,0,0,,0,0,0,0,0,0,0,0,0,0.0,0.0002453118692250388,0,0,0.0,0.000279281106260594,837,0.917224974991846,0.9209458009549516,0.6691914203468109,0.6752863447738077,0.0037208259631056565,0.8315581982436628,0.0004115017840734034,0.1953001902745306,0.4674009287100222,0.0006705405916495362,0.1945975982543716,0.0005,0.0005054614666666667,0.0005058416416666667,0.022939739,36,141,12,0.31149203414273585,0.33884667304448773,9,0.06612716628675025,0.33303765954122283,1,1,0,1,256
70,70-8825571,1,2026-09-30,,T070,1,1,0,30,0,0,0,0.0013704771616379233,0.41222952895570303,300.792702348303,0.0043066170665944275,0.011149460267223271,0.009570381067838134,-2.096232117841017,0.0,0.6541666666666667,0.6541666666666667,1.0,1.0,1,1,13,1.0,1.0,0.0,,0,0,0,,,,,,,,,1,13,0.0,not_listed,,,,,,,,,,,,,,,,,,,,,,,,,,,,not_listed,0,0,,,,,0,0,0,0,Miscellaneous,"Media, marketing & other",not_listed,,,,,,,49.87486111111111,49.86680555555556,21.36486111111111,,49.87486111111111,0.0,198.147847442,-198.147847442,1.3557198110762538,0.0,0.0,-198.147847442,0,0.3458333333333333,0.7166666666666667,0.0,0.0,0,-2.177858932,0.1032849865818827,0,0,,0,0,0,0,0,0,0,0,0,0.0,0.0,0,0,0.0,0.0,195,0.6430787867118108,0.6562970029375419,0.05694348671735686,0.06042162219687408,0.013218216225731026,0.010181397903408202,0.0019743108944645957,0.24820336887647218,0.32581765479532554,0.059164894354559294,0.23037207745240793,0.5,0.7768048600666667,0.9910503766037735,0.166055867,8,4,2,0.28732284232004723,0.507269603119642,3,0.49735383703866926,0.49445209551423747,1,1,0,1,256
71,71-5048438,1,2026-09-30,Leadpoet,T071,1,0,0,30,0,0,0,0.003803415263341893,1.1440395552133906,300.792702348303,0.004328307674662337,0.004513264547890799,0.005062592956508542,-0.17112132159675633,0.7000032048672438,0.8790154606094196,1.0,0.9802132220890295,1.0,81,13,15,0.22016116153352047,0.41225165086764,0.0,,20,7,2,0.30458190563923315,0.4992893661774545,,,,,,,1,256,0.0078125,found,2107,2107,5,22,30,1146,1146,3,62,31,10,29,12,21,12,352.44547453703706,0.03532407407407408,0,1,1,0,1,1,1,0,0,5,live,1,0,,,,,1,0,1,1,"Marketing, Sales & Commerce","Media, marketing & other",found,2934,550.1560532407408,12,6,6,4,576.3045833333333,551.2705555555556,361.26902777777775,352.45208333333335,352.4551388888889,0.0,0.0,0.0,0.0,0.0,0.0,0.0,0,0.45416666666666666,1.0,0.06666666666666667,1.0,1,16.695465633999998,0.0036447295424276768,4,3,105.94547453703704,4,0,2,1,1,0,1,1,0,0.0,0.010904219336705136,0,0,0.0,0.011323761895262246,2472,0.34899878683046975,0.356819384131925,0.020787960423759397,0.022205166170946814,0.007820597301455226,0.20774079789464384,0.015522164606166945,0.17343532260706437,0.17055357201284235,0.007213054768947275,0.16625584021893472,0.0005,0.0006471820833333333,0.0005,0.374383566,308,9,7,0.5687949576261639,0.4647823053207382,7,0.532042575720322,0.39249515119425654,1,1,0,1,256
72,72-5064327,1,2026-09-30,StreetVision by NATIX,T072,1,0,0,30,0,1,1,0.0020559982852793456,0.6184292802526515,300.792702348303,0.0022674914917370638,0.0024607249121683106,0.002570932450804124,-0.17969447269346886,1.0,1.0,1.0,0.975,0.975,0,0,0,,,,,1,1,2,1.0,1.0,,,,,,,0,256,0.0,found,0,0,0,0,0,0,0,0,0,0,0,11,12,11,12,601.2915972222222,146.48141203703705,10,1,1,1,1,1,1,1,0,7,live,1,1,,0,0,0,0,0,0,1,Robotics & Physical AI,Science & robotics,found,136754,1624.6081712962964,36,23,6,6,574.0977777777778,551.2705555555556,55.245,,574.0977777777778,10.99,0.0,10.99,0.0,72.31733588,0.5520006071974028,83.30733587999998,1,0.0,0.7166666666666667,0.0,0.0,0,-0.749722803,0.0018116170973173514,0,0,,0,0,0,0,0,0,0,0,0,0.49381984802900536,0.0627348996656958,0,0,0.6946636804120351,0.08190713042931365,1579,0.6564946358436524,0.6678137169974508,0.12434651686208194,0.13189541966061508,0.011319081153798422,0.006933937639184685,0.11926249726311051,0.09625212161412439,0.015374179133662359,0.11118993276861047,0.08340826278868058,0.0005,0.0005,0.0005005090958333333,0.0005,1,16,11,0.0,0.2675053326235045,11,0.0,0.2558572346125427,1,0,0,1,256
73,73-5160047,1,2026-09-30,Parked,T073,1,1,0,30,0,1,1,0.0031018417373689672,0.9330113584399669,300.792702348303,0.0033026579135303743,0.0032693371350979634,0.003251079816920007,-0.052591209474280046,1.0,1.0,1.0,1.0,1.0,0,0,0,,,,,0,0,0,,,,,,,,,0,256,0.0,not_listed,,,,,,,,,,,,,,,,,,,,,,,,,,,,not_listed,0,0,,,,,0,0,0,0,Miscellaneous,"Media, marketing & other",not_listed,,,,,,,560.8033333333333,551.2705555555556,18.079444444444444,141.17874998842677,141.17874998842677,0.0,0.0,0.0,0.0,0.0,0.0,0.0,0,0.0,0.7166666666666667,0.0,0.0,0,-0.9213195409999999,0.0018378433381344627,0,0,,0,0,0,0,0,0,0,0,0,0.8638840750907938,0.16159114881100697,1,1,0.8603845785901831,0.16489715373877695,1494,0.7348126524396394,0.7401586990590783,0.11162517680129364,0.11435390186664493,0.005346046619438799,0.4087503810737063,0.006090695838424897,0.27917094842092205,0.4218847396569154,0.02678386426110417,0.2740943409981817,0.5,0.5,0.1295375,0.0,0,8,14,0.5097707339143873,0.28678078145297425,14,0.48516038832223124,0.2952591421880707,1,0,0,1,256
74,74-5086205,1,2026-09-30,Gittensor,T007,2,0,0,30,0,0,0,0.0032546899920541943,0.9789869980159579,300.792702348303,0.00345943666708508,0.003644000473962125,0.003779071873440956,-0.11298507887562932,0.6246495530940592,0.6351507150102407,1.0,0.5101188508609388,0.8083333333333333,30,25,30,0.1661741724740953,0.3356110944215349,0.23333333333333334,,19,19,30,0.14303764352311682,0.24740855547287618,,,,,,,20,256,0.0,found,55,55,4,55,13,52,52,4,52,12,18,88,48,228,48,367.09211805555555,0.0037731481481481483,0,1,1,1,1,1,1,1,1,8,live,1,0,,,,,0,0,0,1,AI Agents & Automation,"Agents, data & search",found,803,313.34332175925925,17,7,4,4,571.0591666666667,551.2705555555556,344.9861111111111,,571.0591666666667,0.0,0.0,0.0,0.0,0.0,0.0,0.0,0,1.0,1.0,1.0,1.0,1,-0.22865358999999996,0.003238653579900347,1,1,130.9673611111111,1,1,0,0,0,0,0,0,0,0.0,0.07143196411681964,0,0,0.0,0.07363886504050596,1655,0.7022262566606214,0.7071799552985193,0.07066968664839515,0.07219561041420001,0.004953698637897867,0.11370552942320082,0.053749328324441216,0.10043345343615018,0.09908860017002455,0.046407952021123106,0.10353635959164613,0.15,0.17336373185416667,0.1576615933625,2.493364181,16,7,15,0.0,0.7135443516006192,13,0.0,0.7096498307124395,1,0,1,1,256
75,75-5102795,1,2026-09-30,Hippius,T075,1,0,0,30,0,0,0,0.01616327610567231,4.861795498626929,300.792702348303,0.017170099996967707,0.017623491521499328,0.018440481503946334,-0.0864909957453122,0.0,0.0,0.0,0.19816394322939837,0.20833333333333334,144,52,30,0.9813365797352842,0.9906191203260161,0.0,,166,57,30,0.9449475310640143,0.9720457937717776,,,,,,,141,256,0.0,found,11,560,18,261,27,216,1493,34,199,29,49,7,9,10,29,561.7377083333333,5.102384259259259,0,1,1,0,1,1,1,1,0,6,live,1,0,,,,,1,0,0,1,"Compute, Storage & Network Infrastructure",Compute & inference,found,3888,682.3315972222222,53,18,56,26,568.755,551.2705555555556,,,568.755,109.126281451,562.832445504,-453.706164053,0.8444978989399736,-527.7135497720001,0.7172191797932965,-2031.275494513,1,1.0,1.0,1.0,1.0,8,205.453989518,0.007523782107674827,1,1,40.557870370370374,2,1,0,0,0,0,0,0,5,0.2982769661551412,0.09700108503143397,1,0,0.319030785969517,0.10134435520207186,4711,0.5406328376174587,0.5499246549327124,0.04459827161999739,0.047011056964102724,0.009291817315253652,0.21998919294535071,0.058848895803262816,0.1377238137555874,0.20173295435592206,0.057484189638498426,0.1438904636634445,0.999999999,1.0035196350833333,0.3909143638125,64.033204807,87,93,12,0.4061171949724389,0.3505621915765742,12,0.39389418926583697,0.35080550081579737,0,0,0,1,256
76,76-9003844,1,2026-09-30,Ormas,T076,1,0,1,26,0,0,0,0.005958720312022509,1.7923395851909738,300.792702348303,0.005736959032315573,,,,1.0,0.5777777777777777,0.5777777777777777,,,2,2,6,0.9596325612126702,0.9793915733576625,0.0,,,,,,,,,,,,,0,135,0.007407407407407408,found,51,53,2,5,6,0,0,0,0,0,3,1,0,0,0,19.883518518518517,14.045243055555556,0,1,1,1,1,0,0,0,0,4,live,1,0,,,,,1,0,0,1,AI Agents & Automation,"Agents, data & search",found,14,98.90142361111111,10,4,8,2,25.111527777777777,11.20513888888889,,,25.111527777777777,30.0,0.0,30.0,0.0,,,30.0,1,0.1890547263681592,0.8557213930348259,,,0,-8.635365197,0.10989800622902347,0,0,,0,0,0,0,0,0,0,0,0,0.0,0.0,0,0,,,170,0.9047492854571401,0.9047492854609223,0.2009910873927676,0.20099108739527463,3.782228177421291e-12,0.24141823127714057,0.09590106340733041,0.10928339073376683,,,,0.0005,0.004967549855721394,,,134,,6,0.41835088227325806,0.3571341041035547,,,,1,1,0,1,256
77,77-5128460,1,2026-09-30,Liquidity,T077,1,0,0,30,0,0,0,0.005091032801823437,1.5313455142043242,300.792702348303,0.005445336548201919,0.005777506760655063,0.006134568860620865,-0.12649151533564357,0.0,0.0,0.0,0.0,0.0,17,17,30,0.15431560611172093,0.2302080694928571,0.0,,18,18,30,0.1325505009301074,0.17895277254096398,,,,,,,12,256,0.0,found,0,0,0,0,0,0,0,0,0,0,0,1,6,5,6,565.1947453703704,98.18915509259259,0,1,0,1,1,1,0,0,1,5,live,1,0,,,,,0,0,0,0,DeFi & Crypto Infrastructure,DeFi & crypto infrastructure,found,3671,4530.5434490740745,33,1,32,1,565.1904166666667,551.2705555555556,,547.0916666550934,565.1904166550935,0.0,0.0,0.0,0.0,0.0,0.0,0.0,0,1.0,1.0,0.575,0.575,0,-8.660121079000001,0.0017729579953267597,0,0,,0,0,0,0,0,0,0,0,0,0.09499365290693214,0.06524365526756049,1,0,0.09955473580224873,0.06821800206059755,1434,0.9303648376586673,0.9318636821703412,0.6389578678180828,0.6413441162934741,0.001498844511673963,0.8308546965550113,0.3716787071417144,0.024871551475786714,0.8164360759057289,0.37081821375338253,0.02600540302145025,0.0005,0.0005,0.0005,0.0,0,1,16,0.723819056270656,0.5608338518310578,15,0.7593708003770753,0.5926638668727724,0,0,0,1,256
78,78-7966145,1,2026-09-30,Umi,T078,1,0,0,30,0,0,0,0.00338633880143715,1.0185859991511939,300.792702348303,0.00425803116782437,0.005315470254266833,0.003454060192909074,-0.4508721464976375,0.30617110384628177,0.25517918666672157,0.1853448275862069,0.05,0.05,262,238,25,0.04760594407008029,0.2083860444881361,0.7977099236641222,164,2,2,30,0.8619959987688519,0.9254385964912281,,,,,,,106,256,0.0,found,453,521,3,139,25,12,12,1,0,6,3,1,1,0,1,34.40826388888889,0.034074074074074076,8,1,1,1,1,1,0,0,0,5,live,1,1,11,1,0,0,0,0,0,1,Media & Voice AI,"Media, marketing & other",found,468,38.06633101851852,64,47,12,10,169.53291666666667,169.53097222222223,30.35,26.589999988426765,26.589999988426765,0.0,0.0,0.0,0.0,-1.957873396,0.00977384287241512,-1.957873396,0,0.725,0.7708333333333334,0.95,1.0,0,-17.784337812999997,0.022102611862166388,0,0,,0,0,0,0,0,0,0,0,0,0.0,0.03963605147634542,0,0,0.0,0.05878394198797056,1638,0.51921408064632,0.584125314449687,0.032943137230447124,0.04823538995855915,0.06491123380336691,0.09176647416833483,0.00044442314954544856,0.06057529610718344,0.08736827328456713,0.00021964268760280966,0.05409081524241476,0.75,0.366647323475,0.0005016272,12.571219481,326,5,4,0.4582379787438739,0.3576974845851821,8,0.7068250729659075,0.46292763149351457,0,0,0,1,256
79,79-5173967,1,2026-09-30,MVTRX,T079,1,0,0,30,0,0,0,0.0031064971948974204,0.934411686090618,300.792702348303,0.0037745886563790854,0.006567221909963647,0.007338474372142587,-0.7485951107753291,0.0,0.0,0.0,0.0,0.0,1154,75,30,0.06016555282031714,0.13476328998702,1.0,80,1253,86,30,0.04622231690448449,0.12364770389831031,,,,,,,244,256,0.22265625,found,10,10,1,0,9,6,6,1,0,4,1,1,6,19,6,511.4319560185185,1.4811574074074074,0,1,1,0,1,1,1,1,0,6,live,1,1,,,,,0,0,0,0,Financial Markets & Investing,Finance & forecasting,found,98,261.9923148148148,0,0,0,0,558.87,551.2705555555556,,251.30277776620454,558.87,0.0,0.0,0.0,0.0,0.0,0.0,0.0,0,1.0,1.0,1.0,1.0,0,-5.144031011,0.002361872472442538,1,1,209.28216435185186,1,0,0,0,1,0,0,0,0,0.7955046157244202,0.2585094946962106,1,0,0.842174498101172,0.2691620162935016,2445,0.8379696731890329,0.8440686293798674,0.46272271182750535,0.47100397739125466,0.006098956190834485,0.7634425228151015,0.30437546539739835,0.08474567066134105,0.5957080744573611,0.29935570161970904,0.08823782512962344,0.041777291,0.05514028614166667,0.12156198696666666,88.275707544,1794,1801,1,1.0,1.0,1,1.0,1.0,1,0,0,1,256
80,80-7151800,1,2026-09-30,OpenRoboto,T080,1,0,0,30,0,0,0,0.028424219211270578,8.549797708698627,300.792702348303,0.02026613493081387,0.015498488816104225,0.01385776329353843,0.6064990474413829,0.0,0.16900002957263496,0.21666666666666667,0.8926869621112322,1.0,31,20,30,0.34642890514457253,0.43443260297943925,0.0,,15,13,29,0.18158699847421192,0.33024830049816756,,,,,,,8,256,0.0234375,found,10,48,3,13,15,3,126,3,7,11,5,1,2,0,57,63.521574074074074,22.685185185185187,0,1,1,0,1,1,0,0,1,5,live,1,0,,,,,0,0,0,0,Robotics & Physical AI,Science & robotics,found,3643,1663.725798611111,67,28,57,17,282.79125,275.7502777777778,90.51916666666666,63.54666666666667,63.54666666666667,0.0,0.0,0.0,0.0,0.0,0.0,0.0,0,1.0,1.0,0.9333333333333333,1.0,1,-13.844315776999998,0.010387103162275587,1,1,42.80041666666666,1,0,1,0,0,0,1,1,4,0.6125087473158068,0.13218349947087682,1,0,0.8477488810193828,0.17474013339803926,2265,0.4384906041365945,0.45543755920349727,0.03884405841645465,0.04423529256063836,0.016946955066902764,0.08896537035141544,0.06726628283272425,0.10732194947638714,0.07332799576976716,0.05464876765521616,0.11314577818278694,0.0005,0.0005156718083333333,0.0005062102208333333,0.075541895,129,101,13,0.12482481927362862,0.27849203788503485,11,0.1257312266269464,0.28423184876581875,1,0,0,1,256
81,81-5203057,1,2026-09-30,Reliquary,T081,1,0,0,30,0,0,0,0.006166473804752143,1.8548303196914189,300.792702348303,0.006250284555635102,0.006795282356449308,0.007401023812103522,-0.09710143227908068,0.8370634263847023,0.39416762674227357,0.44166666666666665,0.03450863208078469,0.0,136,58,30,0.05320423565545791,0.09338344282822814,0.0,,129,60,30,0.06764673799635754,0.12062216537633193,,,,,,,24,256,0.01171875,found,583,637,5,82,29,246,248,2,48,26,5,5,4,6,8,166.60021990740742,0.0006597222222222222,0,1,1,1,1,1,0,0,0,5,live,1,1,,1,0,1,0,0,0,1,AI Training & Model Improvement,Training & optimisation,found,447,484.5903935185185,12,7,15,4,554.8297222222222,551.2705555555556,47.395,47.031666666666666,47.031666666666666,0.0,0.0,0.0,0.0,0.0,0.0,0.0,0,1.0,1.0,1.0,1.0,0,-12.964942165,0.002444174707051624,0,0,,0,0,0,0,0,0,1,1,1,0.0,0.08302382639311823,0,0,0.0,0.09779691442550904,2019,0.5384156943816737,0.6206387551632692,0.06318080935354463,0.09792661611463781,0.08222306078159543,0.037219735632967724,0.010307843933264312,0.15978891273763962,0.014582828782613277,0.004285431423616254,0.1602305481217709,0.0005,0.0005153484125000001,0.0005101088791666667,0.116373821,214,83,7,0.030911300466672228,0.5781710640089709,6,0.01020417573628205,0.6692254552300327,1,0,0,1,256
82,82-9155260,1,2026-09-30,,T082,1,1,1,5,1,0,1,0.004456112312311145,1.3403660643876145,300.792702348303,0.004456112312311145,,,,,,,,,0,0,0,,,,,,,,,,,,,,,,0,2,1.0,not_listed,,,,,,,,,,,,,,,,,,,,,,,,,,,,not_listed,0,0,,,,,0,0,0,0,Miscellaneous,"Media, marketing & other",not_listed,,,,,,,4.0176388888888885,,,,4.0176388888888885,0.0,0.0,0.0,,,,0.0,0,0.0,0.0,,,0,-0.821053118,0.0,0,0,,0,0,0,0,0,0,0,0,0,,0.0,0,0,,,1,1.0,1.0,1.0,1.0,0.0,0.0,0.0,0.0,,,,1.706753982,2.280944598969697,,,1,,2,,0.6011381042987716,,,,1,1,0,1,64
83,83-5231190,1,2026-09-30,CliqueAI,T083,1,0,0,30,0,0,0,0.008238094920562,2.4779588333576723,300.792702348303,0.008970362542338841,0.009845143808723169,0.0105085368446153,-0.1782092010397835,0.0,0.0,0.0,0.0,0.0,301,24,30,0.2032930710742461,0.2713552683715111,1.0,25,558,53,30,0.126935009746856,0.2205076631841507,,,,,,,238,256,0.00390625,found,0,0,0,0,0,0,0,0,0,0,1,1,3,13,3,401.5591087962963,71.2338425925926,10,1,0,0,1,1,1,1,0,5,live,1,0,,,,,0,0,0,0,Scientific & Technical Problem Solving,Science & robotics,not_listed,,,,,,,550.9223611111111,401.49097222222224,,,550.9223611111111,0.0,0.0,0.0,0.0,0.0,0.0,0.0,0,0.7166666666666667,0.7166666666666667,0.0,0.0,0,-30.664807517,0.00367364723097714,0,0,,0,0,0,0,0,0,0,0,0,0.0,0.0020762509871394717,0,0,0.0,0.0022169891970692454,2564,0.8967113326066937,0.9038515401037376,0.13514175676191986,0.13922601078775318,0.007140207497043902,0.28478369961360633,0.1675298906766936,0.08894564966292462,0.2693286251935012,0.16126797825008504,0.0949748106806142,0.1,0.10733643190416668,0.12484429864583334,11.2355222,106,383,8,0.38936327296517254,0.25390146288908605,29,0.30485199119979584,0.3169856085103338,0,0,0,1,256
84,84-8085297,1,2026-09-30,,T084,1,1,0,30,0,0,0,0.0025194311404196216,0.7578265011072849,300.792702348303,0.0024763785466039986,0.002858516020820518,0.0024930051208407822,-0.12626947821919837,1.0,0.4194915254237288,0.4194915254237288,0.0,0.0,53,1,18,1.0,1.0000000000000473,0.0,,54,1,29,1.0,0.9999999999998159,,,,,,,0,64,0.0,not_listed,,,,,,,,,,,,,,,,,,,,,,,,,,,,not_listed,0,0,,,,,0,0,0,0,Miscellaneous,"Media, marketing & other",not_listed,,,,,,,152.95597222222221,152.94916666666666,13.328055555555556,,152.95597222222221,0.0,0.0,0.0,0.0,0.0,0.0,0.0,0,0.30416666666666664,0.7166666666666667,0.0,0.0,0,-0.7791432660000001,0.009800902790740584,0,0,,0,0,0,0,0,0,0,0,0,0.0,0.0004442384175250136,0,0,0.0,0.0005123285029961307,930,0.8875948512844128,0.8948943610014815,0.21808144307397767,0.22445693968657662,0.007299509717068579,0.658244561626478,0.03342513567685276,0.05344108160165392,0.07239174717046604,0.027763509705027795,0.033465144176738106,0.9,0.9,0.9,0.0,1,5,29,0.4482758620689655,0.6042547021357965,40,0.0,0.13696421082891994,1,1,0,1,64
85,85-5258781,1,2026-09-30,Vidaio,T085,1,0,0,30,0,0,0,0.0059223396283686995,1.7813965410414656,300.792702348303,0.005062791443298728,0.004887743175487909,0.005355732707207533,0.1920008996674171,0.0,0.1618366703003024,0.004166666666666667,0.0,0.0,59,59,30,0.07185241685152821,0.14348683442115226,0.9152542372881356,54,40,40,30,0.06983208166651445,0.19776846258519828,,,,,,,5,256,0.01171875,found,0,34,2,0,10,18,18,1,18,8,3,7,18,25,18,652.2349652777777,43.70905092592593,0,1,1,0,1,1,1,1,0,6,live,1,0,,,,,0,0,1,1,Media & Voice AI,"Media, marketing & other",found,2707,594.1619675925926,28,14,16,11,547.0902777777778,531.1672222222222,374.53791665509345,,547.0902777777778,0.0,248.60058560099998,-248.60058560099998,1.278999645178517,-312.143976344,1.4458493170585123,-1098.333950465,0,0.9958333333333333,1.0,1.0,1.0,3,51.47860989299999,0.006246766753820805,1,1,343.6716087962963,1,0,0,0,1,0,1,1,2,0.5219046395960427,0.02647877974011553,0,0,0.49281191290115534,0.028227386742016327,2890,0.31150137252212856,0.32119647209492685,0.014920442005746338,0.016123734807739862,0.009695099572798307,0.03477613816800718,0.009794498508410724,0.09628829170673082,0.03971847925759977,0.011943378187782634,0.09738336523765888,0.0005,0.0005055975791666667,0.0005013091208333334,0.037241914,66,26,5,0.9997029530502478,0.9857544564997258,11,0.9975813565473836,0.9783412431460445,1,0,0,1,256
86,86-8693284,1,2026-09-30,,T086,1,1,0,30,1,0,1,0.0059899788831622395,1.80174193527564,300.792702348303,0.005989993816792807,0.005989978883153794,0.005989512352840857,1.4099832412729548e-12,,,,,,0,0,0,,,,,0,0,0,,,,,,,,,0,140,0.0,not_listed,,,,,,,,,,,,,,,,,,,,,,,,,,,,not_listed,0,0,,,,,0,0,0,0,Miscellaneous,"Media, marketing & other",not_listed,,,,,,,68.25458333333333,,,,68.25458333333333,0.0,0.0,0.0,,0.0,,0.0,0,0.0,0.7166666666666667,0.0,0.0,0,0.0,0.0,0,0,,0,0,0,0,0,0,0,0,0,,0.0,0,0,,0.0,0,,,,,,,0.0,0.0,,0.0,0.0,0.0005,0.0005,0.0005044598291666667,0.0,0,135,5,,0.3786214880283857,5,,0.37621252324711246,1,1,0,1,256
87,87-7208725,1,2026-09-30,Provenonce,T087,1,0,0,30,0,1,1,0.004526940960408085,1.36167080485237,300.792702348303,0.004149583775532282,0.0038009780385459017,0.0040050641941701305,0.17478801452854958,1.0,1.0,1.0,1.0,1.0,0,0,0,,,,,0,0,0,,,,,,,,,0,256,0.0625,not_listed,,,,,,,,,,,,,,,,,,,,,,,,,,,,live,1,1,58,1,1,1,0,0,1,0,"Cybersecurity, Authenticity & Verification",Security & verification,found,3118,7046.393888888889,4,4,3,1,274.8823611111111,267.81319444444443,95.35319444444444,72.31902776620454,72.31902776620454,0.0,0.0,0.0,0.0,0.0,0.0,35.3935,1,0.0,0.7166666666666667,0.0,0.0,0,-12.826649524000002,0.010871590697136094,0,0,,0,0,0,0,0,0,1,2,0,0.9000711695106925,0.07310964550635553,0,1,0.9581757373746349,0.0782395946947876,1257,0.49368871622896615,0.5162954333104304,0.03693529472422279,0.043297592671515756,0.022606717081464237,0.02030305023911713,0.05975075459550265,0.34504237361960166,0.028183831740687827,0.056125796059544764,0.338297400079396,0.001,0.001009862025,0.001,0.131,131,6,12,0.0,0.23397804270425587,12,0.0,0.2092072902851689,1,0,0,2,256
88,88-5299805,1,2026-09-30,Investing,T088,1,0,0,30,0,0,0,0.0029273753457928595,0.8805331410488322,300.792702348303,0.003274842477948219,0.0038853776126498464,0.004341772872707207,-0.28311394153576025,0.0,0.0,0.0,0.0,0.0,198,195,30,0.07907610426746363,0.18131181432247445,0.08080808080808081,,231,217,30,0.06644020055634833,0.20049967745716343,,,,,,,61,256,0.14453125,found,5,5,1,0,2,1,1,1,0,1,1,1,13,13,13,547.8623148148148,6.160532407407407,0,1,0,0,1,1,1,1,0,5,live,1,0,,,,,0,0,0,1,Financial Markets & Investing,Finance & forecasting,found,2034,545.0869675925926,42,15,88,23,541.3925,534.3458333333333,352.3748611111111,463.3745833333333,541.3925,0.0,0.0,0.0,0.0,0.0,0.0,0.0,0,1.0,1.0,1.0,1.0,0,-0.958022138,0.002116585242011392,0,0,,1,0,0,0,0,0,0,0,0,0.9857982508378077,0.22556007592343108,1,0,0.9904683110740568,0.22097413240394304,2541,0.6295159382298857,0.6357939144315777,0.11858603099441,0.12258605307744588,0.006277976201691995,0.5556250655027287,0.1769700270553456,0.03271077491944293,0.552437326194734,0.17228852518161267,0.034142596083956034,0.01,0.0102969868625,0.010189130341666667,2.777301051,258,258,17,0.7578452592214439,0.5583649882140858,12,0.6993480737782495,0.5913863116479326,1,0,0,1,256
89,89-5313364,1,2026-09-30,InfiniteQuant,T089,1,0,0,30,0,0,0,0.003049481273624095,0.9172617130539363,300.792702348303,0.0032195002167349717,0.003452854989942702,0.0036089065240360652,-0.1242299202096312,0.0,0.0,0.0,0.16049650830973405,0.16666666666666666,198,184,30,0.02605734970103006,0.07346112498335484,0.0,,125,118,30,0.04287749620545025,0.09128014285862232,,,,,,,149,256,0.01171875,found,16,16,3,0,9,114,114,3,0,25,4,2,1,1,1,116.32708333333333,9.999502314814816,0,1,1,0,1,1,1,0,0,5,replaced_by_security_software,,,,,,,,,,,Financial Markets & Investing,Finance & forecasting,found,201,1638.1471412037038,0,0,0,0,539.5093055555556,482.3277777777778,414.3231944328712,100.14444444444445,100.14444444444445,11.031251208,26.084152045000007,-15.052900837000006,0.20675634493937078,-10.991505568000001,0.07727502797587675,-99.221136194,1,1.0,1.0,1.0,1.0,0,-1.199681187,0.0028440773187264463,0,0,,0,0,0,0,0,0,0,0,0,0.0,0.0012255107710812997,0,0,0.0,0.0012831572135304648,1665,0.9060293163395475,0.9094069184690694,0.23984945316045542,0.2423134704686838,0.003377602129521928,0.37187427277940843,0.1566420422103827,0.12085689848689496,0.34590733632634246,0.1511943250505992,0.12654185075953983,0.025,0.04434125553333334,0.05064359101666667,4.6631283,112,110,9,0.03772136762708111,0.5925123608641248,10,0.04314575935285652,0.6333511288937861,1,0,0,2,256
90,90-8618670,1,2026-09-30,KubeTEE,T090,1,0,0,30,0,0,0,0.02369100856394386,7.126082487305463,300.792702348303,0.027705677435738547,0.03294970181933215,0.032798106820056086,-0.3298866207498052,0.13259663619101048,0.4246155144831088,0.49166666666666664,0.8211081294245862,1.0,2,2,30,0.5713302881749327,0.6888521752256678,0.0,,1,1,30,1.0,1.0,,,,,,,2,99,0.0,found,37,222,23,0,27,49,460,37,4,29,58,2,1,0,1,62.36965277777778,6.625231481481482,0,1,1,1,1,1,1,1,1,8,live,1,0,,,,,0,0,0,1,"Compute, Storage & Network Infrastructure",Compute & inference,found,195,50.17346064814815,6,3,9,7,78.62166666666667,62.32,,,78.62166666666667,19.240071525,0.0,19.240071525,0.0,87.654516925,0.0,204.8842162980001,1,0.7166666666666667,0.7166666666666667,0.0,0.0,0,-113.82899322300003,0.10052090869866634,0,0,,0,0,0,0,0,0,1,1,1,0.8986079630687682,0.15960581223168416,1,1,0.9406102600353897,0.16060937430693392,697,0.6682460576566469,0.6922333235785838,0.11277868310841377,0.12693395024729426,0.02398726592193692,0.4208021998177566,0.17761450909763407,0.0,0.2995015658762927,0.17075018329152727,0.0,0.0005,0.0005,0.0005042361250000001,0.001,2,30,7,0.3851535178991502,0.28681241062379964,6,0.5246276809346264,0.3599939782061122,1,1,0,1,256
91,91-7633645,1,2026-09-30,cascade,T091,1,0,0,30,0,0,0,0.004767518924198676,1.4340349007063942,300.792702348303,0.00730110338497939,0.008094469951379336,0.008313513709367757,-0.5293550785634152,0.0,0.0,0.0,0.0,0.0,13,10,30,0.2863169837922158,0.48241529243731157,0.0,,12,9,30,0.24261084639016006,0.4031614357922464,,,,,,,5,256,0.01953125,found,320,456,4,124,27,213,956,4,119,30,6,4,6,5,7,108.56545138888889,0.3136689814814815,0,1,1,0,1,1,1,0,0,5,live,1,0,,,,,0,0,0,0,AI Training & Model Improvement,Training & optimisation,not_listed,,,,,,,215.7601388888889,205.10361111111112,162.98888888888888,83.39111111111112,83.39111111111112,0.0,0.0,0.0,0.0,0.0,0.0,0.0,0,1.0,1.0,1.0,1.0,0,-43.120248759000006,0.017817243575553195,1,1,19.95423611111111,0,0,1,0,0,0,0,0,0,0.4750600712133368,0.08309973852786504,1,0,0.2346486076385135,0.04114857247064317,1249,0.6413255441446383,0.644888545787681,0.21802931805073264,0.22131171511218528,0.0035630016430426353,0.4459801027306268,0.16716920177257572,0.2181139362269549,0.3891140841412233,0.15697235688803451,0.2554636446715606,0.1,0.10610538865833334,0.1258016142375,55.349747054,508,1098,8,0.26177274565775277,0.3233843865122029,8,0.2524271509286235,0.389450202657992,1,0,0,1,256
92,92-8352006,1,2026-09-30,Available,T092,1,1,0,30,0,0,0,0.0014422315870510466,0.43381273648116614,300.792702348303,0.002622294594383313,0.005361221231425203,0.004469264701333433,-1.3130001635631245,0.0,0.2585400983839292,0.28870292887029286,0.6362596653421254,0.6458333333333334,27,20,29,0.18235345708332085,0.3769205870082303,0.037037037037037035,,12,10,18,0.6915073587190643,0.824772649829396,,,,,,,1,256,0.0,not_listed,,,,,,,,,,,,,,,,,,,,,,,,,,,,not_listed,0,0,,,,,0,0,0,0,Miscellaneous,"Media, marketing & other",not_listed,,,,,,,115.86,115.83680555555556,43.365972222222226,10.370416666666667,10.370416666666667,0.0,86.265335257,-86.265335257,1.449975118684495,0.0,0.0,-1083.5865264830002,1,0.6166666666666667,0.7708333333333334,0.14166666666666666,0.14166666666666666,0,-6.063105951,0.04181844663733,0,0,,0,0,0,0,0,0,0,0,0,0.9881346469334886,0.046061849170855686,0,0,0.902921569577837,0.06303794007428444,738,0.6660498201303051,0.6683446071040456,0.07169263465209229,0.07247981311878347,0.002294786973740558,0.1515277587922599,0.0466149520349286,0.2284155744322476,0.3334794462221018,0.06981552130132185,0.262499024273959,0.099999999,0.10013569917916668,0.039602851037500005,3.622500526,36,134,5,0.2639125976951965,0.46134633508703665,8,0.5877796032236989,0.49230212155050274,1,1,0,1,256
93,93-5370681,1,2026-09-30,Bitcast,T093,1,0,0,30,0,0,0,0.019062614045235807,5.733895192489195,300.792702348303,0.02005458818825358,0.016988134206683617,0.012811334501762745,0.11521392454347651,0.01999935251660645,0.023597017312810446,0.0,0.2169474822663081,0.225,7,7,30,0.8349203912557445,0.91081132740249,0.7142857142857143,5,12,12,30,0.3783653141465546,0.47695715445280895,,,,,,,3,256,0.00390625,found,8,21,2,21,8,1,73,4,61,20,5,2,9,9,14,523.5791435185185,13.115717592592592,0,1,1,0,1,1,0,0,0,4,live,1,0,,,,,0,0,0,0,"Marketing, Sales & Commerce","Media, marketing & other",found,3851,544.3506365740741,33,17,39,17,531.5486111111111,515.3759722222222,117.53722222222223,,531.5486111111111,0.0,0.0,0.0,0.0,0.0,0.0,0.0,0,1.0,1.0,0.9833333333333333,1.0,8,153.50472999500005,0.006747900231505055,4,3,28.085208333333334,3,1,2,0,1,0,1,1,4,0.35227693650592373,0.08203915218453922,1,0,0.38229012563789233,0.08617665547367684,4218,0.4736746814957849,0.4834933708374604,0.08870650911270055,0.09446051562235945,0.009818689341675495,0.3631100523504261,0.146935593402924,0.20857683644949257,0.3528188466266456,0.1422284945150853,0.21866527942961586,0.005,0.005,0.005000529166666667,0.01,2,8,14,0.6410355061260834,0.4319542715847852,14,0.7028517765662957,0.5159949836858425,1,0,0,2,256
94,94-6962737,1,2026-09-30,Cathedral,T094,1,0,0,30,0,1,1,0.005578995200891966,1.6781210428645081,300.792702348303,0.004167801494197469,0.0044699400138844105,0.00407374010175333,0.22163369983088627,1.0,1.0,1.0,1.0,1.0,0,0,0,,,,,0,0,0,,,,,,,,,0,256,0.0390625,found,125,286,7,130,16,86,794,5,293,27,15,7,0,4,8,84.6453125,0.639375,1,1,1,0,1,1,0,0,0,4,live,1,0,,,,,1,0,0,1,"Compute, Storage & Network Infrastructure",Compute & inference,found,146,142.81055555555557,1,1,2,1,309.07916666666665,285.4290277777778,79.79708333333333,2.1638888888888888,3.0956944444444443,0.0,0.0,0.0,0.0,0.0,0.0,0.0,0,0.0,1.0,0.0,1.0,0,-13.392322417,0.008073151684797952,1,1,137.4792476851852,1,1,0,0,0,0,0,0,0,0.0,0.0001082810795795126,0,0,0.0,0.00011839737720304581,1281,0.397326648405209,0.3992076268876644,0.02422897122492036,0.02457716331714566,0.001880978482455429,0.2894825559280093,0.002881752413564465,0.3265895440373865,0.284041447531767,0.033909706739655654,0.31879523789134995,0.000520621,0.0005030201333333334,0.0005001366083333333,0.03656722,73,6,13,0.3801617723799572,0.2510499215813766,13,0.36481250994016823,0.24002931807768974,1,0,0,1,256
95,95-5403674,1,2026-09-30,Actual,T095,1,0,0,30,0,1,1,0.029333082973429583,8.82317729578488,300.792702348303,0.0416084953305963,0.04575624374622801,0.05077286544303967,-0.4446122669600535,1.0,1.0,1.0,1.0,1.0,0,0,0,,,,,0,0,0,,,,,,,,,0,256,0.0,dead,,,,,,,,,,,,,,,,,,,,,,,,,,,,live,1,0,,,,,1,0,0,1,AI Inference & Model Serving,Compute & inference,not_listed,,,,,,,526.96625,378.2340277777778,,,526.96625,0.0,0.0,0.0,0.0,0.0,0.0,0.0,0,0.0,0.7166666666666667,0.0,0.0,1,-42.36000778399997,0.004659211270898099,0,0,,0,0,0,0,0,0,1,1,0,0.0,0.002422580399806846,0,0,0.0,0.002571689220332846,2181,0.6196573429620749,0.6350998203359282,0.09804528799742372,0.10705817818961658,0.015442477373853318,0.28194385164818353,0.13137477601928998,0.3009652362886554,0.25554479873613023,0.12838219539081056,0.2942540509070827,0.0005,0.0005,0.0005,0.0,0,4,13,0.0,0.30223963872717713,12,0.0,0.34225652368556775,1,0,0,1,256
96,96-7692872,1,2026-09-30,Verathos,T096,1,0,0,30,0,0,0,0.004587740553468823,1.3799588787507866,300.792702348303,0.006452636208011175,0.007498198101295592,0.008420180437652663,-0.4912750897868821,0.32790200458839536,0.33232664823105246,0.0,0.3896861270952892,0.008333333333333333,129,54,30,0.051117669808165934,0.1031853353208897,0.0,,286,111,30,0.03219030792866938,0.07553874963419348,,,,,,,69,256,0.0,found,47,47,1,0,7,87,87,1,0,19,1,1,8,8,8,160.15802083333332,6.655717592592593,31,1,1,1,1,1,0,1,1,7,live,1,1,,0,0,0,1,0,0,1,AI Inference & Model Serving,Compute & inference,found,543,204.03179398148148,26,21,18,15,207.52791666666667,158.68319444444444,197.4248611111111,184.42875,184.42875,0.0,0.0,0.0,0.0,0.0,0.0,0.0,0,1.0,1.0,1.0,1.0,0,-35.696257222,0.021306550787908326,0,0,,0,0,0,0,0,0,0,0,0,0.9402666946622575,0.14400460097692727,1,1,0.9992542922853267,0.1419083087834353,1197,0.7672167500300265,0.7686375452350065,0.109415337887259,0.10992625985413587,0.0014207952049799597,0.34664815888791156,0.048742266767451914,0.19092928019121988,0.2727901283112099,0.0347987330371904,0.20270428308092558,0.1,0.10021792900416668,0.10106227745833335,3.205952907,32,103,17,0.5116808481479308,0.29008225315555647,8,0.6990181620009717,0.2702500953679551,1,1,1,1,256
97,97-7735450,1,2026-09-30,Albedo,T003,2,0,0,30,0,0,0,0.016743911552441693,5.036446403739906,300.792702348303,0.020729096488593796,0.023323528023458023,0.02439902451774384,-0.33142793470849485,0.0,0.0,0.0,0.0,0.0,11,9,30,0.1281347222222223,0.1708333333333335,0.0,,23,16,30,0.09392638888888889,0.17166666666666686,,,,,,,5,256,0.05859375,found,101,101,2,0,21,115,115,2,0,24,3,5,3,10,3,127.59574074074074,0.39444444444444443,0,0,0,0,1,0,1,0,0,2,live,1,0,,,,,0,0,0,0,AI Training & Model Improvement,Training & optimisation,not_listed,,,,,,,201.61125,201.59930555555556,44.48430555555556,126.52194443287121,184.42875,0.0,0.0,0.0,0.0,0.0,0.0,0.0,0,1.0,1.0,1.0,1.0,2,-112.24831537700003,0.01708797618775604,0,0,,0,0,0,0,0,0,0,0,3,0.0,0.004933254574399498,0,0,0.0,0.005025770625120663,1942,0.6955889950963394,0.7121530329384446,0.24568422234199788,0.26208155387034704,0.01656403784210519,0.47369444089132734,0.18537465157684985,0.03799608144828592,0.4083767103674775,0.17868833924483032,0.04485836687343691,0.13862522,0.3800513801875,0.6499314726583333,189.343594214,610,614,3,0.7964334707259558,0.6800785199234292,4,0.9498814864548683,0.6576739546494726,0,0,0,1,256
98,98-5445992,1,2026-09-30,NeverPlayAlone,T098,1,0,0,30,0,0,0,0.002127554350992227,0.6399528226278419,300.792702348303,0.002539550412083635,0.00286999386689733,0.002924694446023222,-0.29933676477823606,0.0,0.0,0.0,0.0125,0.0125,14,5,30,0.3288888888888889,0.43333333333333335,0.0,,19,6,30,0.3706492905339244,0.5358649789029536,,,,,,,1,256,0.0078125,found,1,4,1,3,4,4,9,1,8,6,1,1,2,0,3,126.27150462962963,21.168333333333333,0,1,0,0,1,1,1,0,0,4,live,1,0,,,,,0,0,0,1,AI Agents & Automation,"Agents, data & search",dead,,,,,,,521.08875,488.43666666666667,93.71027777777778,90.3536111111111,90.3536111111111,0.0,0.0,0.0,0.0,0.0,0.0,0.0,0,1.0,1.0,0.8833333333333333,0.8833333333333333,0,-0.803298,0.0026553550855819316,0,0,,0,0,0,0,0,0,0,0,0,0.47833165952491513,0.08201480858846223,0,0,0.6642162567726217,0.1075311837263401,1342,0.7441081556354552,0.7467197534868383,0.2940714189500873,0.29687746456301595,0.002611597851383084,0.5909248365010614,0.16761752781602435,0.25389587335221026,0.4910940502956368,0.15899877444205893,0.26544037903177237,0.1,0.10087821990833334,0.10166622642083332,14.745594117,146,187,9,0.6220553855870912,0.4286015899087464,11,0.5556142646356463,0.45501429480998346,1,0,0,1,256
99,99-8572056,1,2026-09-30,Thirty Spokes,T099,1,0,0,30,0,0,0,0.0011824315780473093,0.3556667897028185,300.792702348303,0.002295659415532418,0.003493332509610944,0.004203333096565735,-1.083283176832931,0.0,0.2558635263306011,0.20416666666666666,0.0125,0.0125,4,3,25,0.34985336679729634,0.4368061397622275,0.0,,16,11,30,0.2863097362972815,0.42062379162110775,,,,,,,2,256,0.0,not_listed,,,,,,,,,,,,,,,,,,,,,,,,,,,,live,1,0,,,,,0,0,0,0,AI Inference & Model Serving,Compute & inference,not_listed,,,,,,,85.09805555555556,84.3025,,,85.09805555555556,0.0,0.0,0.0,0.0,0.0,0.0,0.0,0,0.7958333333333333,1.0,0.9875,1.0,0,-1.232115163,0.07471605555235351,0,0,,0,0,0,0,0,0,0,0,0,0.0,0.0,0,0,0.0,0.0,586,0.849235430849058,0.8497375840674665,0.31303866741657194,0.31358959977010975,0.0005021532184084659,0.446248238072915,0.17952376954572033,0.1241370981872498,0.31319443487091886,0.15297763170556292,0.13163515234320058,0.5,0.3189346442916667,0.0005252657416666667,4.025002628,55,195,4,0.933383021786564,0.7386074044279923,7,0.9878769530044011,0.7410479891711563,1,1,0,1,256
100,100-6693448,1,2026-09-30,Cortex,T100,1,0,0,30,0,0,0,0.0035980101111723673,1.0822551844160546,300.792702348303,0.004647890946003223,0.005856629573894414,0.005561436276896415,-0.48719333433897427,0.0,0.850986022479871,0.9083333333333333,0.4819682006142102,0.5541666666666667,29,26,11,0.13045992657650907,0.29998435863500444,0.0,,40,21,20,0.11336849586019473,0.16890858074263768,,,,,,,26,256,0.0,found,142,250,4,183,24,589,600,3,122,24,7,3,160,18,688,522.9626388888889,2.1166319444444444,9,1,1,1,0,1,1,0,1,6,live,1,1,,0,0,0,0,0,0,0,AI Training & Model Improvement,Training & optimisation,found,517,1112.720636574074,3,2,4,3,346.4888888888889,317.41583333333335,,35.878055555555555,35.88583333333333,0.0,0.0,0.0,0.0,0.0,0.0,0.0,0,0.3,1.0,0.6,1.0,1,-19.834408746000005,0.00928611134576687,0,0,,0,0,0,0,0,0,0,0,0,0.0,0.1161910008704529,0,0,0.0,0.11667810560899189,1692,0.6324668977053797,0.6416647449733198,0.07995333686896562,0.08341903338486126,0.009197847267940129,0.4844911276106779,0.010884120469151012,0.2878830279746275,0.4716256527040159,0.023386183128041978,0.2825301141216385,0.0005,0.0005051557,0.006946667975,0.048701829,93,944,8,0.4881886991973513,0.3708233311735889,5,0.0718313173309851,0.4391802851870832,1,0,0,1,256
101,101-5481350,1,2026-09-30,Tag101,T101,1,0,0,30,0,0,0,0.0037404727763704643,1.1251069144647317,300.792702348303,0.004112959197251571,0.0044240446020992075,0.004611988108554547,-0.16784233178652733,0.9078127651009709,0.9016156930292103,1.0,0.9008323612593813,1.0,481,25,30,0.10410308692647655,0.12130508487181306,0.7338877338877339,44,701,48,30,0.08161171602138113,0.12027053325469783,,,,,,,181,256,0.20703125,found,0,0,0,0,0,2,2,1,1,1,1,1,0,5,0,112.82879629629629,30.832025462962964,0,1,0,0,1,1,1,1,0,5,live,1,0,,,,,0,0,0,0,Data & Database Construction,"Agents, data & search",not_listed,,,,,,,516.1779166666666,363.1152777777778,,,516.1779166666666,0.0,0.0,0.0,0.0,0.0,0.0,0.0,0,1.0,1.0,1.0,1.0,0,-9.715464144999999,0.004164507203289637,0,0,,0,0,0,0,0,0,0,0,0,0.0,0.0038560560653434182,0,0,0.0,0.004107767283829874,2332,0.7913020421658126,0.7943903121682522,0.32976228076780073,0.33327090406682736,0.0030882700024395964,0.5627812814962688,0.2355879961618557,0.2663339410931763,0.5302924468943258,0.22710072265552073,0.25955642950279406,0.0005,0.0009984948416666666,0.004499732454166667,1.178274917,610,1752,9,0.5850325448431449,0.3941660252847197,9,0.6053451454624573,0.36708657429872127,1,0,0,1,256
102,102-7840965,1,2026-09-30,ConnitoAI,T102,1,0,0,30,0,0,0,0.005639782604751891,1.6964054503402726,300.792702348303,0.006924697913779408,0.008468777802800809,0.009142234579744203,-0.40654068155181156,0.2501407277304679,0.26366346287056025,0.016666666666666666,0.2570368487397597,0.008333333333333333,255,37,30,0.10361133641109181,0.17356025380972162,0.027450980392156862,,245,40,30,0.10067666130837656,0.15298307716852375,,,,,,,5,256,0.16015625,found,107,124,4,48,17,51,51,3,24,9,5,4,5,15,6,176.4250810185185,5.396400462962963,8,1,1,1,1,1,1,0,1,7,live,1,1,21,1,1,1,0,0,1,0,AI Training & Model Improvement,Training & optimisation,found,715,165.24356481481482,3,3,11,11,186.94791666666666,180.25944444444445,71.03124998842677,,186.94791666666666,0.0,0.0,0.0,0.0,0.0,0.0,-1.07283489,0,0.9833333333333333,1.0,0.9916666666666667,1.0,1,-34.93032058,0.017959973192398313,0,0,,0,0,0,0,0,0,1,1,0,0.0,0.001223547673446828,0,0,0.0,0.0014232035297561591,1432,0.575668730406585,0.6147260428661968,0.05379454289718261,0.06832345469953746,0.03905731245961183,0.16297534549249204,0.07057431136730016,0.09551891335253979,0.10741982141349983,0.04921703219359473,0.09453296639399102,0.019210877,0.04676563485833333,0.020948886533333332,74.908395923,1798,1419,5,0.5452794844252796,0.4014330537260409,4,0.6055028062725533,0.4865408777908733,0,0,0,1,256
103,103-8762380,1,2026-09-30,Capcomp,T103,1,0,0,30,0,0,0,0.0010917756301776656,0.3283981421591615,300.792702348303,0.004843487276658918,0.018630225090206756,0.010766945794983822,-2.8369798773359762,0.0,0.021499853489998107,0.020833333333333332,0.6948893489265047,0.7763157894736842,44,32,30,0.5538526197771775,0.7366715237877096,0.022727272727272728,,30,23,17,0.19706873920996462,0.28751306923995107,,,,,,,1,128,0.0,owner_only,46,46,2,0,5,116,116,2,0,20,2,2,0,0,0,48.395069444444445,24.229861111111113,0,1,1,1,1,1,1,1,0,7,replaced_by_security_software,,,,,,,,,,,AI Training & Model Improvement,Training & optimisation,found,173,47.68039351851852,1,1,3,3,58.65416666666667,58.500972222222224,,,58.654166655093434,0.0,232.874805838,-232.874805838,2.0549836531418815,0.0,0.0,-232.874805838,0,0.75,0.75,0.14847161572052403,0.14847161572052403,0,-5.048885869,0.11664409691930282,0,0,,0,0,0,0,0,0,0,0,0,0.0,0.0,0,0,0.0,0.0,261,0.577484679262726,0.578457415568288,0.042638722547697176,0.042819759864875524,0.000972736305562041,0.004446290137713527,0.001561605665786404,0.11123614810335514,0.3108525322057718,0.12383782162030263,0.18209130559830916,0.999999999,1.0014362768791667,0.9505588410174673,36.27249847,37,91,3,0.7293101640601406,0.9029096130701308,7,0.726962997885804,0.7803981139319933,1,1,0,1,256
104,104-5528520,1,2026-09-30,TAOstatus,T104,1,0,0,30,0,0,0,0.004159213096715244,1.251060947003432,300.792702348303,0.004254698622805078,0.004301895166886114,0.004409759504533927,-0.03372976515204606,1.0,0.9998770315471727,1.0,0.9643033559055766,0.9958333333333333,20,11,3,0.2871403683453682,0.48454054950560793,1.0,10,60,14,24,0.11775897740169698,0.22553403205342357,,,,,,,0,64,0.0,found,42,42,5,8,12,11,11,1,3,4,5,5,1,2,1,113.27268518518518,0.29247685185185185,0,1,1,1,1,1,1,1,0,7,live,1,0,,,,,0,0,0,1,AI Inference & Model Serving,Compute & inference,found,45,90.52997685185186,38,14,27,25,509.62652777777777,502.3301388888889,,28.50875,29.220833333333335,0.0,0.0,0.0,0.0,0.0,0.0,-13.019297515000002,0,0.0,0.7166666666666667,0.0,0.0,0,-1.571554633,0.002480073719315639,0,0,,0,0,0,0,0,0,0,0,0,0.0,0.0003235330445534132,0,0,0.0,0.00033262256927956243,1127,0.9103525761951899,0.9126810486391794,0.23450952416748033,0.23617681644641572,0.002328472443989453,0.3968804655408813,0.02396037223396353,0.07296754461932534,0.6704710498639354,0.01398152769730248,0.07501753707663136,0.5,0.5,0.5593178476208334,0.0,0,9,15,0.42258674886318554,0.49912581485844887,15,0.10426750490839361,0.5728171364500592,1,0,0,1,64
105,105-6841399,1,2026-09-30,Beam,T105,1,0,0,30,0,0,0,0.006562332652684551,1.9739017723094938,300.792702348303,0.005951651715674976,0.00686976729020674,0.007468269441779229,-0.0457841052789002,0.0,0.008333333333333333,0.008333333333333333,0.0,0.0,452,344,30,0.01035265491992896,0.020953344786804644,0.004424778761061947,,373,353,30,0.008755502667553863,0.01943986941973697,,,,,,,222,256,0.06640625,owner_only,36,53,4,12,19,6,15,1,0,7,4,2,4,8,7,140.0802199074074,1.9081944444444445,0,1,1,0,0,1,0,1,0,4,live,1,1,5,0,0,1,0,0,0,0,"Compute, Storage & Network Infrastructure",Compute & inference,found,1488,264.069525462963,44,30,36,26,325.9352777777778,316.22208333333333,,,325.93527776620454,0.0,0.0,0.0,0.0,0.0,0.0,0.0,0,0.9916666666666667,1.0,1.0,1.0,0,-16.363238638000002,0.005613524458668614,2,2,12.337685185185185,1,1,1,0,0,0,1,1,0,0.0,0.05819318641037478,0,0,0.0,0.0687138834252285,7215,0.4576286318158254,0.4673045575535074,0.04092240903166743,0.043765606565499965,0.009675925737682025,0.16309624912026935,0.0014479859125474416,0.14999933998997728,0.16099414802698694,0.015911808137250735,0.16369231630564166,0.001027884,0.0014684748833333333,0.0158310781625,1.070951896,414,335,7,0.8753236418618879,0.821127985234157,6,0.8901241671872798,0.7941309461880988,1,0,0,1,256
106,106-5558480,1,2026-09-30,Nodexo,T106,1,0,0,30,0,0,0,0.0020456462175484683,0.6153154538249883,300.792702348303,0.002555851092171796,0.0028815237185784714,0.003050981523385703,-0.3426054848122139,0.0,0.0,0.0,0.0,0.0,29,24,30,0.17471004458863995,0.27746322608351986,0.896551724137931,25,68,56,30,0.1040397749943264,0.20053274251620917,,,,,,,12,256,0.0,found,0,0,0,0,0,0,0,0,0,0,1,1,1,1,1,105.46399305555556,69.45121527777778,8,1,1,0,1,1,0,1,0,5,live,1,1,11,1,0,1,1,0,0,1,"Compute, Storage & Network Infrastructure",Compute & inference,found,7460,1423.2433680555555,19,12,25,17,505.46541666666667,495.41277777777776,98.50805555555556,98.41041666666666,112.32111111111111,0.0,0.0,0.0,0.0,0.0,0.0,0.0,0,1.0,1.0,1.0,1.0,0,-0.7893584170000001,0.002701234248157482,0,0,,0,0,0,0,0,0,0,0,0,0.9989655907476702,0.06826400022871952,1,1,0.999593851236218,0.0633226231110773,1930,0.5263618657970435,0.5355898762933763,0.04300015104736145,0.0457402551099155,0.009228010496332824,0.20522210053528522,0.013166712748753862,0.16919415713219363,0.14984766046405062,0.010321708445161419,0.17708235857667798,0.0005,0.000501499925,0.000503429525,0.008116792,16,63,18,0.4435646045034634,0.23949976080651755,16,0.4764781560966732,0.30463990977112193,1,1,1,1,256
107,107-7457580,1,2026-09-30,Minos,T107,1,0,0,30,0,0,0,0.041578799405077714,12.506599433451338,300.792702348303,0.04997819024737063,0.061540488571452515,0.06216848850450371,-0.3921049012737677,0.0,0.19027030164434108,0.22083333333333333,0.0,0.0,127,102,29,0.046139735844642406,0.08819562916235829,0.007874015748031496,,122,72,30,0.08402412859163179,0.1315478692609251,,,,,,,20,100,0.16,found,5,5,2,2,3,12,12,2,3,4,2,3,13,13,13,219.79538194444444,26.988518518518518,6,1,1,0,1,1,1,1,0,6,live,1,1,20,1,0,1,0,1,0,0,Scientific & Technical Problem Solving,Science & robotics,found,1862,237.22069444444443,2,2,4,4,240.24125,233.25319444444443,,,240.24125,0.0,0.0,0.0,0.0,0.0,0.0,0.0,0,0.8041666666666667,0.8041666666666667,1.0,1.0,0,-175.42311224200003,0.012716319988659542,2,2,89.26538194444444,2,1,1,0,0,0,1,1,2,0.1189109972346063,0.018818240718310647,1,0,0.1418281818131025,0.021442181475644338,2504,0.5682958922373241,0.580733683602609,0.14971786182620644,0.15931478121484918,0.012437791365284844,0.37070527424036004,0.15377725286056668,0.18596585127581947,0.38854151325519815,0.14690667585320794,0.2029981457758524,0.99,0.9995391686708334,1.0141888651208333,119.6822267,116,291,8,0.7775814409857271,0.5301651905208744,7,0.7780395165206042,0.650622207439956,1,0,0,1,100
108,108-9111253,1,2026-09-30,ChipForge,T108,1,0,1,11,1,0,1,0.004442118806749299,1.336156920034341,300.792702348303,0.00444198884215273,,,,,,,,,0,0,0,,,,,,,,,,,,,,,,0,62,0.0,found,26,50,3,2,10,0,0,0,0,0,3,2,4,4,18,393.5687731481481,0.2718171296296296,0,1,1,1,1,1,1,1,0,7,live,1,1,,0,0,1,0,0,0,1,Scientific & Technical Problem Solving,Science & robotics,found,12930,960.1053472222222,13,9,6,6,10.130694444444444,,,,10.130694444444444,0.0,0.0,0.0,,,,0.0,0,0.0,0.0,,,0,0.0,0.0,0,0,,0,0,0,0,0,0,0,0,0,,0.0,0,0,,,0,,,,,,,0.0,0.0,,,,0.5,0.3775242887073171,,,61,,3,,0.5176833857602308,,,,1,1,0,1,256
109,109-7257480,1,2026-09-30,Finsight,T109,1,0,0,30,0,1,1,0.002327379887488112,0.7000588857486386,300.792702348303,0.002586364445300454,0.00287784795124631,0.0029996103700625277,-0.21229965264280048,1.0,1.0,1.0,1.0,1.0,0,0,0,,,,,0,0,0,,,,,,,,,0,256,0.0,not_listed,,,,,,,,,,,,,,,,,,,,,,,,,,,,live,1,0,,,,,0,0,0,1,Financial Markets & Investing,Finance & forecasting,not_listed,,,,,,,268.1073611111111,261.09263888888887,59.23861111111111,64.28722222222223,64.28722222222223,2.2,0.0,2.2,0.0,9.32,0.0,11.52,1,0.0,0.7166666666666667,0.0,0.0,0,-7.850256108999998,0.009685897512211765,0,0,,0,0,0,0,0,0,0,0,0,0.7770267491027961,0.09995516322048877,1,1,0.8169784161146014,0.09145359857385292,1359,0.6751539308479387,0.6847154985009558,0.12923657600635752,0.13570239149906665,0.009561567653017022,0.5903066885971284,0.12394062889564487,0.3459526026371164,0.5562151240598626,0.10690634683092401,0.3390915178875373,0.5,0.5,0.12953950439166667,0.0,0,41,13,0.3872310822109493,0.26076343692671017,14,0.3025490432588038,0.2477429709461074,1,0,0,1,256
110,110-5606062,1,2026-09-30,Green Compute,T110,1,0,0,30,0,0,0,0.016774340257108663,5.0455991360456425,300.792702348303,0.013760385702267638,0.014371765598110646,0.010177655119417607,0.1545847936528107,0.0,0.0,0.0,0.0,0.0,1,1,30,1.0,1.0,0.0,,1,1,30,1.0,1.0,,,,,,,1,256,0.0,not_listed,,,,,,,,,,,,,,,,,,,,,,,,,,,,live,1,0,,,,,1,0,1,1,"Compute, Storage & Network Infrastructure",Compute & inference,dead,,,,,,,498.8568055555556,372.4454166666667,184.217222210649,162.2134722222222,162.2134722222222,0.0,0.15104637399999998,-0.15104637399999998,0.00029255552732524684,-0.2100557,0.0005419218379623978,-0.5110947020000001,0,0.75,0.75,1.0,1.0,2,47.77757880899998,0.006646892876901231,1,1,161.58386574074075,1,0,0,0,1,0,1,1,0,0.0,0.002515792461663776,0,0,0.0,0.002700914652386259,2003,0.48781077573872705,0.495490984421515,0.03308118531900542,0.034669278761842025,0.007680208682787955,0.00043505263723801237,0.00020202993454356919,0.17861627755384724,0.0005952288625281029,0.00039176224805084325,0.19175958611499766,0.0005,0.0005,0.0005,0.0,0,4,15,0.0,0.31173596423804983,15,0.0,0.3292339168751265,0,0,0,1,256
111,111-5615562,1,2026-09-30,Claims,T111,1,0,0,30,0,0,0,0.004396964429601803,1.322574812909291,300.792702348303,0.005252098428565555,0.006577355908200141,0.006051548925536986,-0.4027184264504449,0.0,0.0,0.0,0.8916666666666667,0.8916666666666667,252,218,30,0.010986083835780302,0.04260380547182071,1.0,152,49,18,4,0.18840445825512833,0.3500004108323581,,,,,,,5,256,0.0625,found,72,73,1,0,19,90,94,1,0,25,1,2,6,1,7,128.93116898148148,1.0094560185185186,4,1,1,1,1,1,1,1,1,8,live,1,1,50,1,1,1,0,0,1,0,Data & Database Construction,"Agents, data & search",found,653,119.42113425925926,31,20,32,14,496.21777777777777,475.2911111111111,38.176944444444445,98.56541666666666,107.33152777777778,0.0,0.0,0.0,0.0,0.0,0.0,0.0,0,0.9833333333333333,0.9833333333333333,0.0,0.0,0,-8.859381534,0.00271065332368836,1,1,27.374479166666667,0,0,0,1,0,0,1,1,0,0.0,0.0002501484033452038,0,0,0.0,0.0002612873695252492,1652,0.28075015364478145,0.2901789011297756,0.017660632896808835,0.018555567122221495,0.00942874748499418,0.35266096935396873,0.01176688167738591,0.15040199212654026,0.33364570120380055,0.0037359077695019336,0.15709930732545857,0.612728467,0.8379250316958333,0.09420573042083333,192.444482154,236,338,4,0.8484000261235488,0.7294529874391928,5,0.1572953076810838,0.5181921654815815,1,0,1,1,256
112,112-5633022,1,2026-09-30,for sale,T112,1,1,0,30,0,0,0,0.0057903747469889326,1.7417024677561723,300.792702348303,0.004228710379629678,0.003111063896643119,0.002745200833057518,0.6212322559870617,0.8716360493563116,0.9466084537270945,1.0,0.7777100521721877,0.9333333333333333,1,1,12,1.0,1.0,0.0,,31,30,28,0.06537062763923181,0.1191220741406008,,,,,,,1,256,0.0,not_listed,,,,,,,,,,,,,,,,,,,,,,,,,,,,not_listed,0,0,,,,,0,0,0,0,Miscellaneous,"Media, marketing & other",not_listed,,,,,,,493.7859722222222,375.9613888888889,17.532083321760098,17.418472210648986,17.418472210648986,0.0,31.68931637,-31.68931637,0.2630686037640205,-995.772938806,10.612926460236382,-1027.4622551759999,0,0.375,1.0,0.9291666666666667,1.0,0,-29.681210580999995,0.00392624466363958,0,0,,0,0,0,0,0,0,1,1,0,0.268935679294788,0.02986739597639027,1,0,0.3105016705476639,0.03174293401825398,1430,0.5380284774225026,0.5578547492848906,0.07216445049613054,0.0819947525231488,0.019826271862388094,0.36028053863354875,0.10170868728823683,0.2889008106397932,0.3177008343198434,0.09362508776727434,0.2826617525836135,0.99,0.99,0.9903649727624999,0.0,0,6,10,0.4724861678181486,0.36284616840431666,13,0.07626166024109393,0.38758337953226757,1,0,0,1,256
113,113-7119664,1,2026-09-30,LongShort,T113,1,0,0,30,0,0,0,0.0019372633891400033,0.5827146899798537,300.792702348303,0.002235020589126449,0.002724271419352952,0.0027098188567022123,-0.3409246702672367,1.0,0.995278582907243,1.0,0.9998748760175659,1.0,3,3,21,0.42583296678940374,0.490940777963632,0.0,,1,1,1,1.0,1.0,,,,,,,0,256,0.0,not_listed,,,,,,,,,,,,,,,,,,,,,,,,,,,,not_listed,0,0,,,,,0,0,0,0,DeFi & Crypto Infrastructure,DeFi & crypto infrastructure,not_listed,,,,,,,287.2561111111111,280.2452777777778,120.28458333333333,11.392222222222221,11.392222222222221,0.0,0.0,0.0,0.0,0.0,0.0,0.0,0,0.0,0.7166666666666667,0.0,0.0,0,-1.161127037,0.009115997647720368,0,0,,0,0,0,0,0,0,0,0,0,0.0,0.0225270064420866,0,0,0.0,0.031050864120448985,1183,0.6632165575492048,0.6905570421114995,0.09546569251208457,0.1106729375147904,0.0273404845622947,0.10722205474581646,0.01660407286950439,0.3338665457362817,0.13151738805832472,0.01864682577049827,0.3267707229645143,0.001,0.0010098012875,0.001,0.162490074,160,8,13,0.2952975912558922,0.24713287181446034,14,0.2545086956452954,0.24288808662503691,1,0,0,2,256
114,114-7312241,1,2026-09-30,SOMA,T114,1,0,0,30,0,0,0,0.019473648512528627,5.857531360664497,300.792702348303,0.015370250861385193,0.012703474199885299,0.011259853257256638,0.42718667822954887,0.0,0.0,0.0,0.0,0.0,169,49,30,0.2613608376048603,0.44987595628295174,0.0,,265,42,30,0.43847070998059534,0.6088428815493179,,,,,,,60,256,0.0,found,19,19,3,4,8,28,28,3,5,9,7,8,7,14,7,215.40206018518518,2.3883564814814813,1,1,1,0,1,1,1,0,0,5,live,1,0,,,,,1,0,0,1,AI Optimization & Compression,Training & optimisation,found,916,254.60910879629628,31,20,35,19,260.49902777777777,250.56597222222223,,,260.49902777777777,0.0,0.0,0.0,0.0,0.0,0.0,0.0,0,1.0,1.0,1.0,1.0,0,-112.60705658800002,0.013113639669028142,2,2,5.133506944444444,1,1,0,1,0,0,1,2,0,0.2296432802365765,0.0630911442554158,1,0,0.2686478751658026,0.07181137579104384,2379,0.5699142596185218,0.579047818918791,0.14421674445626867,0.15103837999649894,0.00913355930026913,0.4655809997066552,0.18812371695574584,0.16149158223840251,0.5101812605068887,0.18303693124025977,0.18381236916965085,0.25,0.25183986284166665,0.12579997175,23.281090504,92,477,9,0.534190325175302,0.3953720277597062,11,0.5158694152166524,0.3647814121866873,0,0,0,1,256
115,115-5683635,1,2026-09-30,MoirAI,T115,1,0,0,30,0,1,1,0.002360080341158808,0.7098949435762627,300.792702348303,0.002601155542234973,0.0026224770253954048,0.002998066270482535,-0.10542363935424043,1.0,1.0,1.0,0.7666666666666667,0.7666666666666667,0,0,0,,,,,1,1,7,1.0,1.0,,,,,,,0,256,0.38671875,found,2,2,1,0,1,0,0,0,0,0,1,1,0,0,0,27.756412037037038,27.70548611111111,0,1,0,0,0,0,0,0,0,1,not_listed,0,0,,,,,0,0,0,0,Media & Voice AI,"Media, marketing & other",not_listed,,,,,,,486.74847222222223,355.70875,370.7366666666667,27.700694444444444,27.71736111111111,0.0,128.87291705500002,-128.87291705500002,1.2672885677434542,-211.649336972,1.996355216506609,-557.479792253,0,0.0,0.7166666666666667,0.0,0.0,0,-1.2315463970000002,0.0064034891459832715,0,0,,0,0,0,0,0,0,0,0,0,0.0,0.0009235108419029359,0,0,0.0,0.0009906633006008998,1268,0.5791478970621441,0.5970042921963244,0.04721230253069378,0.05178228962634324,0.017856395134180362,0.11812699349496893,0.027500064581922622,0.31480938529804253,0.13062805372540118,0.03032197059043928,0.30787953379220995,0.000523639,0.0005106377833333333,0.0005,0.146044512,290,2,17,0.06213149195861768,0.3386933934146808,19,0.05657270238559241,0.35858455614865353,1,1,0,1,256
116,116-8294730,1,2026-09-30,for sale,T116,1,1,0,30,0,1,1,0.0019877128515771707,0.5978895201183485,300.792702348303,0.004262374792479528,0.006891261380319076,0.0069366318171167635,-1.2432694853909414,1.0,1.0,1.0,0.7666666666666667,0.7666666666666667,0,0,0,,,,,1,1,7,1.0,1.0,,,,,,,0,256,0.0,not_listed,,,,,,,,,,,,,,,,,,,,,,,,,,,,not_listed,0,0,,,,,0,0,0,0,Miscellaneous,"Media, marketing & other",not_listed,,,,,,,123.81611111111111,123.81291666666667,,3.9518055555555556,3.9518055555555556,0.0,28.983145049,-28.983145049,0.1481042774682756,-108.573871413,0.37186764703167835,-1247.004165046,0,0.0,0.7166666666666667,0.0,0.0,0,-6.204183479,0.03411437799936232,0,0,,0,0,0,0,0,0,0,0,0,0.0,2.801655250620781e-05,0,0,0.0,3.496507807642554e-05,707,0.6374882830712012,0.6830544602341,0.07709865454213619,0.09986915005560543,0.04556617716289879,0.2032194584746224,0.06524742594054263,0.25318805882295903,0.09124510723007646,0.04340178409416067,0.21429215461712803,0.0005,0.0005022418833333334,0.0005022651208333334,0.044017089,87,103,10,0.0,0.3561643125002023,10,0.0,0.41922598156580454,1,1,0,1,256
117,117-5710859,1,2026-09-30,everyframe.studio,T117,1,0,0,30,0,0,0,0.0026382384803024283,0.7935628819294476,300.792702348303,0.003007130777950554,0.0028212649224430633,0.0025732884509145565,-0.06707388629423021,1.0,0.4874035949120298,0.4875,0.025,0.025,3,3,17,0.9996239769351396,0.9998119619488383,0.0,,2,2,30,0.8800131492439185,0.9358974358974359,,,,,,,0,131,0.030534351145038167,found,13,13,1,0,1,0,0,0,0,0,1,1,0,0,0,9.625775462962963,0.01765046296296296,6,1,1,0,1,1,0,0,0,4,live,1,0,,,,,0,0,0,1,Media & Voice AI,"Media, marketing & other",found,26,26.895810185185184,1,1,0,0,482.96625,364.2463888888889,9.269027777777778,9.190138888888889,9.190138888888889,0.0,0.0,0.0,0.0,0.0,0.0,0.0,0,0.5125,1.0,0.975,1.0,0,-1.702456781,0.007021104697732316,0,0,,0,0,0,0,0,0,0,0,0,0.2784569081335125,0.051309693016152735,1,0,0.4071364790226948,0.05453934765254338,1470,0.5085885455427893,0.5172271264821404,0.04107303119162235,0.043115675380597795,0.008638580939351149,0.4180167814497803,0.05597219981439904,0.0963402639374982,0.45111970509412525,0.040691235711048435,0.10240433802967584,0.05,0.9243840229625,0.999999999,0.2,5,1,9,0.04937634274441274,0.42042053395905143,8,0.8332686918054983,0.7286708672816887,1,1,1,1,256
118,118-5724794,1,2026-09-30,Ditto,T118,1,0,0,30,0,0,0,0.007273782864961613,2.1879008042465853,300.792702348303,0.008055283204895547,0.010048366861227339,0.009583664009961988,-0.323133624654521,1.0,0.226890756302521,0.226890756302521,0.057286799002516396,0.05416666666666667,41,39,23,0.14685363596120657,0.29462944140001335,0.0,,50,48,30,0.07464568548807506,0.11986277563665401,,,,,,,0,256,0.0,owner_only,1089,1153,16,795,30,1244,1334,10,890,31,25,19,11,27,57,154.44282407407408,0.03467592592592592,942,1,1,1,1,1,1,0,0,6,live,1,0,,,,,1,1,0,1,AI Agents & Automation,"Agents, data & search",found,1666,656.1375,68,54,58,20,481.03069444444446,344.6323611111111,36.253194444444446,153.30569444444444,153.30569444444444,0.0,0.0,0.0,0.0,25.0,0.0,25.0,1,0.775,1.0,0.95,1.0,1,83.387816956,0.014467338818385533,3,3,68.1521875,3,1,1,1,0,0,1,1,1,0.0,0.033698239849018714,0,0,0.0,0.030400436423643835,2090,0.3705059656839894,0.3803702464604649,0.03190514071839791,0.03492876154516798,0.009864280776475495,0.10386837858988764,0.01041546974059532,0.10817190253584565,0.08511854365414546,0.014284733414631687,0.11087981347074374,0.0005,0.0005028474000000001,0.0005053307416666667,0.033067761,66,115,12,0.6172040515041693,0.403035225358715,12,0.06771107799249503,0.514392167413663,1,0,0,1,256
119,119-5740660,1,2026-09-30,CapabilityForge Next,T119,1,0,0,30,0,1,1,0.002231550866562862,0.6712342155811406,300.792702348303,0.0025492657192847964,0.0026855565856614577,0.0029456713555165866,-0.18519120133938782,1.0,1.0,1.0,0.7666666666666667,0.7666666666666667,0,0,0,,,,,1,1,7,1.0,1.0,,,,,,,0,256,0.0,found,1,1,1,0,1,0,0,0,0,0,1,1,0,0,0,21.453703703703702,21.603854166666668,0,1,0,0,0,0,0,0,0,1,not_listed,0,0,,,,,0,0,0,0,Data & Database Construction,"Agents, data & search",not_listed,,,,,,,478.82708333333335,344.64125,368.645,21.413055555555555,21.413055555555555,0.0,131.947655999,-131.947655999,1.322052013445918,-233.113735017,2.042382911993912,-632.616754631,0,0.0,0.7166666666666667,0.0,0.0,0,-1.241384279,0.006568774458409301,0,0,,0,0,0,0,0,0,0,0,0,0.0,0.0068866879597849285,0,0,0.0,0.007419251208867985,1260,0.6203235006434471,0.6294026627825746,0.0633705802001525,0.06655076691644483,0.009079162139127475,0.11880339782647094,0.02719007783532026,0.3063816937864245,0.12677595874574493,0.031148984359696902,0.2983677475848611,0.0005,0.0005008540875,0.0005,0.012532611,24,2,11,0.06019339401072998,0.37383999358194686,11,0.05639523083414845,0.3975211319113268,1,1,0,1,256
120,120-5749344,1,2026-09-30,Affine,T120,1,0,0,30,0,0,0,0.046261579775335494,13.915145595524764,300.792702348303,0.04966862132010984,0.05284786091471333,0.05600097834012263,-0.1331054307054969,0.0,0.07916666666666666,0.07916666666666666,0.10010702638343598,0.09583333333333334,30,19,30,0.08538568801413732,0.1514816185854844,0.0,,30,25,29,0.06034245486826268,0.11854120475732714,,,,,,,6,256,0.046875,found,900,900,2,44,28,85,85,7,0,19,8,2,4,8,4,57.211597222222224,0.41574074074074074,0,1,0,0,1,0,0,0,0,2,server_error,,,,,,,,,,,AI Training & Model Improvement,Training & optimisation,found,2541,423.29452546296295,4,3,11,10,477.62097222222224,426.35,44.481944444444444,,477.62097222222224,0.0,0.0,0.0,0.0,0.0,0.0,-0.05570145,0,0.9208333333333333,1.0,0.9208333333333333,1.0,3,-167.38866455600004,0.004170029158649625,0,0,,0,0,0,0,0,0,1,1,4,0.12121628037479133,0.011330096906562474,0,0,0.1605931441189568,0.01512769420946824,5192,0.5309810517296768,0.5406876628839312,0.050343169817733804,0.05354846112097762,0.009706611154254467,0.21776026896983441,0.07946481348551265,0.04300104198128201,0.2096491610381437,0.08009021566672893,0.043852135993381565,0.838508093,0.8522093439583334,1.1463034807249999,333.934508416,609,644,2,0.9866775754655703,0.9750796913612387,4,0.8114608256682228,0.9687891825307382,1,0,0,1,256
121,121-5766528,1,2026-09-30,sundae_bar,T121,1,0,0,30,0,0,0,0.0038730949339621187,1.164998691637988,300.792702348303,0.0041559215932382414,0.004579625623090438,0.004630067702202346,-0.16756334113132423,0.6003839399199933,0.867105856219617,1.0,0.7799228225281695,1.0,17,14,13,0.18528415104238516,0.3252939822799699,0.0,,21,20,25,0.1346830597534541,0.23922952184141358,,,,,,,1,256,0.02734375,found,0,0,0,0,0,1,5,3,4,3,5,3,1,0,1,381.2057060185185,47.216944444444444,0,1,0,0,1,1,1,1,0,5,live,1,0,,,,,0,0,1,1,AI Agents & Automation,"Agents, data & search",found,1286,509.19300925925927,16,10,31,19,475.2343055555556,464.3965277777778,,,475.2343055555556,0.0,0.0,0.0,0.0,0.0,0.0,0.0,0,0.3333333333333333,1.0,0.6375,1.0,0,-7.95818801,0.0026463533988254637,3,2,262.87819444444443,3,0,2,0,1,0,0,0,0,0.7250558105606,0.04539576367472748,1,0,0.5083135703461404,0.04770326778041494,1549,0.81544446845954,0.8172600957137238,0.1799968091010564,0.18134789659742082,0.0018156272541838166,0.47451688483280974,0.03734024375028145,0.303340542767028,0.4531970744601654,0.055969275547179675,0.3006487367617744,0.0005,0.0005199655791666666,0.0005078467416666667,0.065341716,91,105,9,0.7365141424102657,0.5848506745488994,11,0.7103646535790624,0.5621200988290996,0,0,0,1,256
122,122-8238082,1,2026-09-30,CookingTAO,T122,1,0,0,30,0,0,0,0.004911759447615981,1.4774213975332189,300.792702348303,0.004360940895051876,0.004661477800468079,0.00467843549691885,0.05229969482661758,0.1035112775862217,0.9445217397830371,0.95,1.0,1.0,3,3,4,0.4141352443673562,0.559261381865464,0.0,,0,0,0,,,,,,,,,3,75,0.04,owner_only,7,7,1,0,4,5,6,1,0,3,1,1,0,0,0,245.62284722222222,7.358599537037037,0,1,1,1,0,1,0,1,0,5,live,1,0,,,,,0,0,0,0,DeFi & Crypto Infrastructure,DeFi & crypto infrastructure,found,426,367.23689814814816,23,19,48,29,131.6848611111111,131.67819444444444,,,131.6848611111111,0.0,0.0,0.0,0.0,0.0,0.0,0.0,0,0.10833333333333334,0.7166666666666667,0.0,0.0,0,-16.781320343,0.032702286154466145,0,0,,0,0,0,0,0,0,0,0,0,0.9363103563200222,0.11221867054262281,1,1,0.9150102284282858,0.12069708669044614,879,0.7636308593846831,0.7903673842456387,0.2433205301059943,0.269464972122655,0.02673652486095553,0.10194053659463928,0.03606995937919493,0.3335437261579438,0.16270941803298622,0.048150145600648106,0.3212813902183461,0.0005,0.2936633124125,0.999999999,0.086009165,68,3,9,0.31627788863580725,0.32873472534397746,5,0.321284654976342,0.32517353806444016,1,1,0,1,256
123,123-5794330,1,2026-09-30,MANTIS,T123,2,0,0,30,0,0,0,0.0022773508432225617,0.6850105143281009,300.792702348303,0.0024597514972584966,0.0026190183163161524,0.0026694730751493775,-0.13978670257351747,0.4668154700193554,0.3986894052951053,0.0,0.385005374464284,0.0,253,93,30,0.045291348812703545,0.10612345416813632,0.0,,266,102,30,0.03903050796428884,0.0878685758690986,,,,,,,246,256,0.0,found,6,6,1,0,3,2,2,1,0,2,1,3,20,18,20,474.29809027777776,0.16109953703703703,0,1,0,0,1,0,1,1,0,4,live,1,1,27,0,0,1,0,0,0,1,Financial Markets & Investing,Finance & forecasting,not_listed,,,,,,,471.3725,464.37069444444444,,83.10527777777777,471.3725,0.0,0.0,0.0,0.0,-87.878941247,0.8226517463547715,-240.362749621,0,1.0,1.0,1.0,1.0,0,-0.985427069,0.002958480080288506,1,1,341.85261574074076,2,1,0,0,0,0,0,0,0,0.3890253416028026,0.07843249364826697,1,0,0.42786508409831553,0.08241597002394935,1972,0.6574777188668738,0.6654391786383003,0.2147154981906633,0.22203429220272056,0.007961459771426451,0.45497406744136487,0.166737683669808,0.0722741407031137,0.41735141361510714,0.1593016084766649,0.06764944001914722,0.15,0.15016914974999998,0.15071243110416666,1.237911439,8,29,11,0.5758099674807269,0.46295471329160104,12,0.659772133360747,0.5340185635868298,1,0,0,1,256
124,124-5813454,1,2026-09-30,Swarm,T124,1,0,0,30,0,0,0,0.00950766566654436,2.8598364488640575,300.792702348303,0.010787605251181104,0.011864419114798958,0.011193331533602056,-0.22144554531741542,0.0,0.0,0.0,0.0,0.0,72,22,30,0.09615631619417171,0.22738002474159094,0.0,,77,22,30,0.10254142354602176,0.18297768089244834,,,,,,,25,256,0.01953125,found,191,295,4,112,27,91,93,4,10,22,6,5,38,30,587,468.70265046296294,2.379097222222222,0,1,1,1,1,1,1,1,1,8,live,1,0,,,,,0,0,0,0,Robotics & Physical AI,Science & robotics,found,2168,463.70652777777775,25,18,40,18,468.7163888888889,461.3665277777778,190.3022222222222,,468.7163888888889,0.0,0.0,0.0,0.0,0.0,0.0,-9.56162918,0,1.0,1.0,1.0,1.0,1,-16.814341044000003,0.004669120394640674,2,2,137.4792476851852,2,1,1,0,0,0,1,1,0,0.0,0.20537757730175604,0,0,0.0,0.2160378749480662,2053,0.7227497433816596,0.7299819811597994,0.10677120788145107,0.11039065206172419,0.00723223777813973,0.35132342581373444,0.04950510001943469,0.18422461787408875,0.32454574453486545,0.041461274568897526,0.19378695318896125,0.507793023,0.5087024095541667,0.5148154876583333,131.51012747,262,268,10,0.7381235741486667,0.5734822267373036,12,0.6663369805247397,0.491623257569916,1,0,0,1,256
125,125-5834408,1,2026-09-30,Refinery,T123,2,0,0,30,0,0,0,0.0027761892580743714,0.8350574691665206,300.792702348303,0.0030519852277085748,0.0030879954017275675,0.0032252008700285836,-0.10644292622315822,0.0,0.425,0.425,1.0,1.0,1,1,18,1.0,1.0,1.0,1,0,0,0,,,,,,,,,1,256,0.0,found,13,13,1,0,5,0,0,0,0,0,1,1,1,0,1,24.77659722222222,13.863113425925926,0,1,0,0,1,0,1,0,0,3,live,1,0,,,,,0,0,0,0,AI Training & Model Improvement,Training & optimisation,not_listed,,,,,,,465.80611111111114,450.16013888888887,,23.04083333333333,23.04083333333333,0.0,51.98255768,-51.98255768,0.46274160732455893,-60.101017356999996,0.4884494743981841,-260.22163932,0,0.575,0.7166666666666667,0.0,0.0,0,-1.031657677,0.0028100702623172877,0,0,,0,0,0,0,0,0,0,0,0,0.6179093752726301,0.050238685668507505,1,0,0.11560762584941287,0.010731421560160537,1337,0.6625725079301706,0.6664512479100337,0.11146612428060688,0.11376093420564379,0.0038787399798630943,0.02047874653975757,0.078777771375889,0.29023653983130726,0.05452077607205241,0.07883133106870892,0.2963027249450932,0.0005,0.00057207815,0.0005040859708333334,0.147844706,62,98,13,0.0,0.2510818006193571,15,0.0,0.17436078533820806,1,0,0,1,256
126,126-7525773,1,2026-09-30,Attelier,T126,1,0,0,30,0,0,0,0.004318640067759208,1.2990154164509506,300.792702348303,0.004387828745171022,0.004369456551346561,0.004753402172157866,-0.01169808884812639,1.0,0.9333333333333333,0.9333333333333333,0.2433128335949732,0.19166666666666668,2,2,2,0.9047446003531889,0.9498580889309364,0.5,1,6,5,30,0.3604573405672669,0.4745153672526811,,,,,,,0,256,0.0,dead,,,,,,,,,,,,,,,,,,,,,,,,,,,,live,1,1,4,1,0,1,1,1,0,0,Media & Voice AI,"Media, marketing & other",found,454,292.6299074074074,9,3,10,4,230.7613888888889,223.4575,,14.514444444444445,14.514444444444445,0.0,0.0,0.0,0.0,0.0,0.0,-5.691128192,0,0.05416666666666667,0.7708333333333334,1.0,1.0,1,50.198575195,0.02079929878912727,0,0,,0,0,0,0,0,0,0,0,0,0.39481961677374694,0.0005498896403573604,1,0,0.47713786756483373,0.000617007477263906,1270,0.8376521748295518,0.8411956540806783,0.38959234008201343,0.39396742934746504,0.0035434792511265345,0.334455167541541,0.21635654205868682,0.23860200445851273,0.3097709918663875,0.2008814147211107,0.2212159954689658,0.2,0.2,0.20095982715416666,0.6,3,48,11,0.0,0.2937048185371045,11,0.0,0.3275014517932327,1,0,0,1,256
127,127-5848837,1,2026-09-30,Astrid,T127,1,0,0,30,0,0,0,0.002297618070624299,0.691106748427377,300.792702348303,0.002565059970459213,0.0029141615877745866,0.002987182572329027,-0.23770919361651596,0.706221962114796,0.8727076517582949,1.0,0.8783369652141119,1.0,3,3,13,0.46000669363465213,0.6000104897076527,0.0,,3,3,13,0.4600092821139673,0.6000124385388406,,,,,,,3,256,0.0,found,1,2,1,0,2,0,0,0,0,0,1,2,4,1,4,288.42260416666664,8.061944444444444,0,1,1,0,1,1,0,1,0,5,live,1,0,,,,,0,0,0,0,Financial Markets & Investing,Finance & forecasting,found,7664,2067.285659722222,1,1,4,4,463.8020833333333,451.35791666666665,324.34375,301.2920833217601,301.2920833217601,0.0,0.0,0.0,0.0,0.0,0.0,0.0,0,0.43333333333333335,1.0,0.42083333333333334,1.0,0,-0.8584251999999999,0.003297512773884063,1,1,296.3110648148148,1,0,0,1,0,0,0,0,0,0.0,0.0012866008992242577,0,0,0.0,0.001354607525294247,1527,0.6488817731163768,0.6500187747098901,0.19174622146100154,0.19272403890739936,0.0011370015935133183,0.026719922521495344,0.010592089184032297,0.2986448906564181,0.0032619152606551426,0.001367994333199885,0.29551765499089017,0.0005,0.000505616,0.0005017781208333333,0.016129836,24,28,13,0.5688120445953738,0.40293072436462735,12,0.5018578953025735,0.40576454242996607,0,0,0,1,256
128,128-5856038,1,2026-09-30,ByteLeap,T128,1,0,0,30,0,0,0,0.002786847367355918,0.8382633506592405,300.792702348303,0.00284289638904747,0.002909187258496354,0.0029642958477706415,-0.04296276848990135,0.0,0.0,0.0,0.0,0.0,15,14,30,0.10786262037674421,0.1661683496332147,0.0,,21,17,30,0.07935529189096095,0.14063155670872915,,,,,,,11,256,0.0,found,0,0,0,0,0,2,2,1,0,1,1,1,3,6,3,379.36560185185186,50.91082175925926,6,1,1,0,1,0,1,1,0,5,live,1,0,,,,,0,0,0,1,"Compute, Storage & Network Infrastructure",Compute & inference,found,292,441.78109953703705,5,4,12,5,462.8019444444444,432.3330555555556,,,462.8019444444444,0.0,0.0,0.0,0.0,0.0,0.0,0.0,0,1.0,1.0,0.575,0.575,0,-1.090904724,0.0031300655162911977,0,0,,0,0,0,0,0,0,0,0,0,0.0,0.0008491359858171219,0,0,0.0,0.0008938012929775723,1387,0.817935813694886,0.8190536444642885,0.1392246213022051,0.139846724481174,0.0011178307694025419,0.27667129173796695,0.17303676025088938,0.04184627413472459,0.2726665568222055,0.16753355537198691,0.04404742532719145,0.0005,0.0005,0.0005,0.001,2,3,29,0.26928431005165704,0.3179834033976044,31,0.24051626833859183,0.3650117864679742,0,0,0,1,256
